<?xml version="1.0" encoding="UTF-8"?>
<vivadoHLSLog:LogRoot xmlns:vivadoHLSLog="www.xilinx.com/vivadoHLSLog">
  <errorLogs>
    <logs>
      <synLog/>
      <simLog/>
      <mgLog/>
      <packageLog>
        <logs message="ERROR: [IMPL 213-28] Failed to generate IP.&#xD;&#xA;command 'ap_source' returned error code&#xD;&#xA;    while executing&#xD;&#xA;&quot;source C:/xup/hls/labs/matrixmul.prj/solution1/export.tcl&quot;&#xD;&#xA;    invoked from within&#xD;&#xA;&quot;hls::main C:/xup/hls/labs/matrixmul.prj/solution1/export.tcl&quot;&#xD;&#xA;    (&quot;uplevel&quot; body line 1)&#xD;&#xA;    invoked from within&#xD;&#xA;&quot;uplevel 1 hls::main {*}$args&quot;&#xD;&#xA;    (procedure &quot;hls_proc&quot; line 5)&#xD;&#xA;    invoked from within&#xD;&#xA;&quot;hls_proc $argv&quot;&#xD;&#xA;" projectName="matrixmul.prj" solutionName="solution1" date="2024-11-01T16:48:02.790-0400"/>
        <logs message="ERROR: [IMPL 213-28] Failed to generate IP.&#xD;&#xA;command 'ap_source' returned error code&#xD;&#xA;    while executing&#xD;&#xA;&quot;source C:/xup/hls/labs/matrixmul.prj/solution1/export.tcl&quot;&#xD;&#xA;    invoked from within&#xD;&#xA;&quot;hls::main C:/xup/hls/labs/matrixmul.prj/solution1/export.tcl&quot;&#xD;&#xA;    (&quot;uplevel&quot; body line 1)&#xD;&#xA;    invoked from within&#xD;&#xA;&quot;uplevel 1 hls::main {*}$args&quot;&#xD;&#xA;    (procedure &quot;hls_proc&quot; line 5)&#xD;&#xA;    invoked from within&#xD;&#xA;&quot;hls_proc $argv&quot;&#xD;&#xA;" projectName="matrixmul.prj" solutionName="solution1" date="2024-11-01T16:46:38.916-0400"/>
      </packageLog>
      <csimLog/>
    </logs>
  </errorLogs>
  <warningLogs>
    <logs>
      <synLog/>
      <simLog/>
      <mgLog/>
      <packageLog/>
      <csimLog/>
    </logs>
  </warningLogs>
</vivadoHLSLog:LogRoot>
