<stg><name>dct</name>


<trans_list>

<trans id="49" from="1" to="2">
<condition id="0">
<or_exp><and_exp></and_exp></or_exp>
</condition>
</trans>

<trans id="50" from="2" to="3">
<condition id="1">
<or_exp><and_exp></and_exp></or_exp>
</condition>
</trans>

<trans id="51" from="3" to="4">
<condition id="2">
<or_exp><and_exp></and_exp></or_exp>
</condition>
</trans>

<trans id="52" from="4" to="5">
<condition id="3">
<or_exp><and_exp></and_exp></or_exp>
</condition>
</trans>

<trans id="53" from="5" to="6">
<condition id="4">
<or_exp><and_exp></and_exp></or_exp>
</condition>
</trans>

<trans id="54" from="6" to="7">
<condition id="5">
<or_exp><and_exp></and_exp></or_exp>
</condition>
</trans>

<trans id="55" from="7" to="8">
<condition id="6">
<or_exp><and_exp></and_exp></or_exp>
</condition>
</trans>

<trans id="56" from="8" to="9">
<condition id="7">
<or_exp><and_exp></and_exp></or_exp>
</condition>
</trans>

<trans id="57" from="9" to="10">
<condition id="8">
<or_exp><and_exp></and_exp></or_exp>
</condition>
</trans>

<trans id="58" from="10" to="11">
<condition id="9">
<or_exp><and_exp></and_exp></or_exp>
</condition>
</trans>

<trans id="59" from="11" to="12">
<condition id="10">
<or_exp><and_exp></and_exp></or_exp>
</condition>
</trans>
</trans_list>



<state_list>

<state id="1" st_id="1">

<operation id="13" st_id="1" stage="1" lat="1">
<core>NULL</core>
<MemPortIdVec></MemPortIdVec>
<condition id="-1">
<or_exp><and_exp></and_exp></or_exp>
</condition>

<Node id="14" bw="16" op_0_bw="32">
<![CDATA[
codeRepl:3  %row_outbuf_i = alloca [64 x i16], align 2

]]></Node>
<StgValue><ssdm name="row_outbuf_i"/></StgValue>
</operation>

<operation id="14" st_id="1" stage="1" lat="1">
<core>NULL</core>
<MemPortIdVec></MemPortIdVec>
<condition id="-1">
<or_exp><and_exp></and_exp></or_exp>
</condition>

<Node id="15" bw="16" op_0_bw="32">
<![CDATA[
codeRepl:4  %col_outbuf_i = alloca [64 x i16], align 2

]]></Node>
<StgValue><ssdm name="col_outbuf_i"/></StgValue>
</operation>

<operation id="15" st_id="1" stage="1" lat="1">
<core>NULL</core>
<MemPortIdVec></MemPortIdVec>
<condition id="-1">
<or_exp><and_exp></and_exp></or_exp>
</condition>

<Node id="16" bw="16" op_0_bw="32">
<![CDATA[
codeRepl:5  %col_inbuf_0 = alloca [8 x i16], align 2

]]></Node>
<StgValue><ssdm name="col_inbuf_0"/></StgValue>
</operation>

<operation id="16" st_id="1" stage="1" lat="1">
<core>NULL</core>
<MemPortIdVec></MemPortIdVec>
<condition id="-1">
<or_exp><and_exp></and_exp></or_exp>
</condition>

<Node id="17" bw="16" op_0_bw="32">
<![CDATA[
codeRepl:6  %col_inbuf_1 = alloca [8 x i16], align 2

]]></Node>
<StgValue><ssdm name="col_inbuf_1"/></StgValue>
</operation>

<operation id="17" st_id="1" stage="1" lat="1">
<core>NULL</core>
<MemPortIdVec></MemPortIdVec>
<condition id="-1">
<or_exp><and_exp></and_exp></or_exp>
</condition>

<Node id="18" bw="16" op_0_bw="32">
<![CDATA[
codeRepl:7  %col_inbuf_2 = alloca [8 x i16], align 2

]]></Node>
<StgValue><ssdm name="col_inbuf_2"/></StgValue>
</operation>

<operation id="18" st_id="1" stage="1" lat="1">
<core>NULL</core>
<MemPortIdVec></MemPortIdVec>
<condition id="-1">
<or_exp><and_exp></and_exp></or_exp>
</condition>

<Node id="19" bw="16" op_0_bw="32">
<![CDATA[
codeRepl:8  %col_inbuf_3 = alloca [8 x i16], align 2

]]></Node>
<StgValue><ssdm name="col_inbuf_3"/></StgValue>
</operation>

<operation id="19" st_id="1" stage="1" lat="1">
<core>NULL</core>
<MemPortIdVec></MemPortIdVec>
<condition id="-1">
<or_exp><and_exp></and_exp></or_exp>
</condition>

<Node id="20" bw="16" op_0_bw="32">
<![CDATA[
codeRepl:9  %col_inbuf_4 = alloca [8 x i16], align 2

]]></Node>
<StgValue><ssdm name="col_inbuf_4"/></StgValue>
</operation>

<operation id="20" st_id="1" stage="1" lat="1">
<core>NULL</core>
<MemPortIdVec></MemPortIdVec>
<condition id="-1">
<or_exp><and_exp></and_exp></or_exp>
</condition>

<Node id="21" bw="16" op_0_bw="32">
<![CDATA[
codeRepl:10  %col_inbuf_5 = alloca [8 x i16], align 2

]]></Node>
<StgValue><ssdm name="col_inbuf_5"/></StgValue>
</operation>

<operation id="21" st_id="1" stage="1" lat="1">
<core>NULL</core>
<MemPortIdVec></MemPortIdVec>
<condition id="-1">
<or_exp><and_exp></and_exp></or_exp>
</condition>

<Node id="22" bw="16" op_0_bw="32">
<![CDATA[
codeRepl:11  %col_inbuf_6 = alloca [8 x i16], align 2

]]></Node>
<StgValue><ssdm name="col_inbuf_6"/></StgValue>
</operation>

<operation id="22" st_id="1" stage="1" lat="1">
<core>NULL</core>
<MemPortIdVec></MemPortIdVec>
<condition id="-1">
<or_exp><and_exp></and_exp></or_exp>
</condition>

<Node id="23" bw="16" op_0_bw="32">
<![CDATA[
codeRepl:12  %col_inbuf_7 = alloca [8 x i16], align 2

]]></Node>
<StgValue><ssdm name="col_inbuf_7"/></StgValue>
</operation>

<operation id="23" st_id="1" stage="1" lat="1">
<core>NULL</core>
<MemPortIdVec></MemPortIdVec>
<condition id="-1">
<or_exp><and_exp></and_exp></or_exp>
</condition>

<Node id="25" bw="16" op_0_bw="32">
<![CDATA[
codeRepl:14  %buf_2d_in_0 = alloca [8 x i16], align 2

]]></Node>
<StgValue><ssdm name="buf_2d_in_0"/></StgValue>
</operation>

<operation id="24" st_id="1" stage="1" lat="1">
<core>NULL</core>
<MemPortIdVec></MemPortIdVec>
<condition id="-1">
<or_exp><and_exp></and_exp></or_exp>
</condition>

<Node id="26" bw="16" op_0_bw="32">
<![CDATA[
codeRepl:15  %buf_2d_in_1 = alloca [8 x i16], align 2

]]></Node>
<StgValue><ssdm name="buf_2d_in_1"/></StgValue>
</operation>

<operation id="25" st_id="1" stage="1" lat="1">
<core>NULL</core>
<MemPortIdVec></MemPortIdVec>
<condition id="-1">
<or_exp><and_exp></and_exp></or_exp>
</condition>

<Node id="27" bw="16" op_0_bw="32">
<![CDATA[
codeRepl:16  %buf_2d_in_2 = alloca [8 x i16], align 2

]]></Node>
<StgValue><ssdm name="buf_2d_in_2"/></StgValue>
</operation>

<operation id="26" st_id="1" stage="1" lat="1">
<core>NULL</core>
<MemPortIdVec></MemPortIdVec>
<condition id="-1">
<or_exp><and_exp></and_exp></or_exp>
</condition>

<Node id="28" bw="16" op_0_bw="32">
<![CDATA[
codeRepl:17  %buf_2d_in_3 = alloca [8 x i16], align 2

]]></Node>
<StgValue><ssdm name="buf_2d_in_3"/></StgValue>
</operation>

<operation id="27" st_id="1" stage="1" lat="1">
<core>NULL</core>
<MemPortIdVec></MemPortIdVec>
<condition id="-1">
<or_exp><and_exp></and_exp></or_exp>
</condition>

<Node id="29" bw="16" op_0_bw="32">
<![CDATA[
codeRepl:18  %buf_2d_in_4 = alloca [8 x i16], align 2

]]></Node>
<StgValue><ssdm name="buf_2d_in_4"/></StgValue>
</operation>

<operation id="28" st_id="1" stage="1" lat="1">
<core>NULL</core>
<MemPortIdVec></MemPortIdVec>
<condition id="-1">
<or_exp><and_exp></and_exp></or_exp>
</condition>

<Node id="30" bw="16" op_0_bw="32">
<![CDATA[
codeRepl:19  %buf_2d_in_5 = alloca [8 x i16], align 2

]]></Node>
<StgValue><ssdm name="buf_2d_in_5"/></StgValue>
</operation>

<operation id="29" st_id="1" stage="1" lat="1">
<core>NULL</core>
<MemPortIdVec></MemPortIdVec>
<condition id="-1">
<or_exp><and_exp></and_exp></or_exp>
</condition>

<Node id="31" bw="16" op_0_bw="32">
<![CDATA[
codeRepl:20  %buf_2d_in_6 = alloca [8 x i16], align 2

]]></Node>
<StgValue><ssdm name="buf_2d_in_6"/></StgValue>
</operation>

<operation id="30" st_id="1" stage="1" lat="1">
<core>NULL</core>
<MemPortIdVec></MemPortIdVec>
<condition id="-1">
<or_exp><and_exp></and_exp></or_exp>
</condition>

<Node id="32" bw="16" op_0_bw="32">
<![CDATA[
codeRepl:21  %buf_2d_in_7 = alloca [8 x i16], align 2

]]></Node>
<StgValue><ssdm name="buf_2d_in_7"/></StgValue>
</operation>

<operation id="31" st_id="1" stage="1" lat="1">
<core>NULL</core>
<MemPortIdVec></MemPortIdVec>
<condition id="-1">
<or_exp><and_exp></and_exp></or_exp>
</condition>

<Node id="33" bw="16" op_0_bw="32">
<![CDATA[
codeRepl:22  %buf_2d_out = alloca [64 x i16], align 2

]]></Node>
<StgValue><ssdm name="buf_2d_out"/></StgValue>
</operation>

<operation id="32" st_id="1" stage="2" lat="2">
<core></core>
<MemPortIdVec></MemPortIdVec>
<condition id="-1">
<or_exp><and_exp></and_exp></or_exp>
</condition>

<Node id="34" bw="0" op_0_bw="0" op_1_bw="16" op_2_bw="16" op_3_bw="16" op_4_bw="16" op_5_bw="16" op_6_bw="16" op_7_bw="16" op_8_bw="16" op_9_bw="16">
<![CDATA[
codeRepl:23  call fastcc void @read_data([64 x i16]* %input_r, [8 x i16]* %buf_2d_in_0, [8 x i16]* %buf_2d_in_1, [8 x i16]* %buf_2d_in_2, [8 x i16]* %buf_2d_in_3, [8 x i16]* %buf_2d_in_4, [8 x i16]* %buf_2d_in_5, [8 x i16]* %buf_2d_in_6, [8 x i16]* %buf_2d_in_7) nounwind

]]></Node>
<StgValue><ssdm name=""/></StgValue>
</operation>
</state>

<state id="2" st_id="2">

<operation id="33" st_id="2" stage="1" lat="2">
<core></core>
<MemPortIdVec></MemPortIdVec>
<condition id="-1">
<or_exp><and_exp></and_exp></or_exp>
</condition>

<Node id="34" bw="0" op_0_bw="0" op_1_bw="16" op_2_bw="16" op_3_bw="16" op_4_bw="16" op_5_bw="16" op_6_bw="16" op_7_bw="16" op_8_bw="16" op_9_bw="16">
<![CDATA[
codeRepl:23  call fastcc void @read_data([64 x i16]* %input_r, [8 x i16]* %buf_2d_in_0, [8 x i16]* %buf_2d_in_1, [8 x i16]* %buf_2d_in_2, [8 x i16]* %buf_2d_in_3, [8 x i16]* %buf_2d_in_4, [8 x i16]* %buf_2d_in_5, [8 x i16]* %buf_2d_in_6, [8 x i16]* %buf_2d_in_7) nounwind

]]></Node>
<StgValue><ssdm name=""/></StgValue>
</operation>
</state>

<state id="3" st_id="3">

<operation id="34" st_id="3" stage="2" lat="2">
<core></core>
<MemPortIdVec></MemPortIdVec>
<condition id="-1">
<or_exp><and_exp></and_exp></or_exp>
</condition>

<Node id="35" bw="0" op_0_bw="0" op_1_bw="16" op_2_bw="16" op_3_bw="16" op_4_bw="16" op_5_bw="16" op_6_bw="16" op_7_bw="16" op_8_bw="16" op_9_bw="16">
<![CDATA[
codeRepl:24  call fastcc void @Loop_Row_DCT_Loop_pr([8 x i16]* %buf_2d_in_0, [8 x i16]* %buf_2d_in_1, [8 x i16]* %buf_2d_in_2, [8 x i16]* %buf_2d_in_3, [8 x i16]* %buf_2d_in_4, [8 x i16]* %buf_2d_in_5, [8 x i16]* %buf_2d_in_6, [8 x i16]* %buf_2d_in_7, [64 x i16]* %row_outbuf_i)

]]></Node>
<StgValue><ssdm name=""/></StgValue>
</operation>
</state>

<state id="4" st_id="4">

<operation id="35" st_id="4" stage="1" lat="2">
<core></core>
<MemPortIdVec></MemPortIdVec>
<condition id="-1">
<or_exp><and_exp></and_exp></or_exp>
</condition>

<Node id="35" bw="0" op_0_bw="0" op_1_bw="16" op_2_bw="16" op_3_bw="16" op_4_bw="16" op_5_bw="16" op_6_bw="16" op_7_bw="16" op_8_bw="16" op_9_bw="16">
<![CDATA[
codeRepl:24  call fastcc void @Loop_Row_DCT_Loop_pr([8 x i16]* %buf_2d_in_0, [8 x i16]* %buf_2d_in_1, [8 x i16]* %buf_2d_in_2, [8 x i16]* %buf_2d_in_3, [8 x i16]* %buf_2d_in_4, [8 x i16]* %buf_2d_in_5, [8 x i16]* %buf_2d_in_6, [8 x i16]* %buf_2d_in_7, [64 x i16]* %row_outbuf_i)

]]></Node>
<StgValue><ssdm name=""/></StgValue>
</operation>
</state>

<state id="5" st_id="5">

<operation id="36" st_id="5" stage="2" lat="2">
<core></core>
<MemPortIdVec></MemPortIdVec>
<condition id="-1">
<or_exp><and_exp></and_exp></or_exp>
</condition>

<Node id="36" bw="0" op_0_bw="0" op_1_bw="16" op_2_bw="16" op_3_bw="16" op_4_bw="16" op_5_bw="16" op_6_bw="16" op_7_bw="16" op_8_bw="16" op_9_bw="16">
<![CDATA[
codeRepl:25  call fastcc void @Loop_Xpose_Row_Outer([64 x i16]* %row_outbuf_i, [8 x i16]* %col_inbuf_0, [8 x i16]* %col_inbuf_1, [8 x i16]* %col_inbuf_2, [8 x i16]* %col_inbuf_3, [8 x i16]* %col_inbuf_4, [8 x i16]* %col_inbuf_5, [8 x i16]* %col_inbuf_6, [8 x i16]* %col_inbuf_7)

]]></Node>
<StgValue><ssdm name=""/></StgValue>
</operation>
</state>

<state id="6" st_id="6">

<operation id="37" st_id="6" stage="1" lat="2">
<core></core>
<MemPortIdVec></MemPortIdVec>
<condition id="-1">
<or_exp><and_exp></and_exp></or_exp>
</condition>

<Node id="36" bw="0" op_0_bw="0" op_1_bw="16" op_2_bw="16" op_3_bw="16" op_4_bw="16" op_5_bw="16" op_6_bw="16" op_7_bw="16" op_8_bw="16" op_9_bw="16">
<![CDATA[
codeRepl:25  call fastcc void @Loop_Xpose_Row_Outer([64 x i16]* %row_outbuf_i, [8 x i16]* %col_inbuf_0, [8 x i16]* %col_inbuf_1, [8 x i16]* %col_inbuf_2, [8 x i16]* %col_inbuf_3, [8 x i16]* %col_inbuf_4, [8 x i16]* %col_inbuf_5, [8 x i16]* %col_inbuf_6, [8 x i16]* %col_inbuf_7)

]]></Node>
<StgValue><ssdm name=""/></StgValue>
</operation>
</state>

<state id="7" st_id="7">

<operation id="38" st_id="7" stage="2" lat="2">
<core></core>
<MemPortIdVec></MemPortIdVec>
<condition id="-1">
<or_exp><and_exp></and_exp></or_exp>
</condition>

<Node id="37" bw="0" op_0_bw="0" op_1_bw="16" op_2_bw="16" op_3_bw="16" op_4_bw="16" op_5_bw="16" op_6_bw="16" op_7_bw="16" op_8_bw="16" op_9_bw="16">
<![CDATA[
codeRepl:26  call fastcc void @Loop_Col_DCT_Loop_pr([8 x i16]* %col_inbuf_0, [8 x i16]* %col_inbuf_1, [8 x i16]* %col_inbuf_2, [8 x i16]* %col_inbuf_3, [8 x i16]* %col_inbuf_4, [8 x i16]* %col_inbuf_5, [8 x i16]* %col_inbuf_6, [8 x i16]* %col_inbuf_7, [64 x i16]* %col_outbuf_i)

]]></Node>
<StgValue><ssdm name=""/></StgValue>
</operation>
</state>

<state id="8" st_id="8">

<operation id="39" st_id="8" stage="1" lat="2">
<core></core>
<MemPortIdVec></MemPortIdVec>
<condition id="-1">
<or_exp><and_exp></and_exp></or_exp>
</condition>

<Node id="37" bw="0" op_0_bw="0" op_1_bw="16" op_2_bw="16" op_3_bw="16" op_4_bw="16" op_5_bw="16" op_6_bw="16" op_7_bw="16" op_8_bw="16" op_9_bw="16">
<![CDATA[
codeRepl:26  call fastcc void @Loop_Col_DCT_Loop_pr([8 x i16]* %col_inbuf_0, [8 x i16]* %col_inbuf_1, [8 x i16]* %col_inbuf_2, [8 x i16]* %col_inbuf_3, [8 x i16]* %col_inbuf_4, [8 x i16]* %col_inbuf_5, [8 x i16]* %col_inbuf_6, [8 x i16]* %col_inbuf_7, [64 x i16]* %col_outbuf_i)

]]></Node>
<StgValue><ssdm name=""/></StgValue>
</operation>
</state>

<state id="9" st_id="9">

<operation id="40" st_id="9" stage="2" lat="2">
<core></core>
<MemPortIdVec></MemPortIdVec>
<condition id="-1">
<or_exp><and_exp></and_exp></or_exp>
</condition>

<Node id="38" bw="0" op_0_bw="0" op_1_bw="16" op_2_bw="16">
<![CDATA[
codeRepl:27  call fastcc void @Loop_Xpose_Col_Outer([64 x i16]* %col_outbuf_i, [64 x i16]* %buf_2d_out)

]]></Node>
<StgValue><ssdm name=""/></StgValue>
</operation>
</state>

<state id="10" st_id="10">

<operation id="41" st_id="10" stage="1" lat="2">
<core></core>
<MemPortIdVec></MemPortIdVec>
<condition id="-1">
<or_exp><and_exp></and_exp></or_exp>
</condition>

<Node id="38" bw="0" op_0_bw="0" op_1_bw="16" op_2_bw="16">
<![CDATA[
codeRepl:27  call fastcc void @Loop_Xpose_Col_Outer([64 x i16]* %col_outbuf_i, [64 x i16]* %buf_2d_out)

]]></Node>
<StgValue><ssdm name=""/></StgValue>
</operation>
</state>

<state id="11" st_id="11">

<operation id="42" st_id="11" stage="2" lat="2">
<core></core>
<MemPortIdVec></MemPortIdVec>
<condition id="-1">
<or_exp><and_exp></and_exp></or_exp>
</condition>

<Node id="39" bw="0" op_0_bw="0" op_1_bw="16" op_2_bw="16">
<![CDATA[
codeRepl:28  call fastcc void @write_data([64 x i16]* %buf_2d_out, [64 x i16]* %output_r) nounwind

]]></Node>
<StgValue><ssdm name=""/></StgValue>
</operation>
</state>

<state id="12" st_id="12">

<operation id="43" st_id="12" stage="1" lat="1">
<core>NULL</core>
<MemPortIdVec></MemPortIdVec>
<condition id="-1">
<or_exp><and_exp></and_exp></or_exp>
</condition>

<Node id="11" bw="0" op_0_bw="0" op_1_bw="32" op_2_bw="0">
<![CDATA[
codeRepl:0  call void (...)* @_ssdm_op_SpecDataflowPipeline(i32 -1, [1 x i8]* @p_str1) nounwind

]]></Node>
<StgValue><ssdm name=""/></StgValue>
</operation>

<operation id="44" st_id="12" stage="1" lat="1">
<core>NULL</core>
<MemPortIdVec></MemPortIdVec>
<condition id="-1">
<or_exp><and_exp></and_exp></or_exp>
</condition>

<Node id="12" bw="0" op_0_bw="0" op_1_bw="16">
<![CDATA[
codeRepl:1  call void (...)* @_ssdm_op_SpecBitsMap([64 x i16]* %input_r) nounwind, !map !19

]]></Node>
<StgValue><ssdm name=""/></StgValue>
</operation>

<operation id="45" st_id="12" stage="1" lat="1">
<core>NULL</core>
<MemPortIdVec></MemPortIdVec>
<condition id="-1">
<or_exp><and_exp></and_exp></or_exp>
</condition>

<Node id="13" bw="0" op_0_bw="0" op_1_bw="16">
<![CDATA[
codeRepl:2  call void (...)* @_ssdm_op_SpecBitsMap([64 x i16]* %output_r) nounwind, !map !25

]]></Node>
<StgValue><ssdm name=""/></StgValue>
</operation>

<operation id="46" st_id="12" stage="1" lat="1">
<core>NULL</core>
<MemPortIdVec></MemPortIdVec>
<condition id="-1">
<or_exp><and_exp></and_exp></or_exp>
</condition>

<Node id="24" bw="0" op_0_bw="0" op_1_bw="0">
<![CDATA[
codeRepl:13  call void (...)* @_ssdm_op_SpecTopModule([4 x i8]* @dct_str) nounwind

]]></Node>
<StgValue><ssdm name=""/></StgValue>
</operation>

<operation id="47" st_id="12" stage="1" lat="2">
<core></core>
<MemPortIdVec></MemPortIdVec>
<condition id="-1">
<or_exp><and_exp></and_exp></or_exp>
</condition>

<Node id="39" bw="0" op_0_bw="0" op_1_bw="16" op_2_bw="16">
<![CDATA[
codeRepl:28  call fastcc void @write_data([64 x i16]* %buf_2d_out, [64 x i16]* %output_r) nounwind

]]></Node>
<StgValue><ssdm name=""/></StgValue>
</operation>

<operation id="48" st_id="12" stage="1" lat="1">
<core>NULL</core>
<MemPortIdVec></MemPortIdVec>
<condition id="-1">
<or_exp><and_exp></and_exp></or_exp>
</condition>

<Node id="40" bw="0">
<![CDATA[
codeRepl:29  ret void

]]></Node>
<StgValue><ssdm name=""/></StgValue>
</operation>
</state>
</state_list>


<ports>
</ports>


<dataflows>
</dataflows>


</stg>
