<profile>

<section name = "Vivado HLS Report for 'Loop_Row_DCT_Loop_pr'" level="0">
<item name = "Date">Fri Nov 01 17:01:43 2024
</item>
<item name = "Version">2016.3 (Build 1682563 on Mon Oct 10 19:41:59 MDT 2016)</item>
<item name = "Project">dct.prj</item>
<item name = "Solution">solution6</item>
<item name = "Product family">zynq</item>
<item name = "Target device">xc7z020clg484-1</item>
</section>

<section name = "Performance Estimates" level="0">
<item name = "Timing (ns)">
<section name = "" level="1">
<item name = "Summary"><table name="" hasTotal="0">
<keys size="4">Clock, Target, Estimated, Uncertainty</keys>
<column name="ap_clk">10.00, 10.79, 1.25</column>
</table>
</item>
</section>
</item>
<item name = "Latency (clock cycles)">
<section name = "" level="1">
<item name = "Summary"><table name="" hasTotal="0">
<keys size="6">, min, max, min, max, Type</keys>
<column name="">113, 113, 113, 113, none</column>
</table>
</item>
<item name = "Detail">
<section name = "" level="1">
<item name = "Instance"><table name="" hasTotal="0">
<keys size="7">Instance, Module, min, max, min, max, Type</keys>
</table>
</item>
<item name = "Loop"><table name="" hasTotal="0">
<keys size="8">Loop Name, min, max, Latency, achieved, target, Count, Pipelined</keys>
<column name="- Row_DCT_Loop">112, 112, 14, -, -, 8, no</column>
<column name=" + DCT_Outer_Loop">11, 11, 5, 1, 1, 8, yes</column>
</table>
</item>
</section>
</item>
</section>
</item>
</section>

<section name = "Utilization Estimates" level="0">
<item name = "Summary"><table name="" hasTotal="1">
<keys size="5">Name, BRAM_18K, DSP48E, FF, LUT</keys>
<column name="DSP">-, 8, -, -</column>
<column name="Expression">-, -, 0, 78</column>
<column name="FIFO">-, -, -, -</column>
<column name="Instance">-, -, -, -</column>
<column name="Memory">0, -, 119, 16</column>
<column name="Multiplexer">-, -, -, 10</column>
<column name="Register">-, -, 442, 9</column>
<specialColumn name="Available">280, 220, 106400, 53200</specialColumn>
<specialColumn name="Utilization (%)">0, 3, ~0, ~0</specialColumn>
</table>
</item>
<item name = "Detail">
<section name = "" level="1">
<item name = "Instance"><table name="" hasTotal="1">
<keys size="6">Instance, Module, BRAM_18K, DSP48E, FF, LUT</keys>
</table>
</item>
<item name = "DSP48"><table name="" hasTotal="0">
<keys size="3">Instance, Module, Expression</keys>
<column name="dct_mac_muladd_14mb6_U14">dct_mac_muladd_14mb6, i0 + i1 * i2</column>
<column name="dct_mac_muladd_15kbM_U12">dct_mac_muladd_15kbM, i0 * i1 + i2</column>
<column name="dct_mac_muladd_15kbM_U15">dct_mac_muladd_15kbM, i0 + i1 * i2</column>
<column name="dct_mac_muladd_15kbM_U16">dct_mac_muladd_15kbM, i0 + i1 * i2</column>
<column name="dct_mac_muladd_15lbW_U13">dct_mac_muladd_15lbW, i0 * i1 + i2</column>
<column name="dct_mul_mul_15s_1jbC_U9">dct_mul_mul_15s_1jbC, i0 * i1</column>
<column name="dct_mul_mul_15s_1jbC_U10">dct_mul_mul_15s_1jbC, i0 * i1</column>
<column name="dct_mul_mul_15s_1jbC_U11">dct_mul_mul_15s_1jbC, i0 * i1</column>
</table>
</item>
<item name = "Memory"><table name="" hasTotal="1">
<keys size="9">Memory, Module, BRAM_18K, FF, LUT, Words, Bits, Banks, W*Bits*Banks</keys>
<column name="dct_coeff_table_0_U">Loop_Row_DCT_Loopbkb, 0, 14, 2, 8, 14, 1, 112</column>
<column name="dct_coeff_table_1_U">Loop_Row_DCT_Loopcud, 0, 15, 2, 8, 15, 1, 120</column>
<column name="dct_coeff_table_2_U">Loop_Row_DCT_LoopdEe, 0, 15, 2, 8, 15, 1, 120</column>
<column name="dct_coeff_table_3_U">Loop_Row_DCT_LoopeOg, 0, 15, 2, 8, 15, 1, 120</column>
<column name="dct_coeff_table_4_U">Loop_Row_DCT_LoopfYi, 0, 15, 2, 8, 15, 1, 120</column>
<column name="dct_coeff_table_5_U">Loop_Row_DCT_Loopg8j, 0, 15, 2, 8, 15, 1, 120</column>
<column name="dct_coeff_table_6_U">Loop_Row_DCT_Loophbi, 0, 15, 2, 8, 15, 1, 120</column>
<column name="dct_coeff_table_7_U">Loop_Row_DCT_Loopibs, 0, 15, 2, 8, 15, 1, 120</column>
</table>
</item>
<item name = "FIFO"><table name="" hasTotal="1">
<keys size="7">Name, BRAM_18K, FF, LUT, Depth, Bits, Size:D*B</keys>
</table>
</item>
<item name = "Expression"><table name="" hasTotal="1">
<keys size="7">Variable Name, Operation, DSP48E, FF, LUT, Bitwidth P0, Bitwidth P1</keys>
<column name="i_fu_300_p2">+, 0, 0, 4, 4, 1</column>
<column name="k_fu_336_p2">+, 0, 0, 4, 4, 1</column>
<column name="tmp1_fu_408_p2">+, 0, 0, 29, 29, 29</column>
<column name="tmp4_fu_412_p2">+, 0, 0, 14, 29, 29</column>
<column name="tmp_5_fu_355_p2">+, 0, 0, 8, 8, 8</column>
<column name="tmp_9_i_fu_416_p2">+, 0, 0, 14, 29, 29</column>
<column name="tmp_fu_294_p2">icmp, 0, 0, 2, 4, 5</column>
<column name="tmp_i_fu_330_p2">icmp, 0, 0, 2, 4, 5</column>
</table>
</item>
<item name = "Multiplexer"><table name="" hasTotal="1">
<keys size="5">Name, LUT, Input Size, Bits, Total Bits</keys>
<column name="ap_NS_fsm">1, 5, 1, 5</column>
<column name="ap_enable_reg_pp0_iter4">1, 2, 1, 2</column>
<column name="i_0_i_reg_272">4, 2, 4, 8</column>
<column name="k_i_reg_283">4, 2, 4, 8</column>
</table>
</item>
<item name = "Register"><table name="" hasTotal="1">
<keys size="5">Name, FF, LUT, Bits, Const Bits</keys>
<column name="ap_CS_fsm">4, 0, 4, 0</column>
<column name="ap_done_reg">1, 0, 1, 0</column>
<column name="ap_enable_reg_pp0_iter0">1, 0, 1, 0</column>
<column name="ap_enable_reg_pp0_iter1">1, 0, 1, 0</column>
<column name="ap_enable_reg_pp0_iter2">1, 0, 1, 0</column>
<column name="ap_enable_reg_pp0_iter3">1, 0, 1, 0</column>
<column name="ap_enable_reg_pp0_iter4">1, 0, 1, 0</column>
<column name="buf_2d_in_0_addr_reg_508">3, 0, 3, 0</column>
<column name="buf_2d_in_0_load_reg_664">16, 0, 16, 0</column>
<column name="buf_2d_in_1_addr_reg_513">3, 0, 3, 0</column>
<column name="buf_2d_in_1_load_reg_604">16, 0, 16, 0</column>
<column name="buf_2d_in_2_addr_reg_518">3, 0, 3, 0</column>
<column name="buf_2d_in_2_load_reg_679">16, 0, 16, 0</column>
<column name="buf_2d_in_3_addr_reg_523">3, 0, 3, 0</column>
<column name="buf_2d_in_3_load_reg_619">16, 0, 16, 0</column>
<column name="buf_2d_in_4_addr_reg_528">3, 0, 3, 0</column>
<column name="buf_2d_in_4_load_reg_694">16, 0, 16, 0</column>
<column name="buf_2d_in_5_addr_reg_533">3, 0, 3, 0</column>
<column name="buf_2d_in_5_load_reg_634">16, 0, 16, 0</column>
<column name="buf_2d_in_6_addr_reg_538">3, 0, 3, 0</column>
<column name="buf_2d_in_6_load_reg_644">16, 0, 16, 0</column>
<column name="buf_2d_in_7_addr_reg_543">3, 0, 3, 0</column>
<column name="buf_2d_in_7_load_reg_654">16, 0, 16, 0</column>
<column name="dct_coeff_table_0_lo_reg_659">14, 0, 14, 0</column>
<column name="dct_coeff_table_1_lo_reg_599">15, 0, 15, 0</column>
<column name="dct_coeff_table_2_lo_reg_674">15, 0, 15, 0</column>
<column name="dct_coeff_table_3_lo_reg_614">15, 0, 15, 0</column>
<column name="dct_coeff_table_4_lo_reg_689">15, 0, 15, 0</column>
<column name="dct_coeff_table_5_lo_reg_629">15, 0, 15, 0</column>
<column name="dct_coeff_table_6_lo_reg_639">15, 0, 15, 0</column>
<column name="dct_coeff_table_7_lo_reg_649">15, 0, 15, 0</column>
<column name="i_0_i_reg_272">4, 0, 4, 0</column>
<column name="i_reg_498">4, 0, 4, 0</column>
<column name="k_cast1_i_reg_557">4, 0, 32, 28</column>
<column name="k_i_reg_283">4, 0, 4, 0</column>
<column name="tmp6_reg_704">29, 0, 29, 0</column>
<column name="tmp_15_cast_reg_503">4, 0, 8, 4</column>
<column name="tmp_1_i_reg_709">16, 0, 16, 0</column>
<column name="tmp_3_1_i_reg_669">29, 0, 29, 0</column>
<column name="tmp_3_3_i_reg_684">29, 0, 29, 0</column>
<column name="tmp_3_5_i_reg_699">29, 0, 29, 0</column>
<column name="tmp_5_reg_564">8, 0, 8, 0</column>
<column name="tmp_i_reg_548">1, 0, 1, 0</column>
<column name="tmp_5_reg_564">0, 8, 8, 0</column>
<column name="tmp_i_reg_548">0, 1, 1, 0</column>
</table>
</item>
</section>
</item>
</section>

<section name = "Interface" level="0">
<item name = "Summary"><table name="" hasTotal="0">
<keys size="6">RTL Ports, Dir, Bits, Protocol, Source Object, C Type</keys>
<column name="ap_clk">in, 1, ap_ctrl_hs, Loop_Row_DCT_Loop_pr, return value</column>
<column name="ap_rst">in, 1, ap_ctrl_hs, Loop_Row_DCT_Loop_pr, return value</column>
<column name="ap_start">in, 1, ap_ctrl_hs, Loop_Row_DCT_Loop_pr, return value</column>
<column name="ap_done">out, 1, ap_ctrl_hs, Loop_Row_DCT_Loop_pr, return value</column>
<column name="ap_continue">in, 1, ap_ctrl_hs, Loop_Row_DCT_Loop_pr, return value</column>
<column name="ap_idle">out, 1, ap_ctrl_hs, Loop_Row_DCT_Loop_pr, return value</column>
<column name="ap_ready">out, 1, ap_ctrl_hs, Loop_Row_DCT_Loop_pr, return value</column>
<column name="buf_2d_in_0_address0">out, 3, ap_memory, buf_2d_in_0, array</column>
<column name="buf_2d_in_0_ce0">out, 1, ap_memory, buf_2d_in_0, array</column>
<column name="buf_2d_in_0_q0">in, 16, ap_memory, buf_2d_in_0, array</column>
<column name="buf_2d_in_1_address0">out, 3, ap_memory, buf_2d_in_1, array</column>
<column name="buf_2d_in_1_ce0">out, 1, ap_memory, buf_2d_in_1, array</column>
<column name="buf_2d_in_1_q0">in, 16, ap_memory, buf_2d_in_1, array</column>
<column name="buf_2d_in_2_address0">out, 3, ap_memory, buf_2d_in_2, array</column>
<column name="buf_2d_in_2_ce0">out, 1, ap_memory, buf_2d_in_2, array</column>
<column name="buf_2d_in_2_q0">in, 16, ap_memory, buf_2d_in_2, array</column>
<column name="buf_2d_in_3_address0">out, 3, ap_memory, buf_2d_in_3, array</column>
<column name="buf_2d_in_3_ce0">out, 1, ap_memory, buf_2d_in_3, array</column>
<column name="buf_2d_in_3_q0">in, 16, ap_memory, buf_2d_in_3, array</column>
<column name="buf_2d_in_4_address0">out, 3, ap_memory, buf_2d_in_4, array</column>
<column name="buf_2d_in_4_ce0">out, 1, ap_memory, buf_2d_in_4, array</column>
<column name="buf_2d_in_4_q0">in, 16, ap_memory, buf_2d_in_4, array</column>
<column name="buf_2d_in_5_address0">out, 3, ap_memory, buf_2d_in_5, array</column>
<column name="buf_2d_in_5_ce0">out, 1, ap_memory, buf_2d_in_5, array</column>
<column name="buf_2d_in_5_q0">in, 16, ap_memory, buf_2d_in_5, array</column>
<column name="buf_2d_in_6_address0">out, 3, ap_memory, buf_2d_in_6, array</column>
<column name="buf_2d_in_6_ce0">out, 1, ap_memory, buf_2d_in_6, array</column>
<column name="buf_2d_in_6_q0">in, 16, ap_memory, buf_2d_in_6, array</column>
<column name="buf_2d_in_7_address0">out, 3, ap_memory, buf_2d_in_7, array</column>
<column name="buf_2d_in_7_ce0">out, 1, ap_memory, buf_2d_in_7, array</column>
<column name="buf_2d_in_7_q0">in, 16, ap_memory, buf_2d_in_7, array</column>
<column name="row_outbuf_i_address0">out, 6, ap_memory, row_outbuf_i, array</column>
<column name="row_outbuf_i_ce0">out, 1, ap_memory, row_outbuf_i, array</column>
<column name="row_outbuf_i_we0">out, 1, ap_memory, row_outbuf_i, array</column>
<column name="row_outbuf_i_d0">out, 16, ap_memory, row_outbuf_i, array</column>
</table>
</item>
</section>
</profile>
