<profile>

<section name = "Vivado HLS Report for 'Loop_Xpose_Row_Outer'" level="0">
<item name = "Date">Fri Nov 01 17:01:43 2024
</item>
<item name = "Version">2016.3 (Build 1682563 on Mon Oct 10 19:41:59 MDT 2016)</item>
<item name = "Project">dct.prj</item>
<item name = "Solution">solution6</item>
<item name = "Product family">zynq</item>
<item name = "Target device">xc7z020clg484-1</item>
</section>

<section name = "Performance Estimates" level="0">
<item name = "Timing (ns)">
<section name = "" level="1">
<item name = "Summary"><table name="" hasTotal="0">
<keys size="4">Clock, Target, Estimated, Uncertainty</keys>
<column name="ap_clk">10.00, 7.68, 1.25</column>
</table>
</item>
</section>
</item>
<item name = "Latency (clock cycles)">
<section name = "" level="1">
<item name = "Summary"><table name="" hasTotal="0">
<keys size="6">, min, max, min, max, Type</keys>
<column name="">66, 66, 66, 66, none</column>
</table>
</item>
<item name = "Detail">
<section name = "" level="1">
<item name = "Instance"><table name="" hasTotal="0">
<keys size="7">Instance, Module, min, max, min, max, Type</keys>
</table>
</item>
<item name = "Loop"><table name="" hasTotal="0">
<keys size="8">Loop Name, min, max, Latency, achieved, target, Count, Pipelined</keys>
<column name="- Xpose_Row_Outer_Loop_Xpose_Row_Inner_Loop">64, 64, 2, 1, 1, 64, yes</column>
</table>
</item>
</section>
</item>
</section>
</item>
</section>

<section name = "Utilization Estimates" level="0">
<item name = "Summary"><table name="" hasTotal="1">
<keys size="5">Name, BRAM_18K, DSP48E, FF, LUT</keys>
<column name="DSP">-, -, -, -</column>
<column name="Expression">-, -, 0, 36</column>
<column name="FIFO">-, -, -, -</column>
<column name="Instance">-, -, -, -</column>
<column name="Memory">-, -, -, -</column>
<column name="Multiplexer">-, -, -, 20</column>
<column name="Register">-, -, 29, -</column>
<specialColumn name="Available">280, 220, 106400, 53200</specialColumn>
<specialColumn name="Utilization (%)">0, 0, ~0, ~0</specialColumn>
</table>
</item>
<item name = "Detail">
<section name = "" level="1">
<item name = "Instance"><table name="" hasTotal="1">
<keys size="6">Instance, Module, BRAM_18K, DSP48E, FF, LUT</keys>
</table>
</item>
<item name = "DSP48"><table name="" hasTotal="0">
<keys size="3">Instance, Module, Expression</keys>
</table>
</item>
<item name = "Memory"><table name="" hasTotal="1">
<keys size="9">Memory, Module, BRAM_18K, FF, LUT, Words, Bits, Banks, W*Bits*Banks</keys>
</table>
</item>
<item name = "FIFO"><table name="" hasTotal="1">
<keys size="7">Name, BRAM_18K, FF, LUT, Depth, Bits, Size:D*B</keys>
</table>
</item>
<item name = "Expression"><table name="" hasTotal="1">
<keys size="7">Variable Name, Operation, DSP48E, FF, LUT, Bitwidth P0, Bitwidth P1</keys>
<column name="i_fu_290_p2">+, 0, 0, 4, 4, 1</column>
<column name="indvar_flatten_next_fu_225_p2">+, 0, 0, 7, 7, 1</column>
<column name="j_fu_231_p2">+, 0, 0, 4, 1, 4</column>
<column name="tmp_7_fu_275_p2">+, 0, 0, 8, 8, 8</column>
<column name="exitcond_flatten_fu_219_p2">icmp, 0, 0, 3, 7, 8</column>
<column name="tmp_s_fu_237_p2">icmp, 0, 0, 2, 4, 5</column>
<column name="i_1_i_mid2_fu_243_p3">select, 0, 0, 4, 1, 1</column>
<column name="j_0_i_cast_mid2_v_fu_251_p3">select, 0, 0, 4, 1, 4</column>
</table>
</item>
<item name = "Multiplexer"><table name="" hasTotal="1">
<keys size="5">Name, LUT, Input Size, Bits, Total Bits</keys>
<column name="ap_NS_fsm">1, 4, 1, 4</column>
<column name="i_1_i_reg_208">4, 2, 4, 8</column>
<column name="indvar_flatten_reg_186">7, 2, 7, 14</column>
<column name="j_0_i_phi_fu_201_p4">4, 2, 4, 8</column>
<column name="j_0_i_reg_197">4, 2, 4, 8</column>
</table>
</item>
<item name = "Register"><table name="" hasTotal="1">
<keys size="5">Name, FF, LUT, Bits, Const Bits</keys>
<column name="ap_CS_fsm">3, 0, 3, 0</column>
<column name="ap_done_reg">1, 0, 1, 0</column>
<column name="ap_enable_reg_pp0_iter0">1, 0, 1, 0</column>
<column name="ap_enable_reg_pp0_iter1">1, 0, 1, 0</column>
<column name="exitcond_flatten_reg_307">1, 0, 1, 0</column>
<column name="i_1_i_reg_208">4, 0, 4, 0</column>
<column name="indvar_flatten_reg_186">7, 0, 7, 0</column>
<column name="j_0_i_cast_mid2_v_reg_316">4, 0, 4, 0</column>
<column name="j_0_i_reg_197">4, 0, 4, 0</column>
<column name="tmp_3_reg_327">3, 0, 3, 0</column>
</table>
</item>
</section>
</item>
</section>

<section name = "Interface" level="0">
<item name = "Summary"><table name="" hasTotal="0">
<keys size="6">RTL Ports, Dir, Bits, Protocol, Source Object, C Type</keys>
<column name="ap_clk">in, 1, ap_ctrl_hs, Loop_Xpose_Row_Outer, return value</column>
<column name="ap_rst">in, 1, ap_ctrl_hs, Loop_Xpose_Row_Outer, return value</column>
<column name="ap_start">in, 1, ap_ctrl_hs, Loop_Xpose_Row_Outer, return value</column>
<column name="ap_done">out, 1, ap_ctrl_hs, Loop_Xpose_Row_Outer, return value</column>
<column name="ap_continue">in, 1, ap_ctrl_hs, Loop_Xpose_Row_Outer, return value</column>
<column name="ap_idle">out, 1, ap_ctrl_hs, Loop_Xpose_Row_Outer, return value</column>
<column name="ap_ready">out, 1, ap_ctrl_hs, Loop_Xpose_Row_Outer, return value</column>
<column name="row_outbuf_i_address0">out, 6, ap_memory, row_outbuf_i, array</column>
<column name="row_outbuf_i_ce0">out, 1, ap_memory, row_outbuf_i, array</column>
<column name="row_outbuf_i_q0">in, 16, ap_memory, row_outbuf_i, array</column>
<column name="col_inbuf_0_address0">out, 3, ap_memory, col_inbuf_0, array</column>
<column name="col_inbuf_0_ce0">out, 1, ap_memory, col_inbuf_0, array</column>
<column name="col_inbuf_0_we0">out, 1, ap_memory, col_inbuf_0, array</column>
<column name="col_inbuf_0_d0">out, 16, ap_memory, col_inbuf_0, array</column>
<column name="col_inbuf_1_address0">out, 3, ap_memory, col_inbuf_1, array</column>
<column name="col_inbuf_1_ce0">out, 1, ap_memory, col_inbuf_1, array</column>
<column name="col_inbuf_1_we0">out, 1, ap_memory, col_inbuf_1, array</column>
<column name="col_inbuf_1_d0">out, 16, ap_memory, col_inbuf_1, array</column>
<column name="col_inbuf_2_address0">out, 3, ap_memory, col_inbuf_2, array</column>
<column name="col_inbuf_2_ce0">out, 1, ap_memory, col_inbuf_2, array</column>
<column name="col_inbuf_2_we0">out, 1, ap_memory, col_inbuf_2, array</column>
<column name="col_inbuf_2_d0">out, 16, ap_memory, col_inbuf_2, array</column>
<column name="col_inbuf_3_address0">out, 3, ap_memory, col_inbuf_3, array</column>
<column name="col_inbuf_3_ce0">out, 1, ap_memory, col_inbuf_3, array</column>
<column name="col_inbuf_3_we0">out, 1, ap_memory, col_inbuf_3, array</column>
<column name="col_inbuf_3_d0">out, 16, ap_memory, col_inbuf_3, array</column>
<column name="col_inbuf_4_address0">out, 3, ap_memory, col_inbuf_4, array</column>
<column name="col_inbuf_4_ce0">out, 1, ap_memory, col_inbuf_4, array</column>
<column name="col_inbuf_4_we0">out, 1, ap_memory, col_inbuf_4, array</column>
<column name="col_inbuf_4_d0">out, 16, ap_memory, col_inbuf_4, array</column>
<column name="col_inbuf_5_address0">out, 3, ap_memory, col_inbuf_5, array</column>
<column name="col_inbuf_5_ce0">out, 1, ap_memory, col_inbuf_5, array</column>
<column name="col_inbuf_5_we0">out, 1, ap_memory, col_inbuf_5, array</column>
<column name="col_inbuf_5_d0">out, 16, ap_memory, col_inbuf_5, array</column>
<column name="col_inbuf_6_address0">out, 3, ap_memory, col_inbuf_6, array</column>
<column name="col_inbuf_6_ce0">out, 1, ap_memory, col_inbuf_6, array</column>
<column name="col_inbuf_6_we0">out, 1, ap_memory, col_inbuf_6, array</column>
<column name="col_inbuf_6_d0">out, 16, ap_memory, col_inbuf_6, array</column>
<column name="col_inbuf_7_address0">out, 3, ap_memory, col_inbuf_7, array</column>
<column name="col_inbuf_7_ce0">out, 1, ap_memory, col_inbuf_7, array</column>
<column name="col_inbuf_7_we0">out, 1, ap_memory, col_inbuf_7, array</column>
<column name="col_inbuf_7_d0">out, 16, ap_memory, col_inbuf_7, array</column>
</table>
</item>
</section>
</profile>
