<stg><name>rgb2yuv</name>


<trans_list>

<trans id="120" from="1" to="2">
<condition id="23">
<or_exp><and_exp></and_exp></or_exp>
</condition>
</trans>

<trans id="141" from="2" to="11">
<condition id="37">
<or_exp><and_exp><literal name="exitcond_flatten" val="1"/>
</and_exp></or_exp>
</condition>
</trans>

<trans id="142" from="2" to="3">
<condition id="46">
<or_exp><and_exp><literal name="exitcond_flatten" val="0"/>
</and_exp></or_exp>
</condition>
</trans>

<trans id="133" from="3" to="4">
<condition id="38">
<or_exp><and_exp></and_exp></or_exp>
</condition>
</trans>

<trans id="134" from="4" to="5">
<condition id="39">
<or_exp><and_exp></and_exp></or_exp>
</condition>
</trans>

<trans id="135" from="5" to="6">
<condition id="40">
<or_exp><and_exp></and_exp></or_exp>
</condition>
</trans>

<trans id="136" from="6" to="7">
<condition id="41">
<or_exp><and_exp></and_exp></or_exp>
</condition>
</trans>

<trans id="137" from="7" to="8">
<condition id="42">
<or_exp><and_exp></and_exp></or_exp>
</condition>
</trans>

<trans id="138" from="8" to="9">
<condition id="43">
<or_exp><and_exp></and_exp></or_exp>
</condition>
</trans>

<trans id="139" from="9" to="10">
<condition id="44">
<or_exp><and_exp></and_exp></or_exp>
</condition>
</trans>

<trans id="140" from="10" to="2">
<condition id="45">
<or_exp><and_exp></and_exp></or_exp>
</condition>
</trans>
</trans_list>



<state_list>

<state id="1" st_id="1">

<operation id="12" st_id="1" stage="1" lat="1">
<core>NULL</core>
<MemPortIdVec></MemPortIdVec>
<condition id="20">
<or_exp><and_exp></and_exp></or_exp>
</condition>

<Node id="9" bw="16" op_0_bw="16" op_1_bw="16">
<![CDATA[
:0  %in_height_read11 = call i16 @_ssdm_op_Read.ap_auto.i16(i16 %in_height_read)

]]></Node>
<StgValue><ssdm name="in_height_read11"/></StgValue>
</operation>

<operation id="13" st_id="1" stage="1" lat="1">
<core>NULL</core>
<MemPortIdVec></MemPortIdVec>
<condition id="20">
<or_exp><and_exp></and_exp></or_exp>
</condition>

<Node id="10" bw="16" op_0_bw="16" op_1_bw="16">
<![CDATA[
:1  %in_width_read_3 = call i16 @_ssdm_op_Read.ap_auto.i16(i16 %in_width_read)

]]></Node>
<StgValue><ssdm name="in_width_read_3"/></StgValue>
</operation>

<operation id="14" st_id="1" stage="1" lat="1">
<core>NULL</core>
<MemPortIdVec></MemPortIdVec>
<condition id="20">
<or_exp><and_exp></and_exp></or_exp>
</condition>

<Node id="11" bw="32" op_0_bw="16">
<![CDATA[
:2  %cast = zext i16 %in_width_read_3 to i32

]]></Node>
<StgValue><ssdm name="cast"/></StgValue>
</operation>

<operation id="15" st_id="1" stage="1" lat="1">
<core>NULL</core>
<MemPortIdVec></MemPortIdVec>
<condition id="20">
<or_exp><and_exp></and_exp></or_exp>
</condition>

<Node id="12" bw="32" op_0_bw="16">
<![CDATA[
:3  %cast1 = zext i16 %in_height_read11 to i32

]]></Node>
<StgValue><ssdm name="cast1"/></StgValue>
</operation>

<operation id="16" st_id="1" stage="1" lat="1">
<core>DSP48</core>
<MemPortIdVec></MemPortIdVec>
<condition id="20">
<or_exp><and_exp></and_exp></or_exp>
</condition>

<Node id="13" bw="32" op_0_bw="32" op_1_bw="32">
<![CDATA[
:4  %bound = mul i32 %cast1, %cast

]]></Node>
<StgValue><ssdm name="bound"/></StgValue>
</operation>

<operation id="17" st_id="1" stage="1" lat="1">
<core>NULL</core>
<MemPortIdVec></MemPortIdVec>
<condition id="20">
<or_exp><and_exp></and_exp></or_exp>
</condition>

<Node id="14" bw="0" op_0_bw="0">
<![CDATA[
:5  br label %1

]]></Node>
<StgValue><ssdm name=""/></StgValue>
</operation>
</state>

<state id="2" st_id="2">

<operation id="18" st_id="2" stage="1" lat="1">
<core>NULL</core>
<MemPortIdVec></MemPortIdVec>
<condition id="-1">
<or_exp><and_exp></and_exp></or_exp>
</condition>

<Node id="16" bw="32" op_0_bw="32" op_1_bw="0">
<![CDATA[
:0  %indvar_flatten = phi i32 [ 0, %0 ], [ %indvar_flatten_next, %.reset ]

]]></Node>
<StgValue><ssdm name="indvar_flatten"/></StgValue>
</operation>

<operation id="19" st_id="2" stage="1" lat="1">
<core>NULL</core>
<MemPortIdVec></MemPortIdVec>
<condition id="-1">
<or_exp><and_exp></and_exp></or_exp>
</condition>

<Node id="17" bw="16" op_0_bw="16" op_1_bw="0">
<![CDATA[
:1  %x = phi i16 [ 0, %0 ], [ %tmp_mid2_v, %.reset ]

]]></Node>
<StgValue><ssdm name="x"/></StgValue>
</operation>

<operation id="20" st_id="2" stage="1" lat="1">
<core>NULL</core>
<MemPortIdVec></MemPortIdVec>
<condition id="-1">
<or_exp><and_exp></and_exp></or_exp>
</condition>

<Node id="18" bw="16" op_0_bw="16" op_1_bw="0">
<![CDATA[
:2  %y = phi i16 [ 0, %0 ], [ %y_3, %.reset ]

]]></Node>
<StgValue><ssdm name="y"/></StgValue>
</operation>

<operation id="21" st_id="2" stage="1" lat="1">
<core>Cmp</core>
<MemPortIdVec></MemPortIdVec>
<condition id="-1">
<or_exp><and_exp></and_exp></or_exp>
</condition>

<Node id="19" bw="1" op_0_bw="32" op_1_bw="32">
<![CDATA[
:3  %exitcond_flatten = icmp eq i32 %indvar_flatten, %bound

]]></Node>
<StgValue><ssdm name="exitcond_flatten"/></StgValue>
</operation>

<operation id="22" st_id="2" stage="1" lat="1">
<core>AddSub</core>
<MemPortIdVec></MemPortIdVec>
<condition id="-1">
<or_exp><and_exp></and_exp></or_exp>
</condition>

<Node id="20" bw="32" op_0_bw="32" op_1_bw="32">
<![CDATA[
:4  %indvar_flatten_next = add i32 %indvar_flatten, 1

]]></Node>
<StgValue><ssdm name="indvar_flatten_next"/></StgValue>
</operation>

<operation id="23" st_id="2" stage="1" lat="1">
<core>NULL</core>
<MemPortIdVec></MemPortIdVec>
<condition id="-1">
<or_exp><and_exp></and_exp></or_exp>
</condition>

<Node id="21" bw="0" op_0_bw="1" op_1_bw="0" op_2_bw="0">
<![CDATA[
:5  br i1 %exitcond_flatten, label %2, label %.reset

]]></Node>
<StgValue><ssdm name=""/></StgValue>
</operation>

<operation id="24" st_id="2" stage="1" lat="1">
<core>AddSub</core>
<MemPortIdVec></MemPortIdVec>
<condition id="0">
<or_exp><and_exp><literal name="exitcond_flatten" val="0"/>
</and_exp></or_exp>
</condition>

<Node id="23" bw="16" op_0_bw="16" op_1_bw="16">
<![CDATA[
.reset:0  %x_3 = add i16 1, %x

]]></Node>
<StgValue><ssdm name="x_3"/></StgValue>
</operation>

<operation id="25" st_id="2" stage="1" lat="1">
<core>Cmp</core>
<MemPortIdVec></MemPortIdVec>
<condition id="0">
<or_exp><and_exp><literal name="exitcond_flatten" val="0"/>
</and_exp></or_exp>
</condition>

<Node id="26" bw="1" op_0_bw="16" op_1_bw="16">
<![CDATA[
.reset:3  %exitcond9 = icmp eq i16 %y, %in_height_read11

]]></Node>
<StgValue><ssdm name="exitcond9"/></StgValue>
</operation>

<operation id="26" st_id="2" stage="1" lat="1">
<core>Sel</core>
<MemPortIdVec></MemPortIdVec>
<condition id="0">
<or_exp><and_exp><literal name="exitcond_flatten" val="0"/>
</and_exp></or_exp>
</condition>

<Node id="27" bw="16" op_0_bw="1" op_1_bw="16" op_2_bw="16">
<![CDATA[
.reset:4  %y_mid2 = select i1 %exitcond9, i16 0, i16 %y

]]></Node>
<StgValue><ssdm name="y_mid2"/></StgValue>
</operation>

<operation id="27" st_id="2" stage="1" lat="1">
<core>Sel</core>
<MemPortIdVec></MemPortIdVec>
<condition id="0">
<or_exp><and_exp><literal name="exitcond_flatten" val="0"/>
</and_exp></or_exp>
</condition>

<Node id="28" bw="16" op_0_bw="1" op_1_bw="16" op_2_bw="16">
<![CDATA[
.reset:5  %tmp_mid2_v = select i1 %exitcond9, i16 %x_3, i16 %x

]]></Node>
<StgValue><ssdm name="tmp_mid2_v"/></StgValue>
</operation>

<operation id="28" st_id="2" stage="1" lat="1">
<core>NULL</core>
<MemPortIdVec></MemPortIdVec>
<condition id="0">
<or_exp><and_exp><literal name="exitcond_flatten" val="0"/>
</and_exp></or_exp>
</condition>

<Node id="29" bw="13" op_0_bw="16">
<![CDATA[
.reset:6  %tmp = trunc i16 %tmp_mid2_v to i13

]]></Node>
<StgValue><ssdm name="tmp"/></StgValue>
</operation>

<operation id="29" st_id="2" stage="1" lat="1">
<core>NULL</core>
<MemPortIdVec></MemPortIdVec>
<condition id="0">
<or_exp><and_exp><literal name="exitcond_flatten" val="0"/>
</and_exp></or_exp>
</condition>

<Node id="30" bw="23" op_0_bw="23" op_1_bw="13" op_2_bw="10">
<![CDATA[
.reset:7  %p_shl_cast = call i23 @_ssdm_op_BitConcatenate.i23.i13.i10(i13 %tmp, i10 0)

]]></Node>
<StgValue><ssdm name="p_shl_cast"/></StgValue>
</operation>

<operation id="30" st_id="2" stage="1" lat="1">
<core>NULL</core>
<MemPortIdVec></MemPortIdVec>
<condition id="0">
<or_exp><and_exp><literal name="exitcond_flatten" val="0"/>
</and_exp></or_exp>
</condition>

<Node id="31" bw="15" op_0_bw="16">
<![CDATA[
.reset:8  %tmp_21 = trunc i16 %tmp_mid2_v to i15

]]></Node>
<StgValue><ssdm name="tmp_21"/></StgValue>
</operation>

<operation id="31" st_id="2" stage="1" lat="1">
<core>NULL</core>
<MemPortIdVec></MemPortIdVec>
<condition id="0">
<or_exp><and_exp><literal name="exitcond_flatten" val="0"/>
</and_exp></or_exp>
</condition>

<Node id="32" bw="23" op_0_bw="23" op_1_bw="15" op_2_bw="8">
<![CDATA[
.reset:9  %p_shl7_cast = call i23 @_ssdm_op_BitConcatenate.i23.i15.i8(i15 %tmp_21, i8 0)

]]></Node>
<StgValue><ssdm name="p_shl7_cast"/></StgValue>
</operation>

<operation id="32" st_id="2" stage="1" lat="1">
<core>TAddSub</core>
<MemPortIdVec></MemPortIdVec>
<condition id="0">
<or_exp><and_exp><literal name="exitcond_flatten" val="0"/>
</and_exp></or_exp>
</condition>

<Node id="33" bw="23" op_0_bw="23" op_1_bw="23">
<![CDATA[
.reset:10  %tmp_s = add i23 %p_shl_cast, %p_shl7_cast

]]></Node>
<StgValue><ssdm name="tmp_s"/></StgValue>
</operation>

<operation id="33" st_id="2" stage="1" lat="1">
<core>NULL</core>
<MemPortIdVec></MemPortIdVec>
<condition id="0">
<or_exp><and_exp><literal name="exitcond_flatten" val="0"/>
</and_exp></or_exp>
</condition>

<Node id="37" bw="23" op_0_bw="16">
<![CDATA[
.reset:14  %tmp_cast = zext i16 %y_mid2 to i23

]]></Node>
<StgValue><ssdm name="tmp_cast"/></StgValue>
</operation>

<operation id="34" st_id="2" stage="1" lat="1">
<core>TAddSub</core>
<MemPortIdVec></MemPortIdVec>
<condition id="0">
<or_exp><and_exp><literal name="exitcond_flatten" val="0"/>
</and_exp></or_exp>
</condition>

<Node id="38" bw="23" op_0_bw="23" op_1_bw="23">
<![CDATA[
.reset:15  %tmp_20 = add i23 %tmp_cast, %tmp_s

]]></Node>
<StgValue><ssdm name="tmp_20"/></StgValue>
</operation>

<operation id="35" st_id="2" stage="1" lat="1">
<core>AddSub</core>
<MemPortIdVec></MemPortIdVec>
<condition id="0">
<or_exp><and_exp><literal name="exitcond_flatten" val="0"/>
</and_exp></or_exp>
</condition>

<Node id="102" bw="16" op_0_bw="16" op_1_bw="16">
<![CDATA[
.reset:79  %y_3 = add i16 1, %y_mid2

]]></Node>
<StgValue><ssdm name="y_3"/></StgValue>
</operation>
</state>

<state id="3" st_id="3">

<operation id="36" st_id="3" stage="1" lat="1">
<core>NULL</core>
<MemPortIdVec></MemPortIdVec>
<condition id="0">
<or_exp><and_exp><literal name="exitcond_flatten" val="0"/>
</and_exp></or_exp>
</condition>

<Node id="39" bw="32" op_0_bw="23">
<![CDATA[
.reset:16  %tmp_42_cast = zext i23 %tmp_20 to i32

]]></Node>
<StgValue><ssdm name="tmp_42_cast"/></StgValue>
</operation>

<operation id="37" st_id="3" stage="1" lat="1">
<core>NULL</core>
<MemPortIdVec></MemPortIdVec>
<condition id="0">
<or_exp><and_exp><literal name="exitcond_flatten" val="0"/>
</and_exp></or_exp>
</condition>

<Node id="40" bw="22" op_0_bw="8" op_1_bw="32" op_2_bw="32">
<![CDATA[
.reset:17  %in_channels_ch1_addr = getelementptr [2457600 x i8]* %in_channels_ch1, i32 0, i32 %tmp_42_cast

]]></Node>
<StgValue><ssdm name="in_channels_ch1_addr"/></StgValue>
</operation>

<operation id="38" st_id="3" stage="1" lat="1">
<core>NULL</core>
<MemPortIdVec></MemPortIdVec>
<condition id="0">
<or_exp><and_exp><literal name="exitcond_flatten" val="0"/>
</and_exp></or_exp>
</condition>

<Node id="41" bw="22" op_0_bw="8" op_1_bw="32" op_2_bw="32">
<![CDATA[
.reset:18  %in_channels_ch2_addr = getelementptr [2457600 x i8]* %in_channels_ch2, i32 0, i32 %tmp_42_cast

]]></Node>
<StgValue><ssdm name="in_channels_ch2_addr"/></StgValue>
</operation>

<operation id="39" st_id="3" stage="4" lat="4">
<core>RAM</core>
<MemPortIdVec>0 </MemPortIdVec>
<condition id="0">
<or_exp><and_exp><literal name="exitcond_flatten" val="0"/>
</and_exp></or_exp>
</condition>

<Node id="46" bw="8" op_0_bw="22">
<![CDATA[
.reset:23  %R = load i8* %in_channels_ch1_addr, align 1

]]></Node>
<StgValue><ssdm name="R"/></StgValue>
</operation>

<operation id="40" st_id="3" stage="4" lat="4">
<core>RAM</core>
<MemPortIdVec>0 </MemPortIdVec>
<condition id="0">
<or_exp><and_exp><literal name="exitcond_flatten" val="0"/>
</and_exp></or_exp>
</condition>

<Node id="47" bw="8" op_0_bw="22">
<![CDATA[
.reset:24  %G = load i8* %in_channels_ch2_addr, align 1

]]></Node>
<StgValue><ssdm name="G"/></StgValue>
</operation>
</state>

<state id="4" st_id="4">

<operation id="41" st_id="4" stage="1" lat="1">
<core>NULL</core>
<MemPortIdVec></MemPortIdVec>
<condition id="0">
<or_exp><and_exp><literal name="exitcond_flatten" val="0"/>
</and_exp></or_exp>
</condition>

<Node id="42" bw="22" op_0_bw="8" op_1_bw="32" op_2_bw="32">
<![CDATA[
.reset:19  %in_channels_ch3_addr = getelementptr [2457600 x i8]* %in_channels_ch3, i32 0, i32 %tmp_42_cast

]]></Node>
<StgValue><ssdm name="in_channels_ch3_addr"/></StgValue>
</operation>

<operation id="42" st_id="4" stage="3" lat="4">
<core>RAM</core>
<MemPortIdVec>0 </MemPortIdVec>
<condition id="0">
<or_exp><and_exp><literal name="exitcond_flatten" val="0"/>
</and_exp></or_exp>
</condition>

<Node id="46" bw="8" op_0_bw="22">
<![CDATA[
.reset:23  %R = load i8* %in_channels_ch1_addr, align 1

]]></Node>
<StgValue><ssdm name="R"/></StgValue>
</operation>

<operation id="43" st_id="4" stage="3" lat="4">
<core>RAM</core>
<MemPortIdVec>0 </MemPortIdVec>
<condition id="0">
<or_exp><and_exp><literal name="exitcond_flatten" val="0"/>
</and_exp></or_exp>
</condition>

<Node id="47" bw="8" op_0_bw="22">
<![CDATA[
.reset:24  %G = load i8* %in_channels_ch2_addr, align 1

]]></Node>
<StgValue><ssdm name="G"/></StgValue>
</operation>

<operation id="44" st_id="4" stage="4" lat="4">
<core>RAM</core>
<MemPortIdVec>0 </MemPortIdVec>
<condition id="0">
<or_exp><and_exp><literal name="exitcond_flatten" val="0"/>
</and_exp></or_exp>
</condition>

<Node id="48" bw="8" op_0_bw="22">
<![CDATA[
.reset:25  %B = load i8* %in_channels_ch3_addr, align 1

]]></Node>
<StgValue><ssdm name="B"/></StgValue>
</operation>
</state>

<state id="5" st_id="5">

<operation id="45" st_id="5" stage="2" lat="4">
<core>RAM</core>
<MemPortIdVec>0 </MemPortIdVec>
<condition id="0">
<or_exp><and_exp><literal name="exitcond_flatten" val="0"/>
</and_exp></or_exp>
</condition>

<Node id="46" bw="8" op_0_bw="22">
<![CDATA[
.reset:23  %R = load i8* %in_channels_ch1_addr, align 1

]]></Node>
<StgValue><ssdm name="R"/></StgValue>
</operation>

<operation id="46" st_id="5" stage="2" lat="4">
<core>RAM</core>
<MemPortIdVec>0 </MemPortIdVec>
<condition id="0">
<or_exp><and_exp><literal name="exitcond_flatten" val="0"/>
</and_exp></or_exp>
</condition>

<Node id="47" bw="8" op_0_bw="22">
<![CDATA[
.reset:24  %G = load i8* %in_channels_ch2_addr, align 1

]]></Node>
<StgValue><ssdm name="G"/></StgValue>
</operation>

<operation id="47" st_id="5" stage="3" lat="4">
<core>RAM</core>
<MemPortIdVec>0 </MemPortIdVec>
<condition id="0">
<or_exp><and_exp><literal name="exitcond_flatten" val="0"/>
</and_exp></or_exp>
</condition>

<Node id="48" bw="8" op_0_bw="22">
<![CDATA[
.reset:25  %B = load i8* %in_channels_ch3_addr, align 1

]]></Node>
<StgValue><ssdm name="B"/></StgValue>
</operation>
</state>

<state id="6" st_id="6">

<operation id="48" st_id="6" stage="1" lat="4">
<core>RAM</core>
<MemPortIdVec>0 </MemPortIdVec>
<condition id="0">
<or_exp><and_exp><literal name="exitcond_flatten" val="0"/>
</and_exp></or_exp>
</condition>

<Node id="46" bw="8" op_0_bw="22">
<![CDATA[
.reset:23  %R = load i8* %in_channels_ch1_addr, align 1

]]></Node>
<StgValue><ssdm name="R"/></StgValue>
</operation>

<operation id="49" st_id="6" stage="1" lat="4">
<core>RAM</core>
<MemPortIdVec>0 </MemPortIdVec>
<condition id="0">
<or_exp><and_exp><literal name="exitcond_flatten" val="0"/>
</and_exp></or_exp>
</condition>

<Node id="47" bw="8" op_0_bw="22">
<![CDATA[
.reset:24  %G = load i8* %in_channels_ch2_addr, align 1

]]></Node>
<StgValue><ssdm name="G"/></StgValue>
</operation>

<operation id="50" st_id="6" stage="2" lat="4">
<core>RAM</core>
<MemPortIdVec>0 </MemPortIdVec>
<condition id="0">
<or_exp><and_exp><literal name="exitcond_flatten" val="0"/>
</and_exp></or_exp>
</condition>

<Node id="48" bw="8" op_0_bw="22">
<![CDATA[
.reset:25  %B = load i8* %in_channels_ch3_addr, align 1

]]></Node>
<StgValue><ssdm name="B"/></StgValue>
</operation>
</state>

<state id="7" st_id="7">

<operation id="51" st_id="7" stage="1" lat="4">
<core>RAM</core>
<MemPortIdVec>0 </MemPortIdVec>
<condition id="0">
<or_exp><and_exp><literal name="exitcond_flatten" val="0"/>
</and_exp></or_exp>
</condition>

<Node id="48" bw="8" op_0_bw="22">
<![CDATA[
.reset:25  %B = load i8* %in_channels_ch3_addr, align 1

]]></Node>
<StgValue><ssdm name="B"/></StgValue>
</operation>

<operation id="52" st_id="7" stage="1" lat="1">
<core>NULL</core>
<MemPortIdVec></MemPortIdVec>
<condition id="0">
<or_exp><and_exp><literal name="exitcond_flatten" val="0"/>
</and_exp></or_exp>
</condition>

<Node id="49" bw="16" op_0_bw="8">
<![CDATA[
.reset:26  %tmp_40_cast1 = zext i8 %R to i16

]]></Node>
<StgValue><ssdm name="tmp_40_cast1"/></StgValue>
</operation>

<operation id="53" st_id="7" stage="1" lat="1">
<core>NULL</core>
<MemPortIdVec></MemPortIdVec>
<condition id="0">
<or_exp><and_exp><literal name="exitcond_flatten" val="0"/>
</and_exp></or_exp>
</condition>

<Node id="55" bw="16" op_0_bw="8">
<![CDATA[
.reset:32  %tmp_42_cast1 = zext i8 %G to i16

]]></Node>
<StgValue><ssdm name="tmp_42_cast1"/></StgValue>
</operation>

<operation id="54" st_id="7" stage="1" lat="1">
<core>Mul</core>
<MemPortIdVec></MemPortIdVec>
<condition id="0">
<or_exp><and_exp><literal name="exitcond_flatten" val="0"/>
</and_exp></or_exp>
</condition>

<Node id="73" bw="16" op_0_bw="16" op_1_bw="16">
<![CDATA[
.reset:50  %tmp_26 = mul i16 -74, %tmp_42_cast1

]]></Node>
<StgValue><ssdm name="tmp_26"/></StgValue>
</operation>

<operation id="55" st_id="7" stage="1" lat="1">
<core>Mul</core>
<MemPortIdVec></MemPortIdVec>
<condition id="0">
<or_exp><and_exp><literal name="exitcond_flatten" val="0"/>
</and_exp></or_exp>
</condition>

<Node id="85" bw="16" op_0_bw="16" op_1_bw="16">
<![CDATA[
.reset:62  %tmp_30 = mul i16 122, %tmp_40_cast1

]]></Node>
<StgValue><ssdm name="tmp_30"/></StgValue>
</operation>
</state>

<state id="8" st_id="8">

<operation id="56" st_id="8" stage="1" lat="1">
<core>NULL</core>
<MemPortIdVec></MemPortIdVec>
<condition id="0">
<or_exp><and_exp><literal name="exitcond_flatten" val="0"/>
</and_exp></or_exp>
</condition>

<Node id="50" bw="15" op_0_bw="8">
<![CDATA[
.reset:27  %tmp_40_cast2 = zext i8 %R to i15

]]></Node>
<StgValue><ssdm name="tmp_40_cast2"/></StgValue>
</operation>

<operation id="57" st_id="8" stage="1" lat="1">
<core>NULL</core>
<MemPortIdVec></MemPortIdVec>
<condition id="0">
<or_exp><and_exp><literal name="exitcond_flatten" val="0"/>
</and_exp></or_exp>
</condition>

<Node id="51" bw="14" op_0_bw="14" op_1_bw="8" op_2_bw="6">
<![CDATA[
.reset:28  %p_shl5 = call i14 @_ssdm_op_BitConcatenate.i14.i8.i6(i8 %R, i6 0)

]]></Node>
<StgValue><ssdm name="p_shl5"/></StgValue>
</operation>

<operation id="58" st_id="8" stage="1" lat="1">
<core>NULL</core>
<MemPortIdVec></MemPortIdVec>
<condition id="0">
<or_exp><and_exp><literal name="exitcond_flatten" val="0"/>
</and_exp></or_exp>
</condition>

<Node id="52" bw="15" op_0_bw="14">
<![CDATA[
.reset:29  %p_shl5_cast = zext i14 %p_shl5 to i15

]]></Node>
<StgValue><ssdm name="p_shl5_cast"/></StgValue>
</operation>

<operation id="59" st_id="8" stage="1" lat="1">
<core>NULL</core>
<MemPortIdVec></MemPortIdVec>
<condition id="0">
<or_exp><and_exp><literal name="exitcond_flatten" val="0"/>
</and_exp></or_exp>
</condition>

<Node id="53" bw="9" op_0_bw="9" op_1_bw="8" op_2_bw="1">
<![CDATA[
.reset:30  %p_shl6 = call i9 @_ssdm_op_BitConcatenate.i9.i8.i1(i8 %R, i1 false)

]]></Node>
<StgValue><ssdm name="p_shl6"/></StgValue>
</operation>

<operation id="60" st_id="8" stage="1" lat="1">
<core>NULL</core>
<MemPortIdVec></MemPortIdVec>
<condition id="0">
<or_exp><and_exp><literal name="exitcond_flatten" val="0"/>
</and_exp></or_exp>
</condition>

<Node id="54" bw="15" op_0_bw="9">
<![CDATA[
.reset:31  %p_shl6_cast = zext i9 %p_shl6 to i15

]]></Node>
<StgValue><ssdm name="p_shl6_cast"/></StgValue>
</operation>

<operation id="61" st_id="8" stage="1" lat="1">
<core>NULL</core>
<MemPortIdVec></MemPortIdVec>
<condition id="0">
<or_exp><and_exp><literal name="exitcond_flatten" val="0"/>
</and_exp></or_exp>
</condition>

<Node id="56" bw="9" op_0_bw="8">
<![CDATA[
.reset:33  %tmp_42_cast2 = zext i8 %G to i9

]]></Node>
<StgValue><ssdm name="tmp_42_cast2"/></StgValue>
</operation>

<operation id="62" st_id="8" stage="1" lat="1">
<core>NULL</core>
<MemPortIdVec></MemPortIdVec>
<condition id="0">
<or_exp><and_exp><literal name="exitcond_flatten" val="0"/>
</and_exp></or_exp>
</condition>

<Node id="57" bw="15" op_0_bw="15" op_1_bw="8" op_2_bw="7">
<![CDATA[
.reset:34  %p_shl4 = call i15 @_ssdm_op_BitConcatenate.i15.i8.i7(i8 %G, i7 0)

]]></Node>
<StgValue><ssdm name="p_shl4"/></StgValue>
</operation>

<operation id="63" st_id="8" stage="1" lat="1">
<core>NULL</core>
<MemPortIdVec></MemPortIdVec>
<condition id="0">
<or_exp><and_exp><literal name="exitcond_flatten" val="0"/>
</and_exp></or_exp>
</condition>

<Node id="58" bw="16" op_0_bw="15">
<![CDATA[
.reset:35  %p_shl4_cast = zext i15 %p_shl4 to i16

]]></Node>
<StgValue><ssdm name="p_shl4_cast"/></StgValue>
</operation>

<operation id="64" st_id="8" stage="1" lat="1">
<core>NULL</core>
<MemPortIdVec></MemPortIdVec>
<condition id="0">
<or_exp><and_exp><literal name="exitcond_flatten" val="0"/>
</and_exp></or_exp>
</condition>

<Node id="59" bw="13" op_0_bw="8">
<![CDATA[
.reset:36  %tmp_44_cast1 = zext i8 %B to i13

]]></Node>
<StgValue><ssdm name="tmp_44_cast1"/></StgValue>
</operation>

<operation id="65" st_id="8" stage="1" lat="1">
<core>DSP48</core>
<MemPortIdVec></MemPortIdVec>
<condition id="0">
<or_exp><and_exp><literal name="exitcond_flatten" val="0"/>
</and_exp></or_exp>
</condition>

<Node id="60" bw="13" op_0_bw="13" op_1_bw="13">
<![CDATA[
.reset:37  %tmp_22 = mul i13 25, %tmp_44_cast1

]]></Node>
<StgValue><ssdm name="tmp_22"/></StgValue>
</operation>

<operation id="66" st_id="8" stage="1" lat="1">
<core>AddSub</core>
<MemPortIdVec></MemPortIdVec>
<condition id="0">
<or_exp><and_exp><literal name="exitcond_flatten" val="0"/>
</and_exp></or_exp>
</condition>

<Node id="61" bw="15" op_0_bw="15" op_1_bw="15">
<![CDATA[
.reset:38  %tmp2 = add i15 %p_shl6_cast, %p_shl5_cast

]]></Node>
<StgValue><ssdm name="tmp2"/></StgValue>
</operation>

<operation id="67" st_id="8" stage="1" lat="1">
<core>NULL</core>
<MemPortIdVec></MemPortIdVec>
<condition id="0">
<or_exp><and_exp><literal name="exitcond_flatten" val="0"/>
</and_exp></or_exp>
</condition>

<Node id="62" bw="16" op_0_bw="15">
<![CDATA[
.reset:39  %tmp2_cast = zext i15 %tmp2 to i16

]]></Node>
<StgValue><ssdm name="tmp2_cast"/></StgValue>
</operation>

<operation id="68" st_id="8" stage="1" lat="1">
<core>TAddSub</core>
<MemPortIdVec></MemPortIdVec>
<condition id="0">
<or_exp><and_exp><literal name="exitcond_flatten" val="0"/>
</and_exp></or_exp>
</condition>

<Node id="63" bw="16" op_0_bw="16" op_1_bw="16">
<![CDATA[
.reset:40  %tmp1 = add i16 %tmp2_cast, %p_shl4_cast

]]></Node>
<StgValue><ssdm name="tmp1"/></StgValue>
</operation>

<operation id="69" st_id="8" stage="1" lat="1">
<core>AddSub</core>
<MemPortIdVec></MemPortIdVec>
<condition id="0">
<or_exp><and_exp><literal name="exitcond_flatten" val="0"/>
</and_exp></or_exp>
</condition>

<Node id="64" bw="9" op_0_bw="9" op_1_bw="9">
<![CDATA[
.reset:41  %tmp4 = add i9 128, %tmp_42_cast2

]]></Node>
<StgValue><ssdm name="tmp4"/></StgValue>
</operation>

<operation id="70" st_id="8" stage="1" lat="1">
<core>NULL</core>
<MemPortIdVec></MemPortIdVec>
<condition id="0">
<or_exp><and_exp><literal name="exitcond_flatten" val="0"/>
</and_exp></or_exp>
</condition>

<Node id="65" bw="13" op_0_bw="9">
<![CDATA[
.reset:42  %tmp4_cast = zext i9 %tmp4 to i13

]]></Node>
<StgValue><ssdm name="tmp4_cast"/></StgValue>
</operation>

<operation id="71" st_id="8" stage="1" lat="1">
<core>DSP48</core>
<MemPortIdVec></MemPortIdVec>
<condition id="0">
<or_exp><and_exp><literal name="exitcond_flatten" val="0"/>
</and_exp></or_exp>
</condition>

<Node id="66" bw="13" op_0_bw="13" op_1_bw="13">
<![CDATA[
.reset:43  %tmp3 = add i13 %tmp4_cast, %tmp_22

]]></Node>
<StgValue><ssdm name="tmp3"/></StgValue>
</operation>

<operation id="72" st_id="8" stage="1" lat="1">
<core>NULL</core>
<MemPortIdVec></MemPortIdVec>
<condition id="0">
<or_exp><and_exp><literal name="exitcond_flatten" val="0"/>
</and_exp></or_exp>
</condition>

<Node id="67" bw="16" op_0_bw="13">
<![CDATA[
.reset:44  %tmp3_cast = zext i13 %tmp3 to i16

]]></Node>
<StgValue><ssdm name="tmp3_cast"/></StgValue>
</operation>

<operation id="73" st_id="8" stage="1" lat="1">
<core>TAddSub</core>
<MemPortIdVec></MemPortIdVec>
<condition id="0">
<or_exp><and_exp><literal name="exitcond_flatten" val="0"/>
</and_exp></or_exp>
</condition>

<Node id="68" bw="16" op_0_bw="16" op_1_bw="16">
<![CDATA[
.reset:45  %tmp_23 = add i16 %tmp3_cast, %tmp1

]]></Node>
<StgValue><ssdm name="tmp_23"/></StgValue>
</operation>

<operation id="74" st_id="8" stage="1" lat="1">
<core>NULL</core>
<MemPortIdVec></MemPortIdVec>
<condition id="0">
<or_exp><and_exp><literal name="exitcond_flatten" val="0"/>
</and_exp></or_exp>
</condition>

<Node id="69" bw="8" op_0_bw="8" op_1_bw="16" op_2_bw="32" op_3_bw="32">
<![CDATA[
.reset:46  %tmp_24 = call i8 @_ssdm_op_PartSelect.i8.i16.i32.i32(i16 %tmp_23, i32 8, i32 15)

]]></Node>
<StgValue><ssdm name="tmp_24"/></StgValue>
</operation>

<operation id="75" st_id="8" stage="1" lat="1">
<core>DSP48</core>
<MemPortIdVec></MemPortIdVec>
<condition id="0">
<or_exp><and_exp><literal name="exitcond_flatten" val="0"/>
</and_exp></or_exp>
</condition>

<Node id="71" bw="15" op_0_bw="15" op_1_bw="15">
<![CDATA[
.reset:48  %tmp_25 = mul i15 -38, %tmp_40_cast2

]]></Node>
<StgValue><ssdm name="tmp_25"/></StgValue>
</operation>

<operation id="76" st_id="8" stage="1" lat="1">
<core>NULL</core>
<MemPortIdVec></MemPortIdVec>
<condition id="0">
<or_exp><and_exp><literal name="exitcond_flatten" val="0"/>
</and_exp></or_exp>
</condition>

<Node id="72" bw="16" op_0_bw="15">
<![CDATA[
.reset:49  %tmp_51_cast = sext i15 %tmp_25 to i16

]]></Node>
<StgValue><ssdm name="tmp_51_cast"/></StgValue>
</operation>

<operation id="77" st_id="8" stage="1" lat="1">
<core>NULL</core>
<MemPortIdVec></MemPortIdVec>
<condition id="0">
<or_exp><and_exp><literal name="exitcond_flatten" val="0"/>
</and_exp></or_exp>
</condition>

<Node id="74" bw="15" op_0_bw="15" op_1_bw="8" op_2_bw="7">
<![CDATA[
.reset:51  %p_shl2 = call i15 @_ssdm_op_BitConcatenate.i15.i8.i7(i8 %B, i7 0)

]]></Node>
<StgValue><ssdm name="p_shl2"/></StgValue>
</operation>

<operation id="78" st_id="8" stage="1" lat="1">
<core>NULL</core>
<MemPortIdVec></MemPortIdVec>
<condition id="0">
<or_exp><and_exp><literal name="exitcond_flatten" val="0"/>
</and_exp></or_exp>
</condition>

<Node id="75" bw="16" op_0_bw="15">
<![CDATA[
.reset:52  %p_shl2_cast = zext i15 %p_shl2 to i16

]]></Node>
<StgValue><ssdm name="p_shl2_cast"/></StgValue>
</operation>

<operation id="79" st_id="8" stage="1" lat="1">
<core>NULL</core>
<MemPortIdVec></MemPortIdVec>
<condition id="0">
<or_exp><and_exp><literal name="exitcond_flatten" val="0"/>
</and_exp></or_exp>
</condition>

<Node id="76" bw="12" op_0_bw="12" op_1_bw="8" op_2_bw="4">
<![CDATA[
.reset:53  %p_shl3 = call i12 @_ssdm_op_BitConcatenate.i12.i8.i4(i8 %B, i4 0)

]]></Node>
<StgValue><ssdm name="p_shl3"/></StgValue>
</operation>

<operation id="80" st_id="8" stage="1" lat="1">
<core>NULL</core>
<MemPortIdVec></MemPortIdVec>
<condition id="0">
<or_exp><and_exp><literal name="exitcond_flatten" val="0"/>
</and_exp></or_exp>
</condition>

<Node id="77" bw="13" op_0_bw="12">
<![CDATA[
.reset:54  %p_shl3_cast9 = zext i12 %p_shl3 to i13

]]></Node>
<StgValue><ssdm name="p_shl3_cast9"/></StgValue>
</operation>

<operation id="81" st_id="8" stage="1" lat="1">
<core>NULL</core>
<MemPortIdVec></MemPortIdVec>
<condition id="0">
<or_exp><and_exp><literal name="exitcond_flatten" val="0"/>
</and_exp></or_exp>
</condition>

<Node id="78" bw="16" op_0_bw="12">
<![CDATA[
.reset:55  %p_shl3_cast = zext i12 %p_shl3 to i16

]]></Node>
<StgValue><ssdm name="p_shl3_cast"/></StgValue>
</operation>

<operation id="82" st_id="8" stage="1" lat="1">
<core>AddSub</core>
<MemPortIdVec></MemPortIdVec>
<condition id="0">
<or_exp><and_exp><literal name="exitcond_flatten" val="0"/>
</and_exp></or_exp>
</condition>

<Node id="79" bw="16" op_0_bw="16" op_1_bw="16">
<![CDATA[
.reset:56  %tmp_27 = sub i16 %p_shl2_cast, %p_shl3_cast

]]></Node>
<StgValue><ssdm name="tmp_27"/></StgValue>
</operation>

<operation id="83" st_id="8" stage="1" lat="1">
<core>DSP48</core>
<MemPortIdVec></MemPortIdVec>
<condition id="0">
<or_exp><and_exp><literal name="exitcond_flatten" val="0"/>
</and_exp></or_exp>
</condition>

<Node id="80" bw="16" op_0_bw="16" op_1_bw="16">
<![CDATA[
.reset:57  %tmp5 = add i16 %tmp_51_cast, %tmp_26

]]></Node>
<StgValue><ssdm name="tmp5"/></StgValue>
</operation>

<operation id="84" st_id="8" stage="1" lat="1">
<core>TAddSub</core>
<MemPortIdVec></MemPortIdVec>
<condition id="0">
<or_exp><and_exp><literal name="exitcond_flatten" val="0"/>
</and_exp></or_exp>
</condition>

<Node id="81" bw="16" op_0_bw="16" op_1_bw="16">
<![CDATA[
.reset:58  %tmp6 = add i16 128, %tmp_27

]]></Node>
<StgValue><ssdm name="tmp6"/></StgValue>
</operation>

<operation id="85" st_id="8" stage="1" lat="1">
<core>TAddSub</core>
<MemPortIdVec></MemPortIdVec>
<condition id="0">
<or_exp><and_exp><literal name="exitcond_flatten" val="0"/>
</and_exp></or_exp>
</condition>

<Node id="82" bw="16" op_0_bw="16" op_1_bw="16">
<![CDATA[
.reset:59  %tmp_28 = add i16 %tmp6, %tmp5

]]></Node>
<StgValue><ssdm name="tmp_28"/></StgValue>
</operation>

<operation id="86" st_id="8" stage="1" lat="1">
<core>NULL</core>
<MemPortIdVec></MemPortIdVec>
<condition id="0">
<or_exp><and_exp><literal name="exitcond_flatten" val="0"/>
</and_exp></or_exp>
</condition>

<Node id="83" bw="8" op_0_bw="8" op_1_bw="16" op_2_bw="32" op_3_bw="32">
<![CDATA[
.reset:60  %tmp_29 = call i8 @_ssdm_op_PartSelect.i8.i16.i32.i32(i16 %tmp_28, i32 8, i32 15)

]]></Node>
<StgValue><ssdm name="tmp_29"/></StgValue>
</operation>

<operation id="87" st_id="8" stage="1" lat="1">
<core>DSP48</core>
<MemPortIdVec></MemPortIdVec>
<condition id="0">
<or_exp><and_exp><literal name="exitcond_flatten" val="0"/>
</and_exp></or_exp>
</condition>

<Node id="86" bw="16" op_0_bw="16" op_1_bw="16">
<![CDATA[
.reset:63  %tmp_31 = mul i16 -94, %tmp_42_cast1

]]></Node>
<StgValue><ssdm name="tmp_31"/></StgValue>
</operation>

<operation id="88" st_id="8" stage="1" lat="1">
<core>AddSub</core>
<MemPortIdVec></MemPortIdVec>
<condition id="0">
<or_exp><and_exp><literal name="exitcond_flatten" val="0"/>
</and_exp></or_exp>
</condition>

<Node id="87" bw="13" op_0_bw="13" op_1_bw="13">
<![CDATA[
.reset:64  %p_neg = sub i13 0, %p_shl3_cast9

]]></Node>
<StgValue><ssdm name="p_neg"/></StgValue>
</operation>

<operation id="89" st_id="8" stage="1" lat="1">
<core>NULL</core>
<MemPortIdVec></MemPortIdVec>
<condition id="0">
<or_exp><and_exp><literal name="exitcond_flatten" val="0"/>
</and_exp></or_exp>
</condition>

<Node id="88" bw="14" op_0_bw="13">
<![CDATA[
.reset:65  %p_neg_cast = sext i13 %p_neg to i14

]]></Node>
<StgValue><ssdm name="p_neg_cast"/></StgValue>
</operation>

<operation id="90" st_id="8" stage="1" lat="1">
<core>NULL</core>
<MemPortIdVec></MemPortIdVec>
<condition id="0">
<or_exp><and_exp><literal name="exitcond_flatten" val="0"/>
</and_exp></or_exp>
</condition>

<Node id="89" bw="9" op_0_bw="9" op_1_bw="8" op_2_bw="1">
<![CDATA[
.reset:66  %p_shl1 = call i9 @_ssdm_op_BitConcatenate.i9.i8.i1(i8 %B, i1 false)

]]></Node>
<StgValue><ssdm name="p_shl1"/></StgValue>
</operation>

<operation id="91" st_id="8" stage="1" lat="1">
<core>NULL</core>
<MemPortIdVec></MemPortIdVec>
<condition id="0">
<or_exp><and_exp><literal name="exitcond_flatten" val="0"/>
</and_exp></or_exp>
</condition>

<Node id="90" bw="14" op_0_bw="9">
<![CDATA[
.reset:67  %p_shl1_cast = zext i9 %p_shl1 to i14

]]></Node>
<StgValue><ssdm name="p_shl1_cast"/></StgValue>
</operation>

<operation id="92" st_id="8" stage="1" lat="1">
<core>TAddSub</core>
<MemPortIdVec></MemPortIdVec>
<condition id="0">
<or_exp><and_exp><literal name="exitcond_flatten" val="0"/>
</and_exp></or_exp>
</condition>

<Node id="91" bw="14" op_0_bw="14" op_1_bw="14">
<![CDATA[
.reset:68  %tmp_32 = sub i14 %p_neg_cast, %p_shl1_cast

]]></Node>
<StgValue><ssdm name="tmp_32"/></StgValue>
</operation>

<operation id="93" st_id="8" stage="1" lat="1">
<core>DSP48</core>
<MemPortIdVec></MemPortIdVec>
<condition id="0">
<or_exp><and_exp><literal name="exitcond_flatten" val="0"/>
</and_exp></or_exp>
</condition>

<Node id="92" bw="16" op_0_bw="16" op_1_bw="16">
<![CDATA[
.reset:69  %tmp7 = add i16 %tmp_30, %tmp_31

]]></Node>
<StgValue><ssdm name="tmp7"/></StgValue>
</operation>

<operation id="94" st_id="8" stage="1" lat="1">
<core>TAddSub</core>
<MemPortIdVec></MemPortIdVec>
<condition id="0">
<or_exp><and_exp><literal name="exitcond_flatten" val="0"/>
</and_exp></or_exp>
</condition>

<Node id="93" bw="14" op_0_bw="14" op_1_bw="14">
<![CDATA[
.reset:70  %tmp8 = add i14 128, %tmp_32

]]></Node>
<StgValue><ssdm name="tmp8"/></StgValue>
</operation>

<operation id="95" st_id="8" stage="1" lat="1">
<core>NULL</core>
<MemPortIdVec></MemPortIdVec>
<condition id="0">
<or_exp><and_exp><literal name="exitcond_flatten" val="0"/>
</and_exp></or_exp>
</condition>

<Node id="94" bw="16" op_0_bw="14">
<![CDATA[
.reset:71  %tmp8_cast = sext i14 %tmp8 to i16

]]></Node>
<StgValue><ssdm name="tmp8_cast"/></StgValue>
</operation>

<operation id="96" st_id="8" stage="1" lat="1">
<core>AddSub</core>
<MemPortIdVec></MemPortIdVec>
<condition id="0">
<or_exp><and_exp><literal name="exitcond_flatten" val="0"/>
</and_exp></or_exp>
</condition>

<Node id="95" bw="16" op_0_bw="16" op_1_bw="16">
<![CDATA[
.reset:72  %tmp_33 = add i16 %tmp8_cast, %tmp7

]]></Node>
<StgValue><ssdm name="tmp_33"/></StgValue>
</operation>

<operation id="97" st_id="8" stage="1" lat="1">
<core>NULL</core>
<MemPortIdVec></MemPortIdVec>
<condition id="0">
<or_exp><and_exp><literal name="exitcond_flatten" val="0"/>
</and_exp></or_exp>
</condition>

<Node id="96" bw="8" op_0_bw="8" op_1_bw="16" op_2_bw="32" op_3_bw="32">
<![CDATA[
.reset:73  %tmp_34 = call i8 @_ssdm_op_PartSelect.i8.i16.i32.i32(i16 %tmp_33, i32 8, i32 15)

]]></Node>
<StgValue><ssdm name="tmp_34"/></StgValue>
</operation>
</state>

<state id="9" st_id="9">

<operation id="98" st_id="9" stage="1" lat="1">
<core>NULL</core>
<MemPortIdVec></MemPortIdVec>
<condition id="0">
<or_exp><and_exp><literal name="exitcond_flatten" val="0"/>
</and_exp></or_exp>
</condition>

<Node id="43" bw="22" op_0_bw="8" op_1_bw="32" op_2_bw="32">
<![CDATA[
.reset:20  %out_channels_ch1_add = getelementptr [2457600 x i8]* %out_channels_ch1, i32 0, i32 %tmp_42_cast

]]></Node>
<StgValue><ssdm name="out_channels_ch1_add"/></StgValue>
</operation>

<operation id="99" st_id="9" stage="1" lat="1">
<core>NULL</core>
<MemPortIdVec></MemPortIdVec>
<condition id="0">
<or_exp><and_exp><literal name="exitcond_flatten" val="0"/>
</and_exp></or_exp>
</condition>

<Node id="44" bw="22" op_0_bw="8" op_1_bw="32" op_2_bw="32">
<![CDATA[
.reset:21  %out_channels_ch2_add = getelementptr [2457600 x i8]* %out_channels_ch2, i32 0, i32 %tmp_42_cast

]]></Node>
<StgValue><ssdm name="out_channels_ch2_add"/></StgValue>
</operation>

<operation id="100" st_id="9" stage="1" lat="1">
<core>NULL</core>
<MemPortIdVec></MemPortIdVec>
<condition id="0">
<or_exp><and_exp><literal name="exitcond_flatten" val="0"/>
</and_exp></or_exp>
</condition>

<Node id="45" bw="22" op_0_bw="8" op_1_bw="32" op_2_bw="32">
<![CDATA[
.reset:22  %out_channels_ch3_add = getelementptr [2457600 x i8]* %out_channels_ch3, i32 0, i32 %tmp_42_cast

]]></Node>
<StgValue><ssdm name="out_channels_ch3_add"/></StgValue>
</operation>

<operation id="101" st_id="9" stage="1" lat="1">
<core>AddSub</core>
<MemPortIdVec></MemPortIdVec>
<condition id="0">
<or_exp><and_exp><literal name="exitcond_flatten" val="0"/>
</and_exp></or_exp>
</condition>

<Node id="70" bw="8" op_0_bw="8" op_1_bw="8">
<![CDATA[
.reset:47  %Y = add i8 16, %tmp_24

]]></Node>
<StgValue><ssdm name="Y"/></StgValue>
</operation>

<operation id="102" st_id="9" stage="1" lat="1">
<core>LogicGate</core>
<MemPortIdVec></MemPortIdVec>
<condition id="0">
<or_exp><and_exp><literal name="exitcond_flatten" val="0"/>
</and_exp></or_exp>
</condition>

<Node id="84" bw="8" op_0_bw="8" op_1_bw="8">
<![CDATA[
.reset:61  %U = xor i8 %tmp_29, -128

]]></Node>
<StgValue><ssdm name="U"/></StgValue>
</operation>

<operation id="103" st_id="9" stage="1" lat="1">
<core>LogicGate</core>
<MemPortIdVec></MemPortIdVec>
<condition id="0">
<or_exp><and_exp><literal name="exitcond_flatten" val="0"/>
</and_exp></or_exp>
</condition>

<Node id="97" bw="8" op_0_bw="8" op_1_bw="8">
<![CDATA[
.reset:74  %V = xor i8 %tmp_34, -128

]]></Node>
<StgValue><ssdm name="V"/></StgValue>
</operation>

<operation id="104" st_id="9" stage="2" lat="2">
<core>RAM</core>
<MemPortIdVec>0 </MemPortIdVec>
<condition id="0">
<or_exp><and_exp><literal name="exitcond_flatten" val="0"/>
</and_exp></or_exp>
</condition>

<Node id="98" bw="0" op_0_bw="8" op_1_bw="22">
<![CDATA[
.reset:75  store i8 %Y, i8* %out_channels_ch1_add, align 1

]]></Node>
<StgValue><ssdm name=""/></StgValue>
</operation>

<operation id="105" st_id="9" stage="2" lat="2">
<core>RAM</core>
<MemPortIdVec>0 </MemPortIdVec>
<condition id="0">
<or_exp><and_exp><literal name="exitcond_flatten" val="0"/>
</and_exp></or_exp>
</condition>

<Node id="99" bw="0" op_0_bw="8" op_1_bw="22">
<![CDATA[
.reset:76  store i8 %U, i8* %out_channels_ch2_add, align 1

]]></Node>
<StgValue><ssdm name=""/></StgValue>
</operation>

<operation id="106" st_id="9" stage="2" lat="2">
<core>RAM</core>
<MemPortIdVec>0 </MemPortIdVec>
<condition id="0">
<or_exp><and_exp><literal name="exitcond_flatten" val="0"/>
</and_exp></or_exp>
</condition>

<Node id="100" bw="0" op_0_bw="8" op_1_bw="22">
<![CDATA[
.reset:77  store i8 %V, i8* %out_channels_ch3_add, align 1

]]></Node>
<StgValue><ssdm name=""/></StgValue>
</operation>
</state>

<state id="10" st_id="10">

<operation id="107" st_id="10" stage="1" lat="1">
<core>NULL</core>
<MemPortIdVec></MemPortIdVec>
<condition id="0">
<or_exp><and_exp><literal name="exitcond_flatten" val="0"/>
</and_exp></or_exp>
</condition>

<Node id="24" bw="0" op_0_bw="0" op_1_bw="0">
<![CDATA[
.reset:1  call void (...)* @_ssdm_op_SpecLoopName([30 x i8]* @RGB2YUV_LOOP_X_RGB2Y)

]]></Node>
<StgValue><ssdm name=""/></StgValue>
</operation>

<operation id="108" st_id="10" stage="1" lat="1">
<core>NULL</core>
<MemPortIdVec></MemPortIdVec>
<condition id="0">
<or_exp><and_exp><literal name="exitcond_flatten" val="0"/>
</and_exp></or_exp>
</condition>

<Node id="25" bw="0" op_0_bw="0" op_1_bw="64" op_2_bw="64" op_3_bw="64">
<![CDATA[
.reset:2  call void (...)* @_ssdm_op_SpecLoopTripCount(i64 40000, i64 2457600, i64 784400)

]]></Node>
<StgValue><ssdm name=""/></StgValue>
</operation>

<operation id="109" st_id="10" stage="1" lat="1">
<core>NULL</core>
<MemPortIdVec></MemPortIdVec>
<condition id="0">
<or_exp><and_exp><literal name="exitcond_flatten" val="0"/>
</and_exp></or_exp>
</condition>

<Node id="34" bw="0" op_0_bw="0" op_1_bw="0">
<![CDATA[
.reset:11  call void (...)* @_ssdm_op_SpecLoopName([15 x i8]* @p_str2) nounwind

]]></Node>
<StgValue><ssdm name=""/></StgValue>
</operation>

<operation id="110" st_id="10" stage="1" lat="1">
<core>NULL</core>
<MemPortIdVec></MemPortIdVec>
<condition id="0">
<or_exp><and_exp><literal name="exitcond_flatten" val="0"/>
</and_exp></or_exp>
</condition>

<Node id="35" bw="32" op_0_bw="32" op_1_bw="0">
<![CDATA[
.reset:12  %tmp_19 = call i32 (...)* @_ssdm_op_SpecRegionBegin([15 x i8]* @p_str2)

]]></Node>
<StgValue><ssdm name="tmp_19"/></StgValue>
</operation>

<operation id="111" st_id="10" stage="1" lat="1">
<core>NULL</core>
<MemPortIdVec></MemPortIdVec>
<condition id="0">
<or_exp><and_exp><literal name="exitcond_flatten" val="0"/>
</and_exp></or_exp>
</condition>

<Node id="36" bw="0" op_0_bw="0" op_1_bw="32" op_2_bw="32" op_3_bw="32" op_4_bw="32" op_5_bw="0">
<![CDATA[
.reset:13  call void (...)* @_ssdm_op_SpecPipeline(i32 -1, i32 1, i32 1, i32 0, [1 x i8]* @p_str1) nounwind

]]></Node>
<StgValue><ssdm name=""/></StgValue>
</operation>

<operation id="112" st_id="10" stage="1" lat="2">
<core>RAM</core>
<MemPortIdVec>0 </MemPortIdVec>
<condition id="0">
<or_exp><and_exp><literal name="exitcond_flatten" val="0"/>
</and_exp></or_exp>
</condition>

<Node id="98" bw="0" op_0_bw="8" op_1_bw="22">
<![CDATA[
.reset:75  store i8 %Y, i8* %out_channels_ch1_add, align 1

]]></Node>
<StgValue><ssdm name=""/></StgValue>
</operation>

<operation id="113" st_id="10" stage="1" lat="2">
<core>RAM</core>
<MemPortIdVec>0 </MemPortIdVec>
<condition id="0">
<or_exp><and_exp><literal name="exitcond_flatten" val="0"/>
</and_exp></or_exp>
</condition>

<Node id="99" bw="0" op_0_bw="8" op_1_bw="22">
<![CDATA[
.reset:76  store i8 %U, i8* %out_channels_ch2_add, align 1

]]></Node>
<StgValue><ssdm name=""/></StgValue>
</operation>

<operation id="114" st_id="10" stage="1" lat="2">
<core>RAM</core>
<MemPortIdVec>0 </MemPortIdVec>
<condition id="0">
<or_exp><and_exp><literal name="exitcond_flatten" val="0"/>
</and_exp></or_exp>
</condition>

<Node id="100" bw="0" op_0_bw="8" op_1_bw="22">
<![CDATA[
.reset:77  store i8 %V, i8* %out_channels_ch3_add, align 1

]]></Node>
<StgValue><ssdm name=""/></StgValue>
</operation>

<operation id="115" st_id="10" stage="1" lat="1">
<core>NULL</core>
<MemPortIdVec></MemPortIdVec>
<condition id="0">
<or_exp><and_exp><literal name="exitcond_flatten" val="0"/>
</and_exp></or_exp>
</condition>

<Node id="101" bw="32" op_0_bw="32" op_1_bw="0" op_2_bw="32">
<![CDATA[
.reset:78  %empty = call i32 (...)* @_ssdm_op_SpecRegionEnd([15 x i8]* @p_str2, i32 %tmp_19)

]]></Node>
<StgValue><ssdm name="empty"/></StgValue>
</operation>

<operation id="116" st_id="10" stage="1" lat="1">
<core>NULL</core>
<MemPortIdVec></MemPortIdVec>
<condition id="0">
<or_exp><and_exp><literal name="exitcond_flatten" val="0"/>
</and_exp></or_exp>
</condition>

<Node id="103" bw="0" op_0_bw="0">
<![CDATA[
.reset:80  br label %1

]]></Node>
<StgValue><ssdm name=""/></StgValue>
</operation>
</state>

<state id="11" st_id="11">

<operation id="117" st_id="11" stage="1" lat="1">
<core>NULL</core>
<MemPortIdVec></MemPortIdVec>
<condition id="21">
<or_exp><and_exp></and_exp></or_exp>
</condition>

<Node id="105" bw="32" op_0_bw="32" op_1_bw="16">
<![CDATA[
:0  %mrv = insertvalue { i16, i16 } undef, i16 %in_width_read_3, 0

]]></Node>
<StgValue><ssdm name="mrv"/></StgValue>
</operation>

<operation id="118" st_id="11" stage="1" lat="1">
<core>NULL</core>
<MemPortIdVec></MemPortIdVec>
<condition id="21">
<or_exp><and_exp></and_exp></or_exp>
</condition>

<Node id="106" bw="32" op_0_bw="32" op_1_bw="16">
<![CDATA[
:1  %mrv_1 = insertvalue { i16, i16 } %mrv, i16 %in_height_read11, 1

]]></Node>
<StgValue><ssdm name="mrv_1"/></StgValue>
</operation>

<operation id="119" st_id="11" stage="1" lat="1">
<core>NULL</core>
<MemPortIdVec></MemPortIdVec>
<condition id="21">
<or_exp><and_exp></and_exp></or_exp>
</condition>

<Node id="107" bw="0" op_0_bw="32">
<![CDATA[
:2  ret { i16, i16 } %mrv_1

]]></Node>
<StgValue><ssdm name=""/></StgValue>
</operation>
</state>
</state_list>


<ports>
<port id="143" name="in_channels_ch1" dir="0" iftype="1">
<core>RAM</core><StgValue><ssdm name="in_channels_ch1"/><MemPortTyVec>1 3 </MemPortTyVec>
</StgValue>
</port>
<port id="144" name="in_channels_ch2" dir="0" iftype="1">
<core>RAM</core><StgValue><ssdm name="in_channels_ch2"/><MemPortTyVec>1 3 </MemPortTyVec>
</StgValue>
</port>
<port id="145" name="in_channels_ch3" dir="0" iftype="1">
<core>RAM</core><StgValue><ssdm name="in_channels_ch3"/><MemPortTyVec>1 3 </MemPortTyVec>
</StgValue>
</port>
<port id="146" name="in_width_read" dir="0" iftype="0">
<core>NULL</core><StgValue><ssdm name="in_width_read"/></StgValue>
</port>
<port id="147" name="in_height_read" dir="0" iftype="0">
<core>NULL</core><StgValue><ssdm name="in_height_read"/></StgValue>
</port>
<port id="148" name="out_channels_ch1" dir="1" iftype="1">
<core>RAM</core><StgValue><ssdm name="out_channels_ch1"/><MemPortTyVec>0 3 </MemPortTyVec>
</StgValue>
</port>
<port id="149" name="out_channels_ch2" dir="1" iftype="1">
<core>RAM</core><StgValue><ssdm name="out_channels_ch2"/><MemPortTyVec>0 3 </MemPortTyVec>
</StgValue>
</port>
<port id="150" name="out_channels_ch3" dir="1" iftype="1">
<core>RAM</core><StgValue><ssdm name="out_channels_ch3"/><MemPortTyVec>0 3 </MemPortTyVec>
</StgValue>
</port>
</ports>


<dataflows>
<dataflow id="152" from="_ssdm_op_Read.ap_auto.i16" to="in_height_read11" fromId="151" toId="12">
</dataflow>
<dataflow id="153" from="in_height_read" to="in_height_read11" fromId="147" toId="12">
</dataflow>
<dataflow id="154" from="_ssdm_op_Read.ap_auto.i16" to="in_width_read_3" fromId="151" toId="13">
</dataflow>
<dataflow id="155" from="in_width_read" to="in_width_read_3" fromId="146" toId="13">
</dataflow>
<dataflow id="156" from="in_width_read_3" to="cast" fromId="13" toId="14">
</dataflow>
<dataflow id="157" from="in_height_read11" to="cast1" fromId="12" toId="15">
</dataflow>
<dataflow id="158" from="cast1" to="bound" fromId="15" toId="16">
</dataflow>
<dataflow id="159" from="cast" to="bound" fromId="14" toId="16">
</dataflow>
<dataflow id="161" from="StgValue_160" to="indvar_flatten" fromId="160" toId="18">
<condition id="58">
<or_exp><and_exp></and_exp></or_exp>
</condition>
</dataflow>
<dataflow id="162" from="StgValue_17" to="indvar_flatten" fromId="17" toId="18">
</dataflow>
<dataflow id="163" from="indvar_flatten_next" to="indvar_flatten" fromId="22" toId="18">
<BackEdge/>
<condition id="59">
<or_exp><and_exp><literal name="exitcond_flatten" val="0"/>
</and_exp></or_exp>
</condition>
</dataflow>
<dataflow id="164" from="StgValue_116" to="indvar_flatten" fromId="116" toId="18">
<BackEdge/>
</dataflow>
<dataflow id="166" from="StgValue_165" to="x" fromId="165" toId="19">
<condition id="60">
<or_exp><and_exp></and_exp></or_exp>
</condition>
</dataflow>
<dataflow id="167" from="StgValue_17" to="x" fromId="17" toId="19">
</dataflow>
<dataflow id="168" from="tmp_mid2_v" to="x" fromId="27" toId="19">
<BackEdge/>
<condition id="61">
<or_exp><and_exp><literal name="exitcond_flatten" val="0"/>
</and_exp></or_exp>
</condition>
</dataflow>
<dataflow id="169" from="StgValue_116" to="x" fromId="116" toId="19">
<BackEdge/>
</dataflow>
<dataflow id="170" from="StgValue_165" to="y" fromId="165" toId="20">
<condition id="62">
<or_exp><and_exp></and_exp></or_exp>
</condition>
</dataflow>
<dataflow id="171" from="StgValue_17" to="y" fromId="17" toId="20">
</dataflow>
<dataflow id="172" from="y_3" to="y" fromId="35" toId="20">
<BackEdge/>
<condition id="63">
<or_exp><and_exp><literal name="exitcond_flatten" val="0"/>
</and_exp></or_exp>
</condition>
</dataflow>
<dataflow id="173" from="StgValue_116" to="y" fromId="116" toId="20">
<BackEdge/>
</dataflow>
<dataflow id="174" from="indvar_flatten" to="exitcond_flatten" fromId="18" toId="21">
</dataflow>
<dataflow id="175" from="bound" to="exitcond_flatten" fromId="16" toId="21">
</dataflow>
<dataflow id="176" from="indvar_flatten" to="indvar_flatten_next" fromId="18" toId="22">
</dataflow>
<dataflow id="178" from="StgValue_177" to="indvar_flatten_next" fromId="177" toId="22">
</dataflow>
<dataflow id="179" from="exitcond_flatten" to="StgValue_23" fromId="21" toId="23">
</dataflow>
<dataflow id="181" from="StgValue_180" to="x_3" fromId="180" toId="24">
</dataflow>
<dataflow id="182" from="x" to="x_3" fromId="19" toId="24">
</dataflow>
<dataflow id="183" from="y" to="exitcond9" fromId="20" toId="25">
</dataflow>
<dataflow id="184" from="in_height_read11" to="exitcond9" fromId="12" toId="25">
</dataflow>
<dataflow id="185" from="exitcond9" to="y_mid2" fromId="25" toId="26">
</dataflow>
<dataflow id="186" from="StgValue_165" to="y_mid2" fromId="165" toId="26">
</dataflow>
<dataflow id="187" from="y" to="y_mid2" fromId="20" toId="26">
</dataflow>
<dataflow id="188" from="exitcond9" to="tmp_mid2_v" fromId="25" toId="27">
</dataflow>
<dataflow id="189" from="x_3" to="tmp_mid2_v" fromId="24" toId="27">
</dataflow>
<dataflow id="190" from="x" to="tmp_mid2_v" fromId="19" toId="27">
</dataflow>
<dataflow id="191" from="tmp_mid2_v" to="tmp" fromId="27" toId="28">
</dataflow>
<dataflow id="193" from="_ssdm_op_BitConcatenate.i23.i13.i10" to="p_shl_cast" fromId="192" toId="29">
</dataflow>
<dataflow id="194" from="tmp" to="p_shl_cast" fromId="28" toId="29">
</dataflow>
<dataflow id="196" from="StgValue_195" to="p_shl_cast" fromId="195" toId="29">
</dataflow>
<dataflow id="197" from="tmp_mid2_v" to="tmp_21" fromId="27" toId="30">
</dataflow>
<dataflow id="199" from="_ssdm_op_BitConcatenate.i23.i15.i8" to="p_shl7_cast" fromId="198" toId="31">
</dataflow>
<dataflow id="200" from="tmp_21" to="p_shl7_cast" fromId="30" toId="31">
</dataflow>
<dataflow id="202" from="StgValue_201" to="p_shl7_cast" fromId="201" toId="31">
</dataflow>
<dataflow id="203" from="p_shl_cast" to="tmp_s" fromId="29" toId="32">
</dataflow>
<dataflow id="204" from="p_shl7_cast" to="tmp_s" fromId="31" toId="32">
</dataflow>
<dataflow id="205" from="y_mid2" to="tmp_cast" fromId="26" toId="33">
</dataflow>
<dataflow id="206" from="tmp_cast" to="tmp_20" fromId="33" toId="34">
</dataflow>
<dataflow id="207" from="tmp_s" to="tmp_20" fromId="32" toId="34">
</dataflow>
<dataflow id="208" from="StgValue_180" to="y_3" fromId="180" toId="35">
</dataflow>
<dataflow id="209" from="y_mid2" to="y_3" fromId="26" toId="35">
</dataflow>
<dataflow id="210" from="tmp_20" to="tmp_42_cast" fromId="34" toId="36">
</dataflow>
<dataflow id="211" from="in_channels_ch1" to="in_channels_ch1_addr" fromId="143" toId="37">
</dataflow>
<dataflow id="212" from="StgValue_160" to="in_channels_ch1_addr" fromId="160" toId="37">
</dataflow>
<dataflow id="213" from="tmp_42_cast" to="in_channels_ch1_addr" fromId="36" toId="37">
</dataflow>
<dataflow id="214" from="in_channels_ch2" to="in_channels_ch2_addr" fromId="144" toId="38">
</dataflow>
<dataflow id="215" from="StgValue_160" to="in_channels_ch2_addr" fromId="160" toId="38">
</dataflow>
<dataflow id="216" from="tmp_42_cast" to="in_channels_ch2_addr" fromId="36" toId="38">
</dataflow>
<dataflow id="217" from="in_channels_ch1_addr" to="R" fromId="37" toId="39">
</dataflow>
<dataflow id="218" from="in_channels_ch2_addr" to="G" fromId="38" toId="40">
</dataflow>
<dataflow id="219" from="in_channels_ch3" to="in_channels_ch3_addr" fromId="145" toId="41">
</dataflow>
<dataflow id="220" from="StgValue_160" to="in_channels_ch3_addr" fromId="160" toId="41">
</dataflow>
<dataflow id="221" from="tmp_42_cast" to="in_channels_ch3_addr" fromId="36" toId="41">
</dataflow>
<dataflow id="222" from="in_channels_ch1_addr" to="R" fromId="37" toId="42">
</dataflow>
<dataflow id="223" from="in_channels_ch2_addr" to="G" fromId="38" toId="43">
</dataflow>
<dataflow id="224" from="in_channels_ch3_addr" to="B" fromId="41" toId="44">
</dataflow>
<dataflow id="225" from="in_channels_ch1_addr" to="R" fromId="37" toId="45">
</dataflow>
<dataflow id="226" from="in_channels_ch2_addr" to="G" fromId="38" toId="46">
</dataflow>
<dataflow id="227" from="in_channels_ch3_addr" to="B" fromId="41" toId="47">
</dataflow>
<dataflow id="228" from="in_channels_ch1_addr" to="R" fromId="37" toId="48">
</dataflow>
<dataflow id="229" from="in_channels_ch2_addr" to="G" fromId="38" toId="49">
</dataflow>
<dataflow id="230" from="in_channels_ch3_addr" to="B" fromId="41" toId="50">
</dataflow>
<dataflow id="231" from="in_channels_ch3_addr" to="B" fromId="41" toId="51">
</dataflow>
<dataflow id="232" from="R" to="tmp_40_cast1" fromId="48" toId="52">
</dataflow>
<dataflow id="233" from="G" to="tmp_42_cast1" fromId="49" toId="53">
</dataflow>
<dataflow id="235" from="StgValue_234" to="tmp_26" fromId="234" toId="54">
</dataflow>
<dataflow id="236" from="tmp_42_cast1" to="tmp_26" fromId="53" toId="54">
</dataflow>
<dataflow id="238" from="StgValue_237" to="tmp_30" fromId="237" toId="55">
</dataflow>
<dataflow id="239" from="tmp_40_cast1" to="tmp_30" fromId="52" toId="55">
</dataflow>
<dataflow id="240" from="R" to="tmp_40_cast2" fromId="48" toId="56">
</dataflow>
<dataflow id="242" from="_ssdm_op_BitConcatenate.i14.i8.i6" to="p_shl5" fromId="241" toId="57">
</dataflow>
<dataflow id="243" from="R" to="p_shl5" fromId="48" toId="57">
</dataflow>
<dataflow id="245" from="StgValue_244" to="p_shl5" fromId="244" toId="57">
</dataflow>
<dataflow id="246" from="p_shl5" to="p_shl5_cast" fromId="57" toId="58">
</dataflow>
<dataflow id="248" from="_ssdm_op_BitConcatenate.i9.i8.i1" to="p_shl6" fromId="247" toId="59">
</dataflow>
<dataflow id="249" from="R" to="p_shl6" fromId="48" toId="59">
</dataflow>
<dataflow id="251" from="StgValue_250" to="p_shl6" fromId="250" toId="59">
</dataflow>
<dataflow id="252" from="p_shl6" to="p_shl6_cast" fromId="59" toId="60">
</dataflow>
<dataflow id="253" from="G" to="tmp_42_cast2" fromId="49" toId="61">
</dataflow>
<dataflow id="255" from="_ssdm_op_BitConcatenate.i15.i8.i7" to="p_shl4" fromId="254" toId="62">
</dataflow>
<dataflow id="256" from="G" to="p_shl4" fromId="49" toId="62">
</dataflow>
<dataflow id="258" from="StgValue_257" to="p_shl4" fromId="257" toId="62">
</dataflow>
<dataflow id="259" from="p_shl4" to="p_shl4_cast" fromId="62" toId="63">
</dataflow>
<dataflow id="260" from="B" to="tmp_44_cast1" fromId="51" toId="64">
</dataflow>
<dataflow id="262" from="StgValue_261" to="tmp_22" fromId="261" toId="65">
</dataflow>
<dataflow id="263" from="tmp_44_cast1" to="tmp_22" fromId="64" toId="65">
</dataflow>
<dataflow id="264" from="p_shl6_cast" to="tmp2" fromId="60" toId="66">
</dataflow>
<dataflow id="265" from="p_shl5_cast" to="tmp2" fromId="58" toId="66">
</dataflow>
<dataflow id="266" from="tmp2" to="tmp2_cast" fromId="66" toId="67">
</dataflow>
<dataflow id="267" from="tmp2_cast" to="tmp1" fromId="67" toId="68">
</dataflow>
<dataflow id="268" from="p_shl4_cast" to="tmp1" fromId="63" toId="68">
</dataflow>
<dataflow id="270" from="StgValue_269" to="tmp4" fromId="269" toId="69">
</dataflow>
<dataflow id="271" from="tmp_42_cast2" to="tmp4" fromId="61" toId="69">
</dataflow>
<dataflow id="272" from="tmp4" to="tmp4_cast" fromId="69" toId="70">
</dataflow>
<dataflow id="273" from="tmp4_cast" to="tmp3" fromId="70" toId="71">
</dataflow>
<dataflow id="274" from="tmp_22" to="tmp3" fromId="65" toId="71">
</dataflow>
<dataflow id="275" from="tmp3" to="tmp3_cast" fromId="71" toId="72">
</dataflow>
<dataflow id="276" from="tmp3_cast" to="tmp_23" fromId="72" toId="73">
</dataflow>
<dataflow id="277" from="tmp1" to="tmp_23" fromId="68" toId="73">
</dataflow>
<dataflow id="279" from="_ssdm_op_PartSelect.i8.i16.i32.i32" to="tmp_24" fromId="278" toId="74">
</dataflow>
<dataflow id="280" from="tmp_23" to="tmp_24" fromId="73" toId="74">
</dataflow>
<dataflow id="282" from="StgValue_281" to="tmp_24" fromId="281" toId="74">
</dataflow>
<dataflow id="284" from="StgValue_283" to="tmp_24" fromId="283" toId="74">
</dataflow>
<dataflow id="286" from="StgValue_285" to="tmp_25" fromId="285" toId="75">
</dataflow>
<dataflow id="287" from="tmp_40_cast2" to="tmp_25" fromId="56" toId="75">
</dataflow>
<dataflow id="288" from="tmp_25" to="tmp_51_cast" fromId="75" toId="76">
</dataflow>
<dataflow id="289" from="_ssdm_op_BitConcatenate.i15.i8.i7" to="p_shl2" fromId="254" toId="77">
</dataflow>
<dataflow id="290" from="B" to="p_shl2" fromId="51" toId="77">
</dataflow>
<dataflow id="291" from="StgValue_257" to="p_shl2" fromId="257" toId="77">
</dataflow>
<dataflow id="292" from="p_shl2" to="p_shl2_cast" fromId="77" toId="78">
</dataflow>
<dataflow id="294" from="_ssdm_op_BitConcatenate.i12.i8.i4" to="p_shl3" fromId="293" toId="79">
</dataflow>
<dataflow id="295" from="B" to="p_shl3" fromId="51" toId="79">
</dataflow>
<dataflow id="297" from="StgValue_296" to="p_shl3" fromId="296" toId="79">
</dataflow>
<dataflow id="298" from="p_shl3" to="p_shl3_cast9" fromId="79" toId="80">
</dataflow>
<dataflow id="299" from="p_shl3" to="p_shl3_cast" fromId="79" toId="81">
</dataflow>
<dataflow id="300" from="p_shl2_cast" to="tmp_27" fromId="78" toId="82">
</dataflow>
<dataflow id="301" from="p_shl3_cast" to="tmp_27" fromId="81" toId="82">
</dataflow>
<dataflow id="302" from="tmp_51_cast" to="tmp5" fromId="76" toId="83">
</dataflow>
<dataflow id="303" from="tmp_26" to="tmp5" fromId="54" toId="83">
</dataflow>
<dataflow id="305" from="StgValue_304" to="tmp6" fromId="304" toId="84">
</dataflow>
<dataflow id="306" from="tmp_27" to="tmp6" fromId="82" toId="84">
</dataflow>
<dataflow id="307" from="tmp6" to="tmp_28" fromId="84" toId="85">
</dataflow>
<dataflow id="308" from="tmp5" to="tmp_28" fromId="83" toId="85">
</dataflow>
<dataflow id="309" from="_ssdm_op_PartSelect.i8.i16.i32.i32" to="tmp_29" fromId="278" toId="86">
</dataflow>
<dataflow id="310" from="tmp_28" to="tmp_29" fromId="85" toId="86">
</dataflow>
<dataflow id="311" from="StgValue_281" to="tmp_29" fromId="281" toId="86">
</dataflow>
<dataflow id="312" from="StgValue_283" to="tmp_29" fromId="283" toId="86">
</dataflow>
<dataflow id="314" from="StgValue_313" to="tmp_31" fromId="313" toId="87">
</dataflow>
<dataflow id="315" from="tmp_42_cast1" to="tmp_31" fromId="53" toId="87">
</dataflow>
<dataflow id="317" from="StgValue_316" to="p_neg" fromId="316" toId="88">
</dataflow>
<dataflow id="318" from="p_shl3_cast9" to="p_neg" fromId="80" toId="88">
</dataflow>
<dataflow id="319" from="p_neg" to="p_neg_cast" fromId="88" toId="89">
</dataflow>
<dataflow id="320" from="_ssdm_op_BitConcatenate.i9.i8.i1" to="p_shl1" fromId="247" toId="90">
</dataflow>
<dataflow id="321" from="B" to="p_shl1" fromId="51" toId="90">
</dataflow>
<dataflow id="322" from="StgValue_250" to="p_shl1" fromId="250" toId="90">
</dataflow>
<dataflow id="323" from="p_shl1" to="p_shl1_cast" fromId="90" toId="91">
</dataflow>
<dataflow id="324" from="p_neg_cast" to="tmp_32" fromId="89" toId="92">
</dataflow>
<dataflow id="325" from="p_shl1_cast" to="tmp_32" fromId="91" toId="92">
</dataflow>
<dataflow id="326" from="tmp_30" to="tmp7" fromId="55" toId="93">
</dataflow>
<dataflow id="327" from="tmp_31" to="tmp7" fromId="87" toId="93">
</dataflow>
<dataflow id="329" from="StgValue_328" to="tmp8" fromId="328" toId="94">
</dataflow>
<dataflow id="330" from="tmp_32" to="tmp8" fromId="92" toId="94">
</dataflow>
<dataflow id="331" from="tmp8" to="tmp8_cast" fromId="94" toId="95">
</dataflow>
<dataflow id="332" from="tmp8_cast" to="tmp_33" fromId="95" toId="96">
</dataflow>
<dataflow id="333" from="tmp7" to="tmp_33" fromId="93" toId="96">
</dataflow>
<dataflow id="334" from="_ssdm_op_PartSelect.i8.i16.i32.i32" to="tmp_34" fromId="278" toId="97">
</dataflow>
<dataflow id="335" from="tmp_33" to="tmp_34" fromId="96" toId="97">
</dataflow>
<dataflow id="336" from="StgValue_281" to="tmp_34" fromId="281" toId="97">
</dataflow>
<dataflow id="337" from="StgValue_283" to="tmp_34" fromId="283" toId="97">
</dataflow>
<dataflow id="338" from="out_channels_ch1" to="out_channels_ch1_add" fromId="148" toId="98">
</dataflow>
<dataflow id="339" from="StgValue_160" to="out_channels_ch1_add" fromId="160" toId="98">
</dataflow>
<dataflow id="340" from="tmp_42_cast" to="out_channels_ch1_add" fromId="36" toId="98">
</dataflow>
<dataflow id="341" from="out_channels_ch2" to="out_channels_ch2_add" fromId="149" toId="99">
</dataflow>
<dataflow id="342" from="StgValue_160" to="out_channels_ch2_add" fromId="160" toId="99">
</dataflow>
<dataflow id="343" from="tmp_42_cast" to="out_channels_ch2_add" fromId="36" toId="99">
</dataflow>
<dataflow id="344" from="out_channels_ch3" to="out_channels_ch3_add" fromId="150" toId="100">
</dataflow>
<dataflow id="345" from="StgValue_160" to="out_channels_ch3_add" fromId="160" toId="100">
</dataflow>
<dataflow id="346" from="tmp_42_cast" to="out_channels_ch3_add" fromId="36" toId="100">
</dataflow>
<dataflow id="348" from="StgValue_347" to="Y" fromId="347" toId="101">
</dataflow>
<dataflow id="349" from="tmp_24" to="Y" fromId="74" toId="101">
</dataflow>
<dataflow id="350" from="tmp_29" to="U" fromId="86" toId="102">
</dataflow>
<dataflow id="352" from="StgValue_351" to="U" fromId="351" toId="102">
</dataflow>
<dataflow id="353" from="tmp_34" to="V" fromId="97" toId="103">
</dataflow>
<dataflow id="354" from="StgValue_351" to="V" fromId="351" toId="103">
</dataflow>
<dataflow id="355" from="Y" to="StgValue_104" fromId="101" toId="104">
</dataflow>
<dataflow id="356" from="out_channels_ch1_add" to="StgValue_104" fromId="98" toId="104">
</dataflow>
<dataflow id="357" from="U" to="StgValue_105" fromId="102" toId="105">
</dataflow>
<dataflow id="358" from="out_channels_ch2_add" to="StgValue_105" fromId="99" toId="105">
</dataflow>
<dataflow id="359" from="V" to="StgValue_106" fromId="103" toId="106">
</dataflow>
<dataflow id="360" from="out_channels_ch3_add" to="StgValue_106" fromId="100" toId="106">
</dataflow>
<dataflow id="362" from="_ssdm_op_SpecLoopName" to="StgValue_107" fromId="361" toId="107">
</dataflow>
<dataflow id="364" from="RGB2YUV_LOOP_X_RGB2Y" to="StgValue_107" fromId="363" toId="107">
</dataflow>
<dataflow id="366" from="_ssdm_op_SpecLoopTripCount" to="StgValue_108" fromId="365" toId="108">
</dataflow>
<dataflow id="368" from="StgValue_367" to="StgValue_108" fromId="367" toId="108">
</dataflow>
<dataflow id="370" from="StgValue_369" to="StgValue_108" fromId="369" toId="108">
</dataflow>
<dataflow id="372" from="StgValue_371" to="StgValue_108" fromId="371" toId="108">
</dataflow>
<dataflow id="373" from="_ssdm_op_SpecLoopName" to="StgValue_109" fromId="361" toId="109">
</dataflow>
<dataflow id="375" from="p_str2" to="StgValue_109" fromId="374" toId="109">
</dataflow>
<dataflow id="377" from="_ssdm_op_SpecRegionBegin" to="tmp_19" fromId="376" toId="110">
</dataflow>
<dataflow id="378" from="p_str2" to="tmp_19" fromId="374" toId="110">
</dataflow>
<dataflow id="380" from="_ssdm_op_SpecPipeline" to="StgValue_111" fromId="379" toId="111">
</dataflow>
<dataflow id="382" from="StgValue_381" to="StgValue_111" fromId="381" toId="111">
</dataflow>
<dataflow id="383" from="StgValue_177" to="StgValue_111" fromId="177" toId="111">
</dataflow>
<dataflow id="384" from="StgValue_177" to="StgValue_111" fromId="177" toId="111">
</dataflow>
<dataflow id="385" from="StgValue_160" to="StgValue_111" fromId="160" toId="111">
</dataflow>
<dataflow id="387" from="p_str1" to="StgValue_111" fromId="386" toId="111">
</dataflow>
<dataflow id="388" from="Y" to="StgValue_112" fromId="101" toId="112">
</dataflow>
<dataflow id="389" from="out_channels_ch1_add" to="StgValue_112" fromId="98" toId="112">
</dataflow>
<dataflow id="390" from="U" to="StgValue_113" fromId="102" toId="113">
</dataflow>
<dataflow id="391" from="out_channels_ch2_add" to="StgValue_113" fromId="99" toId="113">
</dataflow>
<dataflow id="392" from="V" to="StgValue_114" fromId="103" toId="114">
</dataflow>
<dataflow id="393" from="out_channels_ch3_add" to="StgValue_114" fromId="100" toId="114">
</dataflow>
<dataflow id="395" from="_ssdm_op_SpecRegionEnd" to="empty" fromId="394" toId="115">
</dataflow>
<dataflow id="396" from="p_str2" to="empty" fromId="374" toId="115">
</dataflow>
<dataflow id="397" from="tmp_19" to="empty" fromId="110" toId="115">
</dataflow>
<dataflow id="399" from="StgValue_398" to="mrv" fromId="398" toId="117">
</dataflow>
<dataflow id="400" from="in_width_read_3" to="mrv" fromId="13" toId="117">
</dataflow>
<dataflow id="401" from="mrv" to="mrv_1" fromId="117" toId="118">
</dataflow>
<dataflow id="402" from="in_height_read11" to="mrv_1" fromId="12" toId="118">
</dataflow>
<dataflow id="403" from="mrv_1" to="StgValue_119" fromId="118" toId="119">
</dataflow>
<dataflow id="404" from="exitcond_flatten" to="StgValue_2" fromId="21" toId="2">
</dataflow>
<dataflow id="405" from="exitcond_flatten" to="StgValue_3" fromId="21" toId="3">
</dataflow>
<dataflow id="406" from="exitcond_flatten" to="StgValue_4" fromId="21" toId="4">
</dataflow>
<dataflow id="407" from="exitcond_flatten" to="StgValue_5" fromId="21" toId="5">
</dataflow>
<dataflow id="408" from="exitcond_flatten" to="StgValue_6" fromId="21" toId="6">
</dataflow>
<dataflow id="409" from="exitcond_flatten" to="StgValue_7" fromId="21" toId="7">
</dataflow>
<dataflow id="410" from="exitcond_flatten" to="StgValue_8" fromId="21" toId="8">
</dataflow>
<dataflow id="411" from="exitcond_flatten" to="StgValue_9" fromId="21" toId="9">
</dataflow>
<dataflow id="412" from="exitcond_flatten" to="StgValue_10" fromId="21" toId="10">
</dataflow>
</dataflows>


</stg>
