<profile>

<section name = "Vivado HLS Report for 'yuv2rgb'" level="0">
<item name = "Date">Fri Nov 01 16:49:17 2024
</item>
<item name = "Version">2016.3 (Build 1682563 on Mon Oct 10 19:41:59 MDT 2016)</item>
<item name = "Project">yuv_filter.prj</item>
<item name = "Solution">solution2</item>
<item name = "Product family">zynq</item>
<item name = "Target device">xc7z020clg484-1</item>
</section>

<section name = "Performance Estimates" level="0">
<item name = "Timing (ns)">
<section name = "" level="1">
<item name = "Summary"><table name="" hasTotal="0">
<keys size="4">Clock, Target, Estimated, Uncertainty</keys>
<column name="ap_clk">10.00, 11.19, 1.25</column>
</table>
</item>
</section>
</item>
<item name = "Latency (clock cycles)">
<section name = "" level="1">
<item name = "Summary"><table name="" hasTotal="0">
<keys size="6">, min, max, min, max, Type</keys>
<column name="">40009, 2457609, 40009, 2457609, none</column>
</table>
</item>
<item name = "Detail">
<section name = "" level="1">
<item name = "Instance"><table name="" hasTotal="0">
<keys size="7">Instance, Module, min, max, min, max, Type</keys>
</table>
</item>
<item name = "Loop"><table name="" hasTotal="0">
<keys size="8">Loop Name, min, max, Latency, achieved, target, Count, Pipelined</keys>
<column name="- YUV2RGB_LOOP_X_YUV2RGB_LOOP_Y">40007, 2457607, 9, 1, 1, 40000 ~ 2457600, yes</column>
</table>
</item>
</section>
</item>
</section>
</item>
</section>

<section name = "Utilization Estimates" level="0">
<item name = "Summary"><table name="" hasTotal="1">
<keys size="5">Name, BRAM_18K, DSP48E, FF, LUT</keys>
<column name="DSP">-, 4, -, -</column>
<column name="Expression">-, 1, 0, 248</column>
<column name="FIFO">-, -, -, -</column>
<column name="Instance">-, -, -, -</column>
<column name="Memory">-, -, -, -</column>
<column name="Multiplexer">-, -, -, 82</column>
<column name="Register">-, -, 262, 24</column>
<specialColumn name="Available">280, 220, 106400, 53200</specialColumn>
<specialColumn name="Utilization (%)">0, 2, ~0, ~0</specialColumn>
</table>
</item>
<item name = "Detail">
<section name = "" level="1">
<item name = "Instance"><table name="" hasTotal="1">
<keys size="6">Instance, Module, BRAM_18K, DSP48E, FF, LUT</keys>
</table>
</item>
<item name = "DSP48"><table name="" hasTotal="0">
<keys size="3">Instance, Module, Expression</keys>
<column name="yuv_filter_ama_adfYi_U25">yuv_filter_ama_adfYi, i0 + i1 * (i2 + i3)</column>
<column name="yuv_filter_mac_mug8j_U26">yuv_filter_mac_mug8j, i0 * i1 + i2</column>
<column name="yuv_filter_mac_muhbi_U27">yuv_filter_mac_muhbi, i0 + i1 * i2</column>
<column name="yuv_filter_mul_mubkb_x_U24">yuv_filter_mul_mubkb, i0 * i1</column>
</table>
</item>
<item name = "Memory"><table name="" hasTotal="1">
<keys size="9">Memory, Module, BRAM_18K, FF, LUT, Words, Bits, Banks, W*Bits*Banks</keys>
</table>
</item>
<item name = "FIFO"><table name="" hasTotal="1">
<keys size="7">Name, BRAM_18K, FF, LUT, Depth, Bits, Size:D*B</keys>
</table>
</item>
<item name = "Expression"><table name="" hasTotal="1">
<keys size="7">Variable Name, Operation, DSP48E, FF, LUT, Bitwidth P0, Bitwidth P1</keys>
<column name="tmp_14_fu_342_p2">*, 1, 0, 0, 9, 8</column>
<column name="indvar_flatten_next_fu_240_p2">+, 0, 0, 32, 32, 1</column>
<column name="tmp2_fu_493_p2">+, 0, 0, 18, 18, 18</column>
<column name="tmp_15_fu_410_p2">+, 0, 0, 18, 18, 18</column>
<column name="tmp_18_fu_502_p2">+, 0, 0, 19, 19, 19</column>
<column name="tmp_8_fu_307_p2">+, 0, 0, 11, 23, 23</column>
<column name="tmp_s_fu_297_p2">+, 0, 0, 11, 23, 23</column>
<column name="x_2_fu_246_p2">+, 0, 0, 16, 1, 16</column>
<column name="y_2_fu_313_p2">+, 0, 0, 16, 1, 16</column>
<column name="exitcond5_fu_252_p2">icmp, 0, 0, 6, 16, 16</column>
<column name="exitcond_flatten_fu_235_p2">icmp, 0, 0, 11, 32, 32</column>
<column name="icmp1_fu_425_p2">icmp, 0, 0, 1, 2, 1</column>
<column name="icmp2_fu_518_p2">icmp, 0, 0, 2, 3, 1</column>
<column name="icmp_fu_360_p2">icmp, 0, 0, 1, 2, 1</column>
<column name="tmp_3_fu_390_p2">or, 0, 0, 1, 1, 1</column>
<column name="tmp_6_fu_457_p2">or, 0, 0, 1, 1, 1</column>
<column name="tmp_9_fu_550_p2">or, 0, 0, 1, 1, 1</column>
<column name="B_fu_556_p3">select, 0, 0, 8, 1, 8</column>
<column name="G_fu_463_p3">select, 0, 0, 8, 1, 8</column>
<column name="R_fu_396_p3">select, 0, 0, 8, 1, 8</column>
<column name="p_phitmp2_fu_449_p3">select, 0, 0, 2, 1, 2</column>
<column name="p_phitmp3_fu_542_p3">select, 0, 0, 2, 1, 2</column>
<column name="p_phitmp_fu_382_p3">select, 0, 0, 2, 1, 2</column>
<column name="tmp_mid2_v_fu_265_p3">select, 0, 0, 16, 1, 16</column>
<column name="y_mid2_fu_257_p3">select, 0, 0, 16, 1, 1</column>
<column name="D_fu_327_p2">xor, 0, 0, 10, 8, 9</column>
<column name="E_fu_333_p2">xor, 0, 0, 10, 8, 9</column>
</table>
</item>
<item name = "Multiplexer"><table name="" hasTotal="1">
<keys size="5">Name, LUT, Input Size, Bits, Total Bits</keys>
<column name="ap_NS_fsm">1, 4, 1, 4</column>
<column name="ap_enable_reg_pp0_iter8">1, 2, 1, 2</column>
<column name="indvar_flatten_reg_194">32, 2, 32, 64</column>
<column name="x_phi_fu_209_p4">16, 2, 16, 32</column>
<column name="x_reg_205">16, 2, 16, 32</column>
<column name="y_reg_216">16, 2, 16, 32</column>
</table>
</item>
<item name = "Register"><table name="" hasTotal="1">
<keys size="5">Name, FF, LUT, Bits, Const Bits</keys>
<column name="B_reg_715">8, 0, 8, 0</column>
<column name="D_reg_681">8, 0, 8, 0</column>
<column name="E_reg_688">8, 0, 8, 0</column>
<column name="G_reg_710">8, 0, 8, 0</column>
<column name="R_reg_705">8, 0, 8, 0</column>
<column name="V_reg_676">8, 0, 8, 0</column>
<column name="Y_reg_671">8, 0, 8, 0</column>
<column name="ap_CS_fsm">3, 0, 3, 0</column>
<column name="ap_enable_reg_pp0_iter0">1, 0, 1, 0</column>
<column name="ap_enable_reg_pp0_iter1">1, 0, 1, 0</column>
<column name="ap_enable_reg_pp0_iter2">1, 0, 1, 0</column>
<column name="ap_enable_reg_pp0_iter3">1, 0, 1, 0</column>
<column name="ap_enable_reg_pp0_iter4">1, 0, 1, 0</column>
<column name="ap_enable_reg_pp0_iter5">1, 0, 1, 0</column>
<column name="ap_enable_reg_pp0_iter6">1, 0, 1, 0</column>
<column name="ap_enable_reg_pp0_iter7">1, 0, 1, 0</column>
<column name="ap_enable_reg_pp0_iter8">1, 0, 1, 0</column>
<column name="bound_reg_619">32, 0, 32, 0</column>
<column name="exitcond_flatten_reg_624">1, 0, 1, 0</column>
<column name="indvar_flatten_reg_194">32, 0, 32, 0</column>
<column name="tmp_10_reg_693">18, 0, 18, 0</column>
<column name="tmp_14_reg_700">17, 0, 17, 0</column>
<column name="tmp_28_cast_reg_648">23, 0, 32, 9</column>
<column name="tmp_8_reg_638">23, 0, 23, 0</column>
<column name="tmp_mid2_v_reg_633">16, 0, 16, 0</column>
<column name="x_reg_205">16, 0, 16, 0</column>
<column name="y_reg_216">16, 0, 16, 0</column>
<column name="exitcond_flatten_reg_624">0, 1, 1, 0</column>
<column name="tmp_28_cast_reg_648">0, 23, 32, 9</column>
</table>
</item>
</section>
</item>
</section>

<section name = "Interface" level="0">
<item name = "Summary"><table name="" hasTotal="0">
<keys size="6">RTL Ports, Dir, Bits, Protocol, Source Object, C Type</keys>
<column name="ap_clk">in, 1, ap_ctrl_hs, yuv2rgb, return value</column>
<column name="ap_rst">in, 1, ap_ctrl_hs, yuv2rgb, return value</column>
<column name="ap_start">in, 1, ap_ctrl_hs, yuv2rgb, return value</column>
<column name="ap_done">out, 1, ap_ctrl_hs, yuv2rgb, return value</column>
<column name="ap_idle">out, 1, ap_ctrl_hs, yuv2rgb, return value</column>
<column name="ap_ready">out, 1, ap_ctrl_hs, yuv2rgb, return value</column>
<column name="ap_return_0">out, 16, ap_ctrl_hs, yuv2rgb, return value</column>
<column name="ap_return_1">out, 16, ap_ctrl_hs, yuv2rgb, return value</column>
<column name="in_channels_ch1_address0">out, 22, ap_memory, in_channels_ch1, array</column>
<column name="in_channels_ch1_ce0">out, 1, ap_memory, in_channels_ch1, array</column>
<column name="in_channels_ch1_q0">in, 8, ap_memory, in_channels_ch1, array</column>
<column name="in_channels_ch2_address0">out, 22, ap_memory, in_channels_ch2, array</column>
<column name="in_channels_ch2_ce0">out, 1, ap_memory, in_channels_ch2, array</column>
<column name="in_channels_ch2_q0">in, 8, ap_memory, in_channels_ch2, array</column>
<column name="in_channels_ch3_address0">out, 22, ap_memory, in_channels_ch3, array</column>
<column name="in_channels_ch3_ce0">out, 1, ap_memory, in_channels_ch3, array</column>
<column name="in_channels_ch3_q0">in, 8, ap_memory, in_channels_ch3, array</column>
<column name="in_width_read">in, 16, ap_none, in_width_read, scalar</column>
<column name="in_height_read">in, 16, ap_none, in_height_read, scalar</column>
<column name="out_channels_ch1_address0">out, 22, ap_memory, out_channels_ch1, array</column>
<column name="out_channels_ch1_ce0">out, 1, ap_memory, out_channels_ch1, array</column>
<column name="out_channels_ch1_we0">out, 1, ap_memory, out_channels_ch1, array</column>
<column name="out_channels_ch1_d0">out, 8, ap_memory, out_channels_ch1, array</column>
<column name="out_channels_ch2_address0">out, 22, ap_memory, out_channels_ch2, array</column>
<column name="out_channels_ch2_ce0">out, 1, ap_memory, out_channels_ch2, array</column>
<column name="out_channels_ch2_we0">out, 1, ap_memory, out_channels_ch2, array</column>
<column name="out_channels_ch2_d0">out, 8, ap_memory, out_channels_ch2, array</column>
<column name="out_channels_ch3_address0">out, 22, ap_memory, out_channels_ch3, array</column>
<column name="out_channels_ch3_ce0">out, 1, ap_memory, out_channels_ch3, array</column>
<column name="out_channels_ch3_we0">out, 1, ap_memory, out_channels_ch3, array</column>
<column name="out_channels_ch3_d0">out, 8, ap_memory, out_channels_ch3, array</column>
</table>
</item>
</section>
</profile>
