<stg><name>yuv_filter</name>


<trans_list>

<trans id="47" from="1" to="2">
<condition id="6">
<or_exp><and_exp></and_exp></or_exp>
</condition>
</trans>

<trans id="48" from="2" to="3">
<condition id="7">
<or_exp><and_exp></and_exp></or_exp>
</condition>
</trans>

<trans id="49" from="3" to="4">
<condition id="8">
<or_exp><and_exp></and_exp></or_exp>
</condition>
</trans>

<trans id="50" from="4" to="5">
<condition id="9">
<or_exp><and_exp></and_exp></or_exp>
</condition>
</trans>

<trans id="51" from="5" to="6">
<condition id="10">
<or_exp><and_exp></and_exp></or_exp>
</condition>
</trans>
</trans_list>



<state_list>

<state id="1" st_id="1">

<operation id="7" st_id="1" stage="1" lat="1">
<core>NULL</core>
<MemPortIdVec></MemPortIdVec>
<condition id="0">
<or_exp><and_exp></and_exp></or_exp>
</condition>

<Node id="31" bw="8" op_0_bw="32">
<![CDATA[
:17  %p_yuv_channels_ch1 = alloca [2457600 x i8], align 1

]]></Node>
<StgValue><ssdm name="p_yuv_channels_ch1"/></StgValue>
</operation>

<operation id="8" st_id="1" stage="1" lat="1">
<core>NULL</core>
<MemPortIdVec></MemPortIdVec>
<condition id="0">
<or_exp><and_exp></and_exp></or_exp>
</condition>

<Node id="32" bw="8" op_0_bw="32">
<![CDATA[
:18  %p_yuv_channels_ch2 = alloca [2457600 x i8], align 1

]]></Node>
<StgValue><ssdm name="p_yuv_channels_ch2"/></StgValue>
</operation>

<operation id="9" st_id="1" stage="1" lat="1">
<core>NULL</core>
<MemPortIdVec></MemPortIdVec>
<condition id="0">
<or_exp><and_exp></and_exp></or_exp>
</condition>

<Node id="33" bw="8" op_0_bw="32">
<![CDATA[
:19  %p_yuv_channels_ch3 = alloca [2457600 x i8], align 1

]]></Node>
<StgValue><ssdm name="p_yuv_channels_ch3"/></StgValue>
</operation>

<operation id="10" st_id="1" stage="1" lat="1">
<core>NULL</core>
<MemPortIdVec></MemPortIdVec>
<condition id="0">
<or_exp><and_exp></and_exp></or_exp>
</condition>

<Node id="34" bw="8" op_0_bw="32">
<![CDATA[
:20  %p_scale_channels_ch1 = alloca [2457600 x i8], align 1

]]></Node>
<StgValue><ssdm name="p_scale_channels_ch1"/></StgValue>
</operation>

<operation id="11" st_id="1" stage="1" lat="1">
<core>NULL</core>
<MemPortIdVec></MemPortIdVec>
<condition id="0">
<or_exp><and_exp></and_exp></or_exp>
</condition>

<Node id="35" bw="8" op_0_bw="32">
<![CDATA[
:21  %p_scale_channels_ch2 = alloca [2457600 x i8], align 1

]]></Node>
<StgValue><ssdm name="p_scale_channels_ch2"/></StgValue>
</operation>

<operation id="12" st_id="1" stage="1" lat="1">
<core>NULL</core>
<MemPortIdVec></MemPortIdVec>
<condition id="0">
<or_exp><and_exp></and_exp></or_exp>
</condition>

<Node id="36" bw="8" op_0_bw="32">
<![CDATA[
:22  %p_scale_channels_ch3 = alloca [2457600 x i8], align 1

]]></Node>
<StgValue><ssdm name="p_scale_channels_ch3"/></StgValue>
</operation>

<operation id="13" st_id="1" stage="1" lat="1">
<core>NULL</core>
<MemPortIdVec></MemPortIdVec>
<condition id="0">
<or_exp><and_exp></and_exp></or_exp>
</condition>

<Node id="37" bw="16" op_0_bw="16" op_1_bw="16">
<![CDATA[
:23  %in_width_read = call i16 @_ssdm_op_Read.ap_auto.i16P(i16* %in_width)

]]></Node>
<StgValue><ssdm name="in_width_read"/></StgValue>
</operation>

<operation id="14" st_id="1" stage="1" lat="1">
<core>NULL</core>
<MemPortIdVec></MemPortIdVec>
<condition id="0">
<or_exp><and_exp></and_exp></or_exp>
</condition>

<Node id="38" bw="16" op_0_bw="16" op_1_bw="16">
<![CDATA[
:24  %in_height_read = call i16 @_ssdm_op_Read.ap_auto.i16P(i16* %in_height)

]]></Node>
<StgValue><ssdm name="in_height_read"/></StgValue>
</operation>

<operation id="15" st_id="1" stage="2" lat="2">
<core></core>
<MemPortIdVec></MemPortIdVec>
<condition id="0">
<or_exp><and_exp></and_exp></or_exp>
</condition>

<Node id="39" bw="32" op_0_bw="32" op_1_bw="8" op_2_bw="8" op_3_bw="8" op_4_bw="16" op_5_bw="16" op_6_bw="8" op_7_bw="8" op_8_bw="8">
<![CDATA[
:25  %call_ret = call fastcc { i16, i16 } @rgb2yuv([2457600 x i8]* %in_channels_ch1, [2457600 x i8]* %in_channels_ch2, [2457600 x i8]* %in_channels_ch3, i16 %in_width_read, i16 %in_height_read, [2457600 x i8]* %p_yuv_channels_ch1, [2457600 x i8]* %p_yuv_channels_ch2, [2457600 x i8]* %p_yuv_channels_ch3)

]]></Node>
<StgValue><ssdm name="call_ret"/></StgValue>
</operation>
</state>

<state id="2" st_id="2">

<operation id="16" st_id="2" stage="1" lat="2">
<core></core>
<MemPortIdVec></MemPortIdVec>
<condition id="1">
<or_exp><and_exp></and_exp></or_exp>
</condition>

<Node id="39" bw="32" op_0_bw="32" op_1_bw="8" op_2_bw="8" op_3_bw="8" op_4_bw="16" op_5_bw="16" op_6_bw="8" op_7_bw="8" op_8_bw="8">
<![CDATA[
:25  %call_ret = call fastcc { i16, i16 } @rgb2yuv([2457600 x i8]* %in_channels_ch1, [2457600 x i8]* %in_channels_ch2, [2457600 x i8]* %in_channels_ch3, i16 %in_width_read, i16 %in_height_read, [2457600 x i8]* %p_yuv_channels_ch1, [2457600 x i8]* %p_yuv_channels_ch2, [2457600 x i8]* %p_yuv_channels_ch3)

]]></Node>
<StgValue><ssdm name="call_ret"/></StgValue>
</operation>

<operation id="17" st_id="2" stage="1" lat="1">
<core>NULL</core>
<MemPortIdVec></MemPortIdVec>
<condition id="1">
<or_exp><and_exp></and_exp></or_exp>
</condition>

<Node id="40" bw="16" op_0_bw="32">
<![CDATA[
:26  %p_yuv_width = extractvalue { i16, i16 } %call_ret, 0

]]></Node>
<StgValue><ssdm name="p_yuv_width"/></StgValue>
</operation>

<operation id="18" st_id="2" stage="1" lat="1">
<core>NULL</core>
<MemPortIdVec></MemPortIdVec>
<condition id="1">
<or_exp><and_exp></and_exp></or_exp>
</condition>

<Node id="41" bw="16" op_0_bw="32">
<![CDATA[
:27  %p_yuv_height = extractvalue { i16, i16 } %call_ret, 1

]]></Node>
<StgValue><ssdm name="p_yuv_height"/></StgValue>
</operation>
</state>

<state id="3" st_id="3">

<operation id="19" st_id="3" stage="1" lat="1">
<core>NULL</core>
<MemPortIdVec></MemPortIdVec>
<condition id="2">
<or_exp><and_exp></and_exp></or_exp>
</condition>

<Node id="28" bw="8" op_0_bw="8" op_1_bw="8">
<![CDATA[
:14  %V_scale_read = call i8 @_ssdm_op_Read.ap_auto.i8(i8 %V_scale)

]]></Node>
<StgValue><ssdm name="V_scale_read"/></StgValue>
</operation>

<operation id="20" st_id="3" stage="1" lat="1">
<core>NULL</core>
<MemPortIdVec></MemPortIdVec>
<condition id="2">
<or_exp><and_exp></and_exp></or_exp>
</condition>

<Node id="29" bw="8" op_0_bw="8" op_1_bw="8">
<![CDATA[
:15  %U_scale_read = call i8 @_ssdm_op_Read.ap_auto.i8(i8 %U_scale)

]]></Node>
<StgValue><ssdm name="U_scale_read"/></StgValue>
</operation>

<operation id="21" st_id="3" stage="1" lat="1">
<core>NULL</core>
<MemPortIdVec></MemPortIdVec>
<condition id="2">
<or_exp><and_exp></and_exp></or_exp>
</condition>

<Node id="30" bw="8" op_0_bw="8" op_1_bw="8">
<![CDATA[
:16  %Y_scale_read = call i8 @_ssdm_op_Read.ap_auto.i8(i8 %Y_scale)

]]></Node>
<StgValue><ssdm name="Y_scale_read"/></StgValue>
</operation>

<operation id="22" st_id="3" stage="2" lat="2">
<core></core>
<MemPortIdVec></MemPortIdVec>
<condition id="2">
<or_exp><and_exp></and_exp></or_exp>
</condition>

<Node id="42" bw="32" op_0_bw="32" op_1_bw="8" op_2_bw="8" op_3_bw="8" op_4_bw="16" op_5_bw="16" op_6_bw="8" op_7_bw="8" op_8_bw="8" op_9_bw="8" op_10_bw="8" op_11_bw="8">
<![CDATA[
:28  %call_ret3 = call fastcc { i16, i16 } @yuv_scale([2457600 x i8]* %p_yuv_channels_ch1, [2457600 x i8]* %p_yuv_channels_ch2, [2457600 x i8]* %p_yuv_channels_ch3, i16 %p_yuv_width, i16 %p_yuv_height, [2457600 x i8]* %p_scale_channels_ch1, [2457600 x i8]* %p_scale_channels_ch2, [2457600 x i8]* %p_scale_channels_ch3, i8 %Y_scale_read, i8 %U_scale_read, i8 %V_scale_read)

]]></Node>
<StgValue><ssdm name="call_ret3"/></StgValue>
</operation>
</state>

<state id="4" st_id="4">

<operation id="23" st_id="4" stage="1" lat="2">
<core></core>
<MemPortIdVec></MemPortIdVec>
<condition id="3">
<or_exp><and_exp></and_exp></or_exp>
</condition>

<Node id="42" bw="32" op_0_bw="32" op_1_bw="8" op_2_bw="8" op_3_bw="8" op_4_bw="16" op_5_bw="16" op_6_bw="8" op_7_bw="8" op_8_bw="8" op_9_bw="8" op_10_bw="8" op_11_bw="8">
<![CDATA[
:28  %call_ret3 = call fastcc { i16, i16 } @yuv_scale([2457600 x i8]* %p_yuv_channels_ch1, [2457600 x i8]* %p_yuv_channels_ch2, [2457600 x i8]* %p_yuv_channels_ch3, i16 %p_yuv_width, i16 %p_yuv_height, [2457600 x i8]* %p_scale_channels_ch1, [2457600 x i8]* %p_scale_channels_ch2, [2457600 x i8]* %p_scale_channels_ch3, i8 %Y_scale_read, i8 %U_scale_read, i8 %V_scale_read)

]]></Node>
<StgValue><ssdm name="call_ret3"/></StgValue>
</operation>

<operation id="24" st_id="4" stage="1" lat="1">
<core>NULL</core>
<MemPortIdVec></MemPortIdVec>
<condition id="3">
<or_exp><and_exp></and_exp></or_exp>
</condition>

<Node id="43" bw="16" op_0_bw="32">
<![CDATA[
:29  %p_scale_width = extractvalue { i16, i16 } %call_ret3, 0

]]></Node>
<StgValue><ssdm name="p_scale_width"/></StgValue>
</operation>

<operation id="25" st_id="4" stage="1" lat="1">
<core>NULL</core>
<MemPortIdVec></MemPortIdVec>
<condition id="3">
<or_exp><and_exp></and_exp></or_exp>
</condition>

<Node id="44" bw="16" op_0_bw="32">
<![CDATA[
:30  %p_scale_height = extractvalue { i16, i16 } %call_ret3, 1

]]></Node>
<StgValue><ssdm name="p_scale_height"/></StgValue>
</operation>
</state>

<state id="5" st_id="5">

<operation id="26" st_id="5" stage="2" lat="2">
<core></core>
<MemPortIdVec></MemPortIdVec>
<condition id="4">
<or_exp><and_exp></and_exp></or_exp>
</condition>

<Node id="45" bw="32" op_0_bw="32" op_1_bw="8" op_2_bw="8" op_3_bw="8" op_4_bw="16" op_5_bw="16" op_6_bw="8" op_7_bw="8" op_8_bw="8">
<![CDATA[
:31  %call_ret1 = call fastcc { i16, i16 } @yuv2rgb([2457600 x i8]* %p_scale_channels_ch1, [2457600 x i8]* %p_scale_channels_ch2, [2457600 x i8]* %p_scale_channels_ch3, i16 %p_scale_width, i16 %p_scale_height, [2457600 x i8]* %out_channels_ch1, [2457600 x i8]* %out_channels_ch2, [2457600 x i8]* %out_channels_ch3)

]]></Node>
<StgValue><ssdm name="call_ret1"/></StgValue>
</operation>
</state>

<state id="6" st_id="6">

<operation id="27" st_id="6" stage="1" lat="1">
<core>NULL</core>
<MemPortIdVec></MemPortIdVec>
<condition id="5">
<or_exp><and_exp></and_exp></or_exp>
</condition>

<Node id="14" bw="0" op_0_bw="0" op_1_bw="8">
<![CDATA[
:0  call void (...)* @_ssdm_op_SpecBitsMap([2457600 x i8]* %in_channels_ch1), !map !13

]]></Node>
<StgValue><ssdm name=""/></StgValue>
</operation>

<operation id="28" st_id="6" stage="1" lat="1">
<core>NULL</core>
<MemPortIdVec></MemPortIdVec>
<condition id="5">
<or_exp><and_exp></and_exp></or_exp>
</condition>

<Node id="15" bw="0" op_0_bw="0" op_1_bw="8">
<![CDATA[
:1  call void (...)* @_ssdm_op_SpecBitsMap([2457600 x i8]* %in_channels_ch2), !map !20

]]></Node>
<StgValue><ssdm name=""/></StgValue>
</operation>

<operation id="29" st_id="6" stage="1" lat="1">
<core>NULL</core>
<MemPortIdVec></MemPortIdVec>
<condition id="5">
<or_exp><and_exp></and_exp></or_exp>
</condition>

<Node id="16" bw="0" op_0_bw="0" op_1_bw="8">
<![CDATA[
:2  call void (...)* @_ssdm_op_SpecBitsMap([2457600 x i8]* %in_channels_ch3), !map !24

]]></Node>
<StgValue><ssdm name=""/></StgValue>
</operation>

<operation id="30" st_id="6" stage="1" lat="1">
<core>NULL</core>
<MemPortIdVec></MemPortIdVec>
<condition id="5">
<or_exp><and_exp></and_exp></or_exp>
</condition>

<Node id="17" bw="0" op_0_bw="0" op_1_bw="16">
<![CDATA[
:3  call void (...)* @_ssdm_op_SpecBitsMap(i16* %in_width), !map !28

]]></Node>
<StgValue><ssdm name=""/></StgValue>
</operation>

<operation id="31" st_id="6" stage="1" lat="1">
<core>NULL</core>
<MemPortIdVec></MemPortIdVec>
<condition id="5">
<or_exp><and_exp></and_exp></or_exp>
</condition>

<Node id="18" bw="0" op_0_bw="0" op_1_bw="16">
<![CDATA[
:4  call void (...)* @_ssdm_op_SpecBitsMap(i16* %in_height), !map !34

]]></Node>
<StgValue><ssdm name=""/></StgValue>
</operation>

<operation id="32" st_id="6" stage="1" lat="1">
<core>NULL</core>
<MemPortIdVec></MemPortIdVec>
<condition id="5">
<or_exp><and_exp></and_exp></or_exp>
</condition>

<Node id="19" bw="0" op_0_bw="0" op_1_bw="8">
<![CDATA[
:5  call void (...)* @_ssdm_op_SpecBitsMap([2457600 x i8]* %out_channels_ch1), !map !38

]]></Node>
<StgValue><ssdm name=""/></StgValue>
</operation>

<operation id="33" st_id="6" stage="1" lat="1">
<core>NULL</core>
<MemPortIdVec></MemPortIdVec>
<condition id="5">
<or_exp><and_exp></and_exp></or_exp>
</condition>

<Node id="20" bw="0" op_0_bw="0" op_1_bw="8">
<![CDATA[
:6  call void (...)* @_ssdm_op_SpecBitsMap([2457600 x i8]* %out_channels_ch2), !map !42

]]></Node>
<StgValue><ssdm name=""/></StgValue>
</operation>

<operation id="34" st_id="6" stage="1" lat="1">
<core>NULL</core>
<MemPortIdVec></MemPortIdVec>
<condition id="5">
<or_exp><and_exp></and_exp></or_exp>
</condition>

<Node id="21" bw="0" op_0_bw="0" op_1_bw="8">
<![CDATA[
:7  call void (...)* @_ssdm_op_SpecBitsMap([2457600 x i8]* %out_channels_ch3), !map !46

]]></Node>
<StgValue><ssdm name=""/></StgValue>
</operation>

<operation id="35" st_id="6" stage="1" lat="1">
<core>NULL</core>
<MemPortIdVec></MemPortIdVec>
<condition id="5">
<or_exp><and_exp></and_exp></or_exp>
</condition>

<Node id="22" bw="0" op_0_bw="0" op_1_bw="16">
<![CDATA[
:8  call void (...)* @_ssdm_op_SpecBitsMap(i16* %out_width), !map !50

]]></Node>
<StgValue><ssdm name=""/></StgValue>
</operation>

<operation id="36" st_id="6" stage="1" lat="1">
<core>NULL</core>
<MemPortIdVec></MemPortIdVec>
<condition id="5">
<or_exp><and_exp></and_exp></or_exp>
</condition>

<Node id="23" bw="0" op_0_bw="0" op_1_bw="16">
<![CDATA[
:9  call void (...)* @_ssdm_op_SpecBitsMap(i16* %out_height), !map !54

]]></Node>
<StgValue><ssdm name=""/></StgValue>
</operation>

<operation id="37" st_id="6" stage="1" lat="1">
<core>NULL</core>
<MemPortIdVec></MemPortIdVec>
<condition id="5">
<or_exp><and_exp></and_exp></or_exp>
</condition>

<Node id="24" bw="0" op_0_bw="0" op_1_bw="8">
<![CDATA[
:10  call void (...)* @_ssdm_op_SpecBitsMap(i8 %Y_scale), !map !58

]]></Node>
<StgValue><ssdm name=""/></StgValue>
</operation>

<operation id="38" st_id="6" stage="1" lat="1">
<core>NULL</core>
<MemPortIdVec></MemPortIdVec>
<condition id="5">
<or_exp><and_exp></and_exp></or_exp>
</condition>

<Node id="25" bw="0" op_0_bw="0" op_1_bw="8">
<![CDATA[
:11  call void (...)* @_ssdm_op_SpecBitsMap(i8 %U_scale), !map !64

]]></Node>
<StgValue><ssdm name=""/></StgValue>
</operation>

<operation id="39" st_id="6" stage="1" lat="1">
<core>NULL</core>
<MemPortIdVec></MemPortIdVec>
<condition id="5">
<or_exp><and_exp></and_exp></or_exp>
</condition>

<Node id="26" bw="0" op_0_bw="0" op_1_bw="8">
<![CDATA[
:12  call void (...)* @_ssdm_op_SpecBitsMap(i8 %V_scale), !map !68

]]></Node>
<StgValue><ssdm name=""/></StgValue>
</operation>

<operation id="40" st_id="6" stage="1" lat="1">
<core>NULL</core>
<MemPortIdVec></MemPortIdVec>
<condition id="5">
<or_exp><and_exp></and_exp></or_exp>
</condition>

<Node id="27" bw="0" op_0_bw="0" op_1_bw="0">
<![CDATA[
:13  call void (...)* @_ssdm_op_SpecTopModule([11 x i8]* @yuv_filter_str) nounwind

]]></Node>
<StgValue><ssdm name=""/></StgValue>
</operation>

<operation id="41" st_id="6" stage="1" lat="2">
<core></core>
<MemPortIdVec></MemPortIdVec>
<condition id="5">
<or_exp><and_exp></and_exp></or_exp>
</condition>

<Node id="45" bw="32" op_0_bw="32" op_1_bw="8" op_2_bw="8" op_3_bw="8" op_4_bw="16" op_5_bw="16" op_6_bw="8" op_7_bw="8" op_8_bw="8">
<![CDATA[
:31  %call_ret1 = call fastcc { i16, i16 } @yuv2rgb([2457600 x i8]* %p_scale_channels_ch1, [2457600 x i8]* %p_scale_channels_ch2, [2457600 x i8]* %p_scale_channels_ch3, i16 %p_scale_width, i16 %p_scale_height, [2457600 x i8]* %out_channels_ch1, [2457600 x i8]* %out_channels_ch2, [2457600 x i8]* %out_channels_ch3)

]]></Node>
<StgValue><ssdm name="call_ret1"/></StgValue>
</operation>

<operation id="42" st_id="6" stage="1" lat="1">
<core>NULL</core>
<MemPortIdVec></MemPortIdVec>
<condition id="5">
<or_exp><and_exp></and_exp></or_exp>
</condition>

<Node id="46" bw="16" op_0_bw="32">
<![CDATA[
:32  %out_width_ret = extractvalue { i16, i16 } %call_ret1, 0

]]></Node>
<StgValue><ssdm name="out_width_ret"/></StgValue>
</operation>

<operation id="43" st_id="6" stage="1" lat="1">
<core>NULL</core>
<MemPortIdVec></MemPortIdVec>
<condition id="5">
<or_exp><and_exp></and_exp></or_exp>
</condition>

<Node id="47" bw="0" op_0_bw="0" op_1_bw="16" op_2_bw="16">
<![CDATA[
:33  call void @_ssdm_op_Write.ap_auto.i16P(i16* %out_width, i16 %out_width_ret)

]]></Node>
<StgValue><ssdm name=""/></StgValue>
</operation>

<operation id="44" st_id="6" stage="1" lat="1">
<core>NULL</core>
<MemPortIdVec></MemPortIdVec>
<condition id="5">
<or_exp><and_exp></and_exp></or_exp>
</condition>

<Node id="48" bw="16" op_0_bw="32">
<![CDATA[
:34  %out_height_ret = extractvalue { i16, i16 } %call_ret1, 1

]]></Node>
<StgValue><ssdm name="out_height_ret"/></StgValue>
</operation>

<operation id="45" st_id="6" stage="1" lat="1">
<core>NULL</core>
<MemPortIdVec></MemPortIdVec>
<condition id="5">
<or_exp><and_exp></and_exp></or_exp>
</condition>

<Node id="49" bw="0" op_0_bw="0" op_1_bw="16" op_2_bw="16">
<![CDATA[
:35  call void @_ssdm_op_Write.ap_auto.i16P(i16* %out_height, i16 %out_height_ret)

]]></Node>
<StgValue><ssdm name=""/></StgValue>
</operation>

<operation id="46" st_id="6" stage="1" lat="1">
<core>NULL</core>
<MemPortIdVec></MemPortIdVec>
<condition id="5">
<or_exp><and_exp></and_exp></or_exp>
</condition>

<Node id="50" bw="0">
<![CDATA[
:36  ret void

]]></Node>
<StgValue><ssdm name=""/></StgValue>
</operation>
</state>
</state_list>


<ports>
</ports>


<dataflows>
</dataflows>


</stg>
