<profile>

<section name = "Vivado HLS Report for 'yuv_scale'" level="0">
<item name = "Date">Fri Nov 01 16:49:17 2024
</item>
<item name = "Version">2016.3 (Build 1682563 on Mon Oct 10 19:41:59 MDT 2016)</item>
<item name = "Project">yuv_filter.prj</item>
<item name = "Solution">solution2</item>
<item name = "Product family">zynq</item>
<item name = "Target device">xc7z020clg484-1</item>
</section>

<section name = "Performance Estimates" level="0">
<item name = "Timing (ns)">
<section name = "" level="1">
<item name = "Summary"><table name="" hasTotal="0">
<keys size="4">Clock, Target, Estimated, Uncertainty</keys>
<column name="ap_clk">10.00, 7.35, 1.25</column>
</table>
</item>
</section>
</item>
<item name = "Latency (clock cycles)">
<section name = "" level="1">
<item name = "Summary"><table name="" hasTotal="0">
<keys size="6">, min, max, min, max, Type</keys>
<column name="">40008, 2457608, 40008, 2457608, none</column>
</table>
</item>
<item name = "Detail">
<section name = "" level="1">
<item name = "Instance"><table name="" hasTotal="0">
<keys size="7">Instance, Module, min, max, min, max, Type</keys>
</table>
</item>
<item name = "Loop"><table name="" hasTotal="0">
<keys size="8">Loop Name, min, max, Latency, achieved, target, Count, Pipelined</keys>
<column name="- YUV_SCALE_LOOP_X_YUV_SCALE_LOOP_Y">40006, 2457606, 8, 1, 1, 40000 ~ 2457600, yes</column>
</table>
</item>
</section>
</item>
</section>
</item>
</section>

<section name = "Utilization Estimates" level="0">
<item name = "Summary"><table name="" hasTotal="1">
<keys size="5">Name, BRAM_18K, DSP48E, FF, LUT</keys>
<column name="DSP">-, 1, -, -</column>
<column name="Expression">-, 3, 0, 136</column>
<column name="FIFO">-, -, -, -</column>
<column name="Instance">-, -, -, -</column>
<column name="Memory">-, -, -, -</column>
<column name="Multiplexer">-, -, -, 82</column>
<column name="Register">-, -, 242, 24</column>
<specialColumn name="Available">280, 220, 106400, 53200</specialColumn>
<specialColumn name="Utilization (%)">0, 1, ~0, ~0</specialColumn>
</table>
</item>
<item name = "Detail">
<section name = "" level="1">
<item name = "Instance"><table name="" hasTotal="1">
<keys size="6">Instance, Module, BRAM_18K, DSP48E, FF, LUT</keys>
</table>
</item>
<item name = "DSP48"><table name="" hasTotal="0">
<keys size="3">Instance, Module, Expression</keys>
<column name="yuv_filter_mul_mubkb_x_U12">yuv_filter_mul_mubkb, i0 * i1</column>
</table>
</item>
<item name = "Memory"><table name="" hasTotal="1">
<keys size="9">Memory, Module, BRAM_18K, FF, LUT, Words, Bits, Banks, W*Bits*Banks</keys>
</table>
</item>
<item name = "FIFO"><table name="" hasTotal="1">
<keys size="7">Name, BRAM_18K, FF, LUT, Depth, Bits, Size:D*B</keys>
</table>
</item>
<item name = "Expression"><table name="" hasTotal="1">
<keys size="7">Variable Name, Operation, DSP48E, FF, LUT, Bitwidth P0, Bitwidth P1</keys>
<column name="tmp_7_fu_322_p2">*, 1, 0, 0, 8, 8</column>
<column name="tmp_8_fu_338_p2">*, 1, 0, 0, 8, 8</column>
<column name="tmp_s_fu_330_p2">*, 1, 0, 0, 8, 8</column>
<column name="indvar_flatten_next_fu_234_p2">+, 0, 0, 32, 32, 1</column>
<column name="tmp_3_fu_291_p2">+, 0, 0, 11, 23, 23</column>
<column name="tmp_5_fu_301_p2">+, 0, 0, 11, 23, 23</column>
<column name="x_1_fu_240_p2">+, 0, 0, 16, 1, 16</column>
<column name="y_1_fu_307_p2">+, 0, 0, 16, 1, 16</column>
<column name="exitcond3_fu_246_p2">icmp, 0, 0, 6, 16, 16</column>
<column name="exitcond_flatten_fu_229_p2">icmp, 0, 0, 11, 32, 32</column>
<column name="tmp_3_mid2_v_fu_259_p3">select, 0, 0, 16, 1, 16</column>
<column name="y_mid2_fu_251_p3">select, 0, 0, 16, 1, 1</column>
</table>
</item>
<item name = "Multiplexer"><table name="" hasTotal="1">
<keys size="5">Name, LUT, Input Size, Bits, Total Bits</keys>
<column name="ap_NS_fsm">1, 4, 1, 4</column>
<column name="ap_enable_reg_pp0_iter7">1, 2, 1, 2</column>
<column name="indvar_flatten_reg_176">32, 2, 32, 64</column>
<column name="x_phi_fu_191_p4">16, 2, 16, 32</column>
<column name="x_reg_187">16, 2, 16, 32</column>
<column name="y_reg_198">16, 2, 16, 32</column>
</table>
</item>
<item name = "Register"><table name="" hasTotal="1">
<keys size="5">Name, FF, LUT, Bits, Const Bits</keys>
<column name="U_reg_471">8, 0, 8, 0</column>
<column name="V_reg_476">8, 0, 8, 0</column>
<column name="Y_reg_466">8, 0, 8, 0</column>
<column name="ap_CS_fsm">3, 0, 3, 0</column>
<column name="ap_enable_reg_pp0_iter0">1, 0, 1, 0</column>
<column name="ap_enable_reg_pp0_iter1">1, 0, 1, 0</column>
<column name="ap_enable_reg_pp0_iter2">1, 0, 1, 0</column>
<column name="ap_enable_reg_pp0_iter3">1, 0, 1, 0</column>
<column name="ap_enable_reg_pp0_iter4">1, 0, 1, 0</column>
<column name="ap_enable_reg_pp0_iter5">1, 0, 1, 0</column>
<column name="ap_enable_reg_pp0_iter6">1, 0, 1, 0</column>
<column name="ap_enable_reg_pp0_iter7">1, 0, 1, 0</column>
<column name="bound_reg_415">32, 0, 32, 0</column>
<column name="exitcond_flatten_reg_420">1, 0, 1, 0</column>
<column name="indvar_flatten_reg_176">32, 0, 32, 0</column>
<column name="tmp_10_cast_reg_444">23, 0, 32, 9</column>
<column name="tmp_1_cast_reg_405">8, 0, 15, 7</column>
<column name="tmp_2_cast_reg_410">8, 0, 15, 7</column>
<column name="tmp_3_mid2_v_reg_429">16, 0, 16, 0</column>
<column name="tmp_4_reg_481">8, 0, 8, 0</column>
<column name="tmp_5_reg_434">23, 0, 23, 0</column>
<column name="tmp_6_reg_486">8, 0, 8, 0</column>
<column name="tmp_9_reg_491">8, 0, 8, 0</column>
<column name="tmp_cast_reg_400">8, 0, 15, 7</column>
<column name="x_reg_187">16, 0, 16, 0</column>
<column name="y_reg_198">16, 0, 16, 0</column>
<column name="exitcond_flatten_reg_420">0, 1, 1, 0</column>
<column name="tmp_10_cast_reg_444">0, 23, 32, 9</column>
</table>
</item>
</section>
</item>
</section>

<section name = "Interface" level="0">
<item name = "Summary"><table name="" hasTotal="0">
<keys size="6">RTL Ports, Dir, Bits, Protocol, Source Object, C Type</keys>
<column name="ap_clk">in, 1, ap_ctrl_hs, yuv_scale, return value</column>
<column name="ap_rst">in, 1, ap_ctrl_hs, yuv_scale, return value</column>
<column name="ap_start">in, 1, ap_ctrl_hs, yuv_scale, return value</column>
<column name="ap_done">out, 1, ap_ctrl_hs, yuv_scale, return value</column>
<column name="ap_idle">out, 1, ap_ctrl_hs, yuv_scale, return value</column>
<column name="ap_ready">out, 1, ap_ctrl_hs, yuv_scale, return value</column>
<column name="ap_return_0">out, 16, ap_ctrl_hs, yuv_scale, return value</column>
<column name="ap_return_1">out, 16, ap_ctrl_hs, yuv_scale, return value</column>
<column name="in_channels_ch1_address0">out, 22, ap_memory, in_channels_ch1, array</column>
<column name="in_channels_ch1_ce0">out, 1, ap_memory, in_channels_ch1, array</column>
<column name="in_channels_ch1_q0">in, 8, ap_memory, in_channels_ch1, array</column>
<column name="in_channels_ch2_address0">out, 22, ap_memory, in_channels_ch2, array</column>
<column name="in_channels_ch2_ce0">out, 1, ap_memory, in_channels_ch2, array</column>
<column name="in_channels_ch2_q0">in, 8, ap_memory, in_channels_ch2, array</column>
<column name="in_channels_ch3_address0">out, 22, ap_memory, in_channels_ch3, array</column>
<column name="in_channels_ch3_ce0">out, 1, ap_memory, in_channels_ch3, array</column>
<column name="in_channels_ch3_q0">in, 8, ap_memory, in_channels_ch3, array</column>
<column name="in_width_read">in, 16, ap_none, in_width_read, scalar</column>
<column name="in_height_read">in, 16, ap_none, in_height_read, scalar</column>
<column name="out_channels_ch1_address0">out, 22, ap_memory, out_channels_ch1, array</column>
<column name="out_channels_ch1_ce0">out, 1, ap_memory, out_channels_ch1, array</column>
<column name="out_channels_ch1_we0">out, 1, ap_memory, out_channels_ch1, array</column>
<column name="out_channels_ch1_d0">out, 8, ap_memory, out_channels_ch1, array</column>
<column name="out_channels_ch2_address0">out, 22, ap_memory, out_channels_ch2, array</column>
<column name="out_channels_ch2_ce0">out, 1, ap_memory, out_channels_ch2, array</column>
<column name="out_channels_ch2_we0">out, 1, ap_memory, out_channels_ch2, array</column>
<column name="out_channels_ch2_d0">out, 8, ap_memory, out_channels_ch2, array</column>
<column name="out_channels_ch3_address0">out, 22, ap_memory, out_channels_ch3, array</column>
<column name="out_channels_ch3_ce0">out, 1, ap_memory, out_channels_ch3, array</column>
<column name="out_channels_ch3_we0">out, 1, ap_memory, out_channels_ch3, array</column>
<column name="out_channels_ch3_d0">out, 8, ap_memory, out_channels_ch3, array</column>
<column name="Y_scale">in, 8, ap_none, Y_scale, scalar</column>
<column name="U_scale">in, 8, ap_none, U_scale, scalar</column>
<column name="V_scale">in, 8, ap_none, V_scale, scalar</column>
</table>
</item>
</section>
</profile>
