<profile>

<section name = "Vivado HLS Report for 'dct'" level="0">
<item name = "Date">Fri Nov 01 16:48:16 2024
</item>
<item name = "Version">2016.3 (Build 1682563 on Mon Oct 10 19:41:59 MDT 2016)</item>
<item name = "Project">dct.prj</item>
<item name = "Solution">solution2</item>
<item name = "Product family">zynq</item>
<item name = "Target device">xc7z020clg484-1</item>
</section>

<section name = "Performance Estimates" level="0">
<item name = "Timing (ns)">
<section name = "" level="1">
<item name = "Target clock period (ns)">10.00</item>
<item name = "Clock uncertainty (ns)">1.25</item>
<item name = "Estimated clock period (ns)">7.68</item>
</section>
</item>
<item name = "Latency (clock cycles)">
<section name = "" level="1">
<item name = "Summary"><table name="" hasTotal="0">
<keys size="6">, min, max, min, max, Type</keys>
<column name="">1851, 1851, 1852, 1852, none</column>
</table>
</item>
<item name = "Detail">
<section name = "" level="1">
<item name = "Instance"><table name="" hasTotal="0">
<keys size="7">Instance, Module, min, max, min, max, Type</keys>
<column name="grp_dct_2d_fu_182">dct_2d, 1718, 1718, 1718, 1718, none</column>
</table>
</item>
<item name = "Loop"><table name="" hasTotal="0">
<keys size="8">Loop Name, min, max, Latency, achieved, target, Count, Pipelined</keys>
<column name="- RD_Loop_Row_RD_Loop_Col">64, 64, 2, 1, 1, 64, yes</column>
<column name="- WR_Loop_Row_WR_Loop_Col">64, 64, 2, 1, 1, 64, yes</column>
</table>
</item>
</section>
</item>
</section>
</item>
</section>

<section name = "Utilization Estimates" level="0">
<item name = "Summary"><table name="" hasTotal="1">
<keys size="5">Name, BRAM_18K, DSP48E, FF, LUT</keys>
<column name="DSP">-, -, -, -</column>
<column name="Expression">-, -, 0, 84</column>
<column name="FIFO">-, -, -, -</column>
<column name="Instance">3, 1, 195, 319</column>
<column name="Memory">2, -, 0, 0</column>
<column name="Multiplexer">-, -, -, 54</column>
<column name="Register">-, -, 61, -</column>
<specialColumn name="Available">280, 220, 106400, 53200</specialColumn>
<specialColumn name="Utilization (%)">1, ~0, ~0, ~0</specialColumn>
</table>
</item>
<item name = "Detail">
<section name = "" level="1">
<item name = "Instance"><table name="" hasTotal="1">
<keys size="6">Instance, Module, BRAM_18K, DSP48E, FF, LUT</keys>
<column name="grp_dct_2d_fu_182">dct_2d, 3, 1, 195, 319</column>
</table>
</item>
<item name = "DSP48"><table name="" hasTotal="0">
<keys size="3">Instance, Module, Expression</keys>
</table>
</item>
<item name = "Memory"><table name="" hasTotal="1">
<keys size="9">Memory, Module, BRAM_18K, FF, LUT, Words, Bits, Banks, W*Bits*Banks</keys>
<column name="buf_2d_in_U">dct_2d_row_outbuf, 1, 0, 0, 64, 16, 1, 1024</column>
<column name="buf_2d_out_U">dct_2d_row_outbuf, 1, 0, 0, 64, 16, 1, 1024</column>
</table>
</item>
<item name = "FIFO"><table name="" hasTotal="1">
<keys size="7">Name, BRAM_18K, FF, LUT, Depth, Bits, Size:D*B</keys>
</table>
</item>
<item name = "Expression"><table name="" hasTotal="1">
<keys size="7">Variable Name, Operation, DSP48E, FF, LUT, Bitwidth P0, Bitwidth P1</keys>
<column name="c_1_fu_377_p2">+, 0, 0, 4, 1, 4</column>
<column name="c_fu_257_p2">+, 0, 0, 4, 1, 4</column>
<column name="indvar_flatten_next2_fu_294_p2">+, 0, 0, 7, 7, 1</column>
<column name="indvar_flatten_next_fu_196_p2">+, 0, 0, 7, 7, 1</column>
<column name="r_1_fu_300_p2">+, 0, 0, 4, 1, 4</column>
<column name="r_fu_202_p2">+, 0, 0, 4, 1, 4</column>
<column name="sum3_i_fu_371_p2">+, 0, 0, 6, 6, 6</column>
<column name="sum_i_fu_246_p2">+, 0, 0, 6, 6, 6</column>
<column name="tmp_20_fu_360_p2">+, 0, 0, 8, 8, 8</column>
<column name="tmp_s_fu_277_p2">+, 0, 0, 8, 8, 8</column>
<column name="exitcond_flatten2_fu_288_p2">icmp, 0, 0, 3, 7, 8</column>
<column name="exitcond_flatten_fu_190_p2">icmp, 0, 0, 3, 7, 8</column>
<column name="exitcond_i1_fu_306_p2">icmp, 0, 0, 2, 4, 5</column>
<column name="exitcond_i_fu_208_p2">icmp, 0, 0, 2, 4, 5</column>
<column name="c_i5_mid2_fu_312_p3">select, 0, 0, 4, 1, 1</column>
<column name="c_i_mid2_fu_214_p3">select, 0, 0, 4, 1, 1</column>
<column name="r_i2_cast4_mid2_v_fu_320_p3">select, 0, 0, 4, 1, 4</column>
<column name="r_i_cast8_mid2_v_fu_222_p3">select, 0, 0, 4, 1, 4</column>
</table>
</item>
<item name = "Multiplexer"><table name="" hasTotal="1">
<keys size="5">Name, LUT, Input Size, Bits, Total Bits</keys>
<column name="ap_NS_fsm">1, 7, 1, 7</column>
<column name="buf_2d_in_address0">6, 3, 6, 18</column>
<column name="buf_2d_in_ce0">1, 3, 1, 3</column>
<column name="buf_2d_out_address0">6, 3, 6, 18</column>
<column name="buf_2d_out_ce0">1, 3, 1, 3</column>
<column name="buf_2d_out_we0">1, 2, 1, 2</column>
<column name="c_i5_reg_171">4, 2, 4, 8</column>
<column name="c_i_reg_138">4, 2, 4, 8</column>
<column name="indvar_flatten2_reg_149">7, 2, 7, 14</column>
<column name="indvar_flatten_reg_116">7, 2, 7, 14</column>
<column name="r_i2_phi_fu_164_p4">4, 2, 4, 8</column>
<column name="r_i2_reg_160">4, 2, 4, 8</column>
<column name="r_i_phi_fu_131_p4">4, 2, 4, 8</column>
<column name="r_i_reg_127">4, 2, 4, 8</column>
</table>
</item>
<item name = "Register"><table name="" hasTotal="1">
<keys size="5">Name, FF, LUT, Bits, Const Bits</keys>
<column name="ap_CS_fsm">6, 0, 6, 0</column>
<column name="ap_enable_reg_pp0_iter0">1, 0, 1, 0</column>
<column name="ap_enable_reg_pp0_iter1">1, 0, 1, 0</column>
<column name="ap_enable_reg_pp1_iter0">1, 0, 1, 0</column>
<column name="ap_enable_reg_pp1_iter1">1, 0, 1, 0</column>
<column name="ap_reg_grp_dct_2d_fu_182_ap_start">1, 0, 1, 0</column>
<column name="c_i5_reg_171">4, 0, 4, 0</column>
<column name="c_i_mid2_reg_396">4, 0, 4, 0</column>
<column name="c_i_reg_138">4, 0, 4, 0</column>
<column name="exitcond_flatten2_reg_417">1, 0, 1, 0</column>
<column name="exitcond_flatten_reg_387">1, 0, 1, 0</column>
<column name="indvar_flatten2_reg_149">7, 0, 7, 0</column>
<column name="indvar_flatten_reg_116">7, 0, 7, 0</column>
<column name="r_i2_cast4_mid2_v_reg_426">4, 0, 4, 0</column>
<column name="r_i2_reg_160">4, 0, 4, 0</column>
<column name="r_i_cast8_mid2_v_reg_401">4, 0, 4, 0</column>
<column name="r_i_reg_127">4, 0, 4, 0</column>
<column name="sum3_i_reg_436">6, 0, 6, 0</column>
</table>
</item>
</section>
</item>
</section>

<section name = "Interface" level="0">
<item name = "Summary"><table name="" hasTotal="0">
<keys size="6">RTL Ports, Dir, Bits, Protocol, Source Object, C Type</keys>
<column name="ap_clk">in, 1, ap_ctrl_hs, dct, return value</column>
<column name="ap_rst">in, 1, ap_ctrl_hs, dct, return value</column>
<column name="ap_start">in, 1, ap_ctrl_hs, dct, return value</column>
<column name="ap_done">out, 1, ap_ctrl_hs, dct, return value</column>
<column name="ap_idle">out, 1, ap_ctrl_hs, dct, return value</column>
<column name="ap_ready">out, 1, ap_ctrl_hs, dct, return value</column>
<column name="input_r_address0">out, 6, ap_memory, input_r, array</column>
<column name="input_r_ce0">out, 1, ap_memory, input_r, array</column>
<column name="input_r_q0">in, 16, ap_memory, input_r, array</column>
<column name="output_r_address0">out, 6, ap_memory, output_r, array</column>
<column name="output_r_ce0">out, 1, ap_memory, output_r, array</column>
<column name="output_r_we0">out, 1, ap_memory, output_r, array</column>
<column name="output_r_d0">out, 16, ap_memory, output_r, array</column>
</table>
</item>
</section>

<section name = "Critical Path" level="0">
<item name = "Max Delay">7.68</item>
<item name = "Critical Path Table"><table name="Critical Path Table" hasTotal="0">
<keys size="15">Name, Operator, Delay, Accumulated Delay, Store Source, Resource, Core, Interface, Type, Port, Array, Scope, Pointer, Callee, Phi Node</keys>
<column name="'c'">phi, 0.00, 0.00, -, -, -, -, -, -, -, -, -, -, &apos;c&apos;, dct.c:61-&gt;dct.c:85</column>
<column name="'exitcond_i', dct.c:61->dct.c:85">icmp, 1.88, 1.88, -, -, -, -, -, -, -, -, -, -, -</column>
<column name="'c_i_mid2', dct.c:61->dct.c:85">select, 1.37, 3.25, -, -, -, -, -, -, -, -, -, -, -</column>
<column name="'c_i_cast6', dct.c:61->dct.c:85">zext, 0.00, 3.25, -, -, -, -, -, -, -, -, -, -, -</column>
<column name="'sum_i', dct.c:62->dct.c:85">add, 1.72, 4.97, -, -, -, -, -, -, -, -, -, -, -</column>
<column name="'sum_i_cast', dct.c:62->dct.c:85">zext, 0.00, 4.97, -, -, -, -, -, -, -, -, -, -, -</column>
<column name="'input_addr', dct.c:62->dct.c:85">getelementptr, 0.00, 4.97, -, -, -, -, -, -, -, -, -, -, -</column>
<column name="'input_load', dct.c:62->dct.c:85">load, 2.71, 7.68, -, -, -, -, -, -, &apos;input_r&apos;, -, -, -, -</column>
</table>
</item>
</section>
</profile>
