<stg><name>dct</name>


<trans_list>

<trans id="85" from="1" to="2">
<condition id="45">
<or_exp><and_exp></and_exp></or_exp>
</condition>
</trans>

<trans id="98" from="2" to="4">
<condition id="61">
<or_exp><and_exp><literal name="exitcond_flatten" val="1"/>
</and_exp></or_exp>
</condition>
</trans>

<trans id="99" from="2" to="3">
<condition id="63">
<or_exp><and_exp><literal name="exitcond_flatten" val="0"/>
</and_exp></or_exp>
</condition>
</trans>

<trans id="97" from="3" to="2">
<condition id="62">
<or_exp><and_exp></and_exp></or_exp>
</condition>
</trans>

<trans id="90" from="4" to="5">
<condition id="52">
<or_exp><and_exp></and_exp></or_exp>
</condition>
</trans>

<trans id="91" from="5" to="6">
<condition id="54">
<or_exp><and_exp></and_exp></or_exp>
</condition>
</trans>

<trans id="102" from="6" to="8">
<condition id="64">
<or_exp><and_exp><literal name="exitcond_flatten2" val="1"/>
</and_exp></or_exp>
</condition>
</trans>

<trans id="103" from="6" to="7">
<condition id="66">
<or_exp><and_exp><literal name="exitcond_flatten2" val="0"/>
</and_exp></or_exp>
</condition>
</trans>

<trans id="101" from="7" to="6">
<condition id="65">
<or_exp><and_exp></and_exp></or_exp>
</condition>
</trans>
</trans_list>



<state_list>

<state id="1" st_id="1">

<operation id="9" st_id="1" stage="1" lat="1">
<core>NULL</core>
<MemPortIdVec></MemPortIdVec>
<condition id="40">
<or_exp><and_exp></and_exp></or_exp>
</condition>

<Node id="4" bw="0" op_0_bw="0" op_1_bw="16">
<![CDATA[
:0  call void (...)* @_ssdm_op_SpecBitsMap([64 x i16]* %input_r) nounwind, !map !19

]]></Node>
<StgValue><ssdm name=""/></StgValue>
</operation>

<operation id="10" st_id="1" stage="1" lat="1">
<core>NULL</core>
<MemPortIdVec></MemPortIdVec>
<condition id="40">
<or_exp><and_exp></and_exp></or_exp>
</condition>

<Node id="5" bw="0" op_0_bw="0" op_1_bw="16">
<![CDATA[
:1  call void (...)* @_ssdm_op_SpecBitsMap([64 x i16]* %output_r) nounwind, !map !25

]]></Node>
<StgValue><ssdm name=""/></StgValue>
</operation>

<operation id="11" st_id="1" stage="1" lat="1">
<core>NULL</core>
<MemPortIdVec></MemPortIdVec>
<condition id="40">
<or_exp><and_exp></and_exp></or_exp>
</condition>

<Node id="6" bw="0" op_0_bw="0" op_1_bw="0">
<![CDATA[
:2  call void (...)* @_ssdm_op_SpecTopModule([4 x i8]* @dct_str) nounwind

]]></Node>
<StgValue><ssdm name=""/></StgValue>
</operation>

<operation id="12" st_id="1" stage="1" lat="1">
<core>RAM</core>
<MemPortIdVec></MemPortIdVec>
<condition id="40">
<or_exp><and_exp></and_exp></or_exp>
</condition>

<Node id="7" bw="16" op_0_bw="32">
<![CDATA[
:3  %buf_2d_in = alloca [64 x i16], align 2

]]></Node>
<StgValue><ssdm name="buf_2d_in"/><MemPortTyVec>2 3 </MemPortTyVec>
</StgValue>
</operation>

<operation id="13" st_id="1" stage="1" lat="1">
<core>RAM</core>
<MemPortIdVec></MemPortIdVec>
<condition id="40">
<or_exp><and_exp></and_exp></or_exp>
</condition>

<Node id="8" bw="16" op_0_bw="32">
<![CDATA[
:4  %buf_2d_out = alloca [64 x i16], align 2

]]></Node>
<StgValue><ssdm name="buf_2d_out"/><MemPortTyVec>2 3 </MemPortTyVec>
</StgValue>
</operation>

<operation id="14" st_id="1" stage="1" lat="1">
<core>NULL</core>
<MemPortIdVec></MemPortIdVec>
<condition id="40">
<or_exp><and_exp></and_exp></or_exp>
</condition>

<Node id="9" bw="0" op_0_bw="0">
<![CDATA[
:5  br label %1

]]></Node>
<StgValue><ssdm name=""/></StgValue>
</operation>
</state>

<state id="2" st_id="2">

<operation id="15" st_id="2" stage="1" lat="1">
<core>NULL</core>
<MemPortIdVec></MemPortIdVec>
<condition id="-1">
<or_exp><and_exp></and_exp></or_exp>
</condition>

<Node id="11" bw="7" op_0_bw="7" op_1_bw="0">
<![CDATA[
:0  %indvar_flatten = phi i7 [ 0, %0 ], [ %indvar_flatten_next, %.reset ]

]]></Node>
<StgValue><ssdm name="indvar_flatten"/></StgValue>
</operation>

<operation id="16" st_id="2" stage="1" lat="1">
<core>NULL</core>
<MemPortIdVec></MemPortIdVec>
<condition id="-1">
<or_exp><and_exp></and_exp></or_exp>
</condition>

<Node id="12" bw="4" op_0_bw="4" op_1_bw="0">
<![CDATA[
:1  %r_i = phi i4 [ 0, %0 ], [ %r_i_cast8_mid2_v, %.reset ]

]]></Node>
<StgValue><ssdm name="r_i"/></StgValue>
</operation>

<operation id="17" st_id="2" stage="1" lat="1">
<core>NULL</core>
<MemPortIdVec></MemPortIdVec>
<condition id="-1">
<or_exp><and_exp></and_exp></or_exp>
</condition>

<Node id="13" bw="4" op_0_bw="4" op_1_bw="0">
<![CDATA[
:2  %c_i = phi i4 [ 0, %0 ], [ %c, %.reset ]

]]></Node>
<StgValue><ssdm name="c_i"/></StgValue>
</operation>

<operation id="18" st_id="2" stage="1" lat="1">
<core>Cmp</core>
<MemPortIdVec></MemPortIdVec>
<condition id="-1">
<or_exp><and_exp></and_exp></or_exp>
</condition>

<Node id="14" bw="1" op_0_bw="7" op_1_bw="7">
<![CDATA[
:3  %exitcond_flatten = icmp eq i7 %indvar_flatten, -64

]]></Node>
<StgValue><ssdm name="exitcond_flatten"/></StgValue>
</operation>

<operation id="19" st_id="2" stage="1" lat="1">
<core>AddSub</core>
<MemPortIdVec></MemPortIdVec>
<condition id="-1">
<or_exp><and_exp></and_exp></or_exp>
</condition>

<Node id="15" bw="7" op_0_bw="7" op_1_bw="7">
<![CDATA[
:4  %indvar_flatten_next = add i7 %indvar_flatten, 1

]]></Node>
<StgValue><ssdm name="indvar_flatten_next"/></StgValue>
</operation>

<operation id="20" st_id="2" stage="1" lat="1">
<core>NULL</core>
<MemPortIdVec></MemPortIdVec>
<condition id="-1">
<or_exp><and_exp></and_exp></or_exp>
</condition>

<Node id="16" bw="0" op_0_bw="1" op_1_bw="0" op_2_bw="0">
<![CDATA[
:5  br i1 %exitcond_flatten, label %read_data.exit, label %.reset

]]></Node>
<StgValue><ssdm name=""/></StgValue>
</operation>

<operation id="21" st_id="2" stage="1" lat="1">
<core>AddSub</core>
<MemPortIdVec></MemPortIdVec>
<condition id="0">
<or_exp><and_exp><literal name="exitcond_flatten" val="0"/>
</and_exp></or_exp>
</condition>

<Node id="18" bw="4" op_0_bw="4" op_1_bw="4">
<![CDATA[
.reset:0  %r = add i4 1, %r_i

]]></Node>
<StgValue><ssdm name="r"/></StgValue>
</operation>

<operation id="22" st_id="2" stage="1" lat="1">
<core>Cmp</core>
<MemPortIdVec></MemPortIdVec>
<condition id="0">
<or_exp><and_exp><literal name="exitcond_flatten" val="0"/>
</and_exp></or_exp>
</condition>

<Node id="21" bw="1" op_0_bw="4" op_1_bw="4">
<![CDATA[
.reset:3  %exitcond_i = icmp eq i4 %c_i, -8

]]></Node>
<StgValue><ssdm name="exitcond_i"/></StgValue>
</operation>

<operation id="23" st_id="2" stage="1" lat="1">
<core>Sel</core>
<MemPortIdVec></MemPortIdVec>
<condition id="0">
<or_exp><and_exp><literal name="exitcond_flatten" val="0"/>
</and_exp></or_exp>
</condition>

<Node id="22" bw="4" op_0_bw="1" op_1_bw="4" op_2_bw="4">
<![CDATA[
.reset:4  %c_i_mid2 = select i1 %exitcond_i, i4 0, i4 %c_i

]]></Node>
<StgValue><ssdm name="c_i_mid2"/></StgValue>
</operation>

<operation id="24" st_id="2" stage="1" lat="1">
<core>Sel</core>
<MemPortIdVec></MemPortIdVec>
<condition id="0">
<or_exp><and_exp><literal name="exitcond_flatten" val="0"/>
</and_exp></or_exp>
</condition>

<Node id="23" bw="4" op_0_bw="1" op_1_bw="4" op_2_bw="4">
<![CDATA[
.reset:5  %r_i_cast8_mid2_v = select i1 %exitcond_i, i4 %r, i4 %r_i

]]></Node>
<StgValue><ssdm name="r_i_cast8_mid2_v"/></StgValue>
</operation>

<operation id="25" st_id="2" stage="1" lat="1">
<core>NULL</core>
<MemPortIdVec></MemPortIdVec>
<condition id="0">
<or_exp><and_exp><literal name="exitcond_flatten" val="0"/>
</and_exp></or_exp>
</condition>

<Node id="26" bw="3" op_0_bw="4">
<![CDATA[
.reset:8  %tmp_3 = trunc i4 %r_i_cast8_mid2_v to i3

]]></Node>
<StgValue><ssdm name="tmp_3"/></StgValue>
</operation>

<operation id="26" st_id="2" stage="1" lat="1">
<core>NULL</core>
<MemPortIdVec></MemPortIdVec>
<condition id="0">
<or_exp><and_exp><literal name="exitcond_flatten" val="0"/>
</and_exp></or_exp>
</condition>

<Node id="27" bw="6" op_0_bw="6" op_1_bw="3" op_2_bw="3">
<![CDATA[
.reset:9  %tmp_i_mid2 = call i6 @_ssdm_op_BitConcatenate.i6.i3.i3(i3 %tmp_3, i3 0)

]]></Node>
<StgValue><ssdm name="tmp_i_mid2"/></StgValue>
</operation>

<operation id="27" st_id="2" stage="1" lat="1">
<core>NULL</core>
<MemPortIdVec></MemPortIdVec>
<condition id="0">
<or_exp><and_exp><literal name="exitcond_flatten" val="0"/>
</and_exp></or_exp>
</condition>

<Node id="28" bw="6" op_0_bw="4">
<![CDATA[
.reset:10  %c_i_cast6 = zext i4 %c_i_mid2 to i6

]]></Node>
<StgValue><ssdm name="c_i_cast6"/></StgValue>
</operation>

<operation id="28" st_id="2" stage="1" lat="1">
<core>AddSub</core>
<MemPortIdVec></MemPortIdVec>
<condition id="0">
<or_exp><and_exp><literal name="exitcond_flatten" val="0"/>
</and_exp></or_exp>
</condition>

<Node id="36" bw="6" op_0_bw="6" op_1_bw="6">
<![CDATA[
.reset:18  %sum_i = add i6 %tmp_i_mid2, %c_i_cast6

]]></Node>
<StgValue><ssdm name="sum_i"/></StgValue>
</operation>

<operation id="29" st_id="2" stage="1" lat="1">
<core>NULL</core>
<MemPortIdVec></MemPortIdVec>
<condition id="0">
<or_exp><and_exp><literal name="exitcond_flatten" val="0"/>
</and_exp></or_exp>
</condition>

<Node id="37" bw="32" op_0_bw="6">
<![CDATA[
.reset:19  %sum_i_cast = zext i6 %sum_i to i32

]]></Node>
<StgValue><ssdm name="sum_i_cast"/></StgValue>
</operation>

<operation id="30" st_id="2" stage="1" lat="1">
<core>NULL</core>
<MemPortIdVec></MemPortIdVec>
<condition id="0">
<or_exp><and_exp><literal name="exitcond_flatten" val="0"/>
</and_exp></or_exp>
</condition>

<Node id="38" bw="6" op_0_bw="16" op_1_bw="32" op_2_bw="32">
<![CDATA[
.reset:20  %input_addr = getelementptr [64 x i16]* %input_r, i32 0, i32 %sum_i_cast

]]></Node>
<StgValue><ssdm name="input_addr"/></StgValue>
</operation>

<operation id="31" st_id="2" stage="2" lat="2">
<core>RAM</core>
<MemPortIdVec>0 </MemPortIdVec>
<condition id="0">
<or_exp><and_exp><literal name="exitcond_flatten" val="0"/>
</and_exp></or_exp>
</condition>

<Node id="39" bw="16" op_0_bw="6">
<![CDATA[
.reset:21  %input_load = load i16* %input_addr, align 2

]]></Node>
<StgValue><ssdm name="input_load"/></StgValue>
</operation>

<operation id="32" st_id="2" stage="1" lat="1">
<core>AddSub</core>
<MemPortIdVec></MemPortIdVec>
<condition id="0">
<or_exp><and_exp><literal name="exitcond_flatten" val="0"/>
</and_exp></or_exp>
</condition>

<Node id="42" bw="4" op_0_bw="4" op_1_bw="4">
<![CDATA[
.reset:24  %c = add i4 1, %c_i_mid2

]]></Node>
<StgValue><ssdm name="c"/></StgValue>
</operation>
</state>

<state id="3" st_id="3">

<operation id="33" st_id="3" stage="1" lat="1">
<core>NULL</core>
<MemPortIdVec></MemPortIdVec>
<condition id="0">
<or_exp><and_exp><literal name="exitcond_flatten" val="0"/>
</and_exp></or_exp>
</condition>

<Node id="19" bw="0" op_0_bw="0" op_1_bw="0">
<![CDATA[
.reset:1  call void (...)* @_ssdm_op_SpecLoopName([24 x i8]* @RD_Loop_Row_RD_Loop_s)

]]></Node>
<StgValue><ssdm name=""/></StgValue>
</operation>

<operation id="34" st_id="3" stage="1" lat="1">
<core>NULL</core>
<MemPortIdVec></MemPortIdVec>
<condition id="0">
<or_exp><and_exp><literal name="exitcond_flatten" val="0"/>
</and_exp></or_exp>
</condition>

<Node id="20" bw="32" op_0_bw="32" op_1_bw="64" op_2_bw="64" op_3_bw="64">
<![CDATA[
.reset:2  %empty = call i32 (...)* @_ssdm_op_SpecLoopTripCount(i64 64, i64 64, i64 64) nounwind

]]></Node>
<StgValue><ssdm name="empty"/></StgValue>
</operation>

<operation id="35" st_id="3" stage="1" lat="1">
<core>NULL</core>
<MemPortIdVec></MemPortIdVec>
<condition id="0">
<or_exp><and_exp><literal name="exitcond_flatten" val="0"/>
</and_exp></or_exp>
</condition>

<Node id="24" bw="7" op_0_bw="7" op_1_bw="4" op_2_bw="3">
<![CDATA[
.reset:6  %tmp = call i7 @_ssdm_op_BitConcatenate.i7.i4.i3(i4 %r_i_cast8_mid2_v, i3 0)

]]></Node>
<StgValue><ssdm name="tmp"/></StgValue>
</operation>

<operation id="36" st_id="3" stage="1" lat="1">
<core>NULL</core>
<MemPortIdVec></MemPortIdVec>
<condition id="0">
<or_exp><and_exp><literal name="exitcond_flatten" val="0"/>
</and_exp></or_exp>
</condition>

<Node id="25" bw="8" op_0_bw="7">
<![CDATA[
.reset:7  %tmp_26_cast = zext i7 %tmp to i8

]]></Node>
<StgValue><ssdm name="tmp_26_cast"/></StgValue>
</operation>

<operation id="37" st_id="3" stage="1" lat="1">
<core>NULL</core>
<MemPortIdVec></MemPortIdVec>
<condition id="0">
<or_exp><and_exp><literal name="exitcond_flatten" val="0"/>
</and_exp></or_exp>
</condition>

<Node id="29" bw="8" op_0_bw="4">
<![CDATA[
.reset:11  %c_i_cast5_cast = zext i4 %c_i_mid2 to i8

]]></Node>
<StgValue><ssdm name="c_i_cast5_cast"/></StgValue>
</operation>

<operation id="38" st_id="3" stage="1" lat="1">
<core>AddSub</core>
<MemPortIdVec></MemPortIdVec>
<condition id="0">
<or_exp><and_exp><literal name="exitcond_flatten" val="0"/>
</and_exp></or_exp>
</condition>

<Node id="30" bw="8" op_0_bw="8" op_1_bw="8">
<![CDATA[
.reset:12  %tmp_s = add i8 %tmp_26_cast, %c_i_cast5_cast

]]></Node>
<StgValue><ssdm name="tmp_s"/></StgValue>
</operation>

<operation id="39" st_id="3" stage="1" lat="1">
<core>NULL</core>
<MemPortIdVec></MemPortIdVec>
<condition id="0">
<or_exp><and_exp><literal name="exitcond_flatten" val="0"/>
</and_exp></or_exp>
</condition>

<Node id="31" bw="32" op_0_bw="8">
<![CDATA[
.reset:13  %tmp_28_cast = zext i8 %tmp_s to i32

]]></Node>
<StgValue><ssdm name="tmp_28_cast"/></StgValue>
</operation>

<operation id="40" st_id="3" stage="1" lat="1">
<core>NULL</core>
<MemPortIdVec></MemPortIdVec>
<condition id="0">
<or_exp><and_exp><literal name="exitcond_flatten" val="0"/>
</and_exp></or_exp>
</condition>

<Node id="32" bw="6" op_0_bw="16" op_1_bw="32" op_2_bw="32">
<![CDATA[
.reset:14  %buf_2d_in_addr = getelementptr [64 x i16]* %buf_2d_in, i32 0, i32 %tmp_28_cast

]]></Node>
<StgValue><ssdm name="buf_2d_in_addr"/></StgValue>
</operation>

<operation id="41" st_id="3" stage="1" lat="1">
<core>NULL</core>
<MemPortIdVec></MemPortIdVec>
<condition id="0">
<or_exp><and_exp><literal name="exitcond_flatten" val="0"/>
</and_exp></or_exp>
</condition>

<Node id="33" bw="0" op_0_bw="0" op_1_bw="0">
<![CDATA[
.reset:15  call void (...)* @_ssdm_op_SpecLoopName([12 x i8]* @p_str10) nounwind

]]></Node>
<StgValue><ssdm name=""/></StgValue>
</operation>

<operation id="42" st_id="3" stage="1" lat="1">
<core>NULL</core>
<MemPortIdVec></MemPortIdVec>
<condition id="0">
<or_exp><and_exp><literal name="exitcond_flatten" val="0"/>
</and_exp></or_exp>
</condition>

<Node id="34" bw="32" op_0_bw="32" op_1_bw="0">
<![CDATA[
.reset:16  %tmp_4_i = call i32 (...)* @_ssdm_op_SpecRegionBegin([12 x i8]* @p_str10) nounwind

]]></Node>
<StgValue><ssdm name="tmp_4_i"/></StgValue>
</operation>

<operation id="43" st_id="3" stage="1" lat="1">
<core>NULL</core>
<MemPortIdVec></MemPortIdVec>
<condition id="0">
<or_exp><and_exp><literal name="exitcond_flatten" val="0"/>
</and_exp></or_exp>
</condition>

<Node id="35" bw="0" op_0_bw="0" op_1_bw="32" op_2_bw="32" op_3_bw="32" op_4_bw="32" op_5_bw="0">
<![CDATA[
.reset:17  call void (...)* @_ssdm_op_SpecPipeline(i32 -1, i32 1, i32 1, i32 0, [1 x i8]* @p_str2) nounwind

]]></Node>
<StgValue><ssdm name=""/></StgValue>
</operation>

<operation id="44" st_id="3" stage="1" lat="2">
<core>RAM</core>
<MemPortIdVec>0 </MemPortIdVec>
<condition id="0">
<or_exp><and_exp><literal name="exitcond_flatten" val="0"/>
</and_exp></or_exp>
</condition>

<Node id="39" bw="16" op_0_bw="6">
<![CDATA[
.reset:21  %input_load = load i16* %input_addr, align 2

]]></Node>
<StgValue><ssdm name="input_load"/></StgValue>
</operation>

<operation id="45" st_id="3" stage="1" lat="1">
<core>RAM</core>
<MemPortIdVec>0 </MemPortIdVec>
<condition id="0">
<or_exp><and_exp><literal name="exitcond_flatten" val="0"/>
</and_exp></or_exp>
</condition>

<Node id="40" bw="0" op_0_bw="16" op_1_bw="6">
<![CDATA[
.reset:22  store i16 %input_load, i16* %buf_2d_in_addr, align 2

]]></Node>
<StgValue><ssdm name=""/></StgValue>
</operation>

<operation id="46" st_id="3" stage="1" lat="1">
<core>NULL</core>
<MemPortIdVec></MemPortIdVec>
<condition id="0">
<or_exp><and_exp><literal name="exitcond_flatten" val="0"/>
</and_exp></or_exp>
</condition>

<Node id="41" bw="32" op_0_bw="32" op_1_bw="0" op_2_bw="32">
<![CDATA[
.reset:23  %empty_13 = call i32 (...)* @_ssdm_op_SpecRegionEnd([12 x i8]* @p_str10, i32 %tmp_4_i) nounwind

]]></Node>
<StgValue><ssdm name="empty_13"/></StgValue>
</operation>

<operation id="47" st_id="3" stage="1" lat="1">
<core>NULL</core>
<MemPortIdVec></MemPortIdVec>
<condition id="0">
<or_exp><and_exp><literal name="exitcond_flatten" val="0"/>
</and_exp></or_exp>
</condition>

<Node id="43" bw="0" op_0_bw="0">
<![CDATA[
.reset:25  br label %1

]]></Node>
<StgValue><ssdm name=""/></StgValue>
</operation>
</state>

<state id="4" st_id="4">

<operation id="48" st_id="4" stage="2" lat="2">
<core></core>
<MemPortIdVec></MemPortIdVec>
<condition id="41">
<or_exp><and_exp></and_exp></or_exp>
</condition>

<Node id="45" bw="0" op_0_bw="0" op_1_bw="16" op_2_bw="16">
<![CDATA[
read_data.exit:0  call fastcc void @dct_2d([64 x i16]* %buf_2d_in, [64 x i16]* %buf_2d_out) nounwind

]]></Node>
<StgValue><ssdm name=""/></StgValue>
</operation>
</state>

<state id="5" st_id="5">

<operation id="49" st_id="5" stage="1" lat="2">
<core></core>
<MemPortIdVec></MemPortIdVec>
<condition id="42">
<or_exp><and_exp></and_exp></or_exp>
</condition>

<Node id="45" bw="0" op_0_bw="0" op_1_bw="16" op_2_bw="16">
<![CDATA[
read_data.exit:0  call fastcc void @dct_2d([64 x i16]* %buf_2d_in, [64 x i16]* %buf_2d_out) nounwind

]]></Node>
<StgValue><ssdm name=""/></StgValue>
</operation>

<operation id="50" st_id="5" stage="1" lat="1">
<core>NULL</core>
<MemPortIdVec></MemPortIdVec>
<condition id="42">
<or_exp><and_exp></and_exp></or_exp>
</condition>

<Node id="46" bw="0" op_0_bw="0">
<![CDATA[
read_data.exit:1  br label %2

]]></Node>
<StgValue><ssdm name=""/></StgValue>
</operation>
</state>

<state id="6" st_id="6">

<operation id="51" st_id="6" stage="1" lat="1">
<core>NULL</core>
<MemPortIdVec></MemPortIdVec>
<condition id="-1">
<or_exp><and_exp></and_exp></or_exp>
</condition>

<Node id="48" bw="7" op_0_bw="7" op_1_bw="0">
<![CDATA[
:0  %indvar_flatten2 = phi i7 [ 0, %read_data.exit ], [ %indvar_flatten_next2, %.reset10 ]

]]></Node>
<StgValue><ssdm name="indvar_flatten2"/></StgValue>
</operation>

<operation id="52" st_id="6" stage="1" lat="1">
<core>NULL</core>
<MemPortIdVec></MemPortIdVec>
<condition id="-1">
<or_exp><and_exp></and_exp></or_exp>
</condition>

<Node id="49" bw="4" op_0_bw="4" op_1_bw="0">
<![CDATA[
:1  %r_i2 = phi i4 [ 0, %read_data.exit ], [ %r_i2_cast4_mid2_v, %.reset10 ]

]]></Node>
<StgValue><ssdm name="r_i2"/></StgValue>
</operation>

<operation id="53" st_id="6" stage="1" lat="1">
<core>NULL</core>
<MemPortIdVec></MemPortIdVec>
<condition id="-1">
<or_exp><and_exp></and_exp></or_exp>
</condition>

<Node id="50" bw="4" op_0_bw="4" op_1_bw="0">
<![CDATA[
:2  %c_i5 = phi i4 [ 0, %read_data.exit ], [ %c_1, %.reset10 ]

]]></Node>
<StgValue><ssdm name="c_i5"/></StgValue>
</operation>

<operation id="54" st_id="6" stage="1" lat="1">
<core>Cmp</core>
<MemPortIdVec></MemPortIdVec>
<condition id="-1">
<or_exp><and_exp></and_exp></or_exp>
</condition>

<Node id="51" bw="1" op_0_bw="7" op_1_bw="7">
<![CDATA[
:3  %exitcond_flatten2 = icmp eq i7 %indvar_flatten2, -64

]]></Node>
<StgValue><ssdm name="exitcond_flatten2"/></StgValue>
</operation>

<operation id="55" st_id="6" stage="1" lat="1">
<core>AddSub</core>
<MemPortIdVec></MemPortIdVec>
<condition id="-1">
<or_exp><and_exp></and_exp></or_exp>
</condition>

<Node id="52" bw="7" op_0_bw="7" op_1_bw="7">
<![CDATA[
:4  %indvar_flatten_next2 = add i7 %indvar_flatten2, 1

]]></Node>
<StgValue><ssdm name="indvar_flatten_next2"/></StgValue>
</operation>

<operation id="56" st_id="6" stage="1" lat="1">
<core>NULL</core>
<MemPortIdVec></MemPortIdVec>
<condition id="-1">
<or_exp><and_exp></and_exp></or_exp>
</condition>

<Node id="53" bw="0" op_0_bw="1" op_1_bw="0" op_2_bw="0">
<![CDATA[
:5  br i1 %exitcond_flatten2, label %write_data.exit, label %.reset10

]]></Node>
<StgValue><ssdm name=""/></StgValue>
</operation>

<operation id="57" st_id="6" stage="1" lat="1">
<core>AddSub</core>
<MemPortIdVec></MemPortIdVec>
<condition id="3">
<or_exp><and_exp><literal name="exitcond_flatten2" val="0"/>
</and_exp></or_exp>
</condition>

<Node id="55" bw="4" op_0_bw="4" op_1_bw="4">
<![CDATA[
.reset10:0  %r_1 = add i4 1, %r_i2

]]></Node>
<StgValue><ssdm name="r_1"/></StgValue>
</operation>

<operation id="58" st_id="6" stage="1" lat="1">
<core>Cmp</core>
<MemPortIdVec></MemPortIdVec>
<condition id="3">
<or_exp><and_exp><literal name="exitcond_flatten2" val="0"/>
</and_exp></or_exp>
</condition>

<Node id="58" bw="1" op_0_bw="4" op_1_bw="4">
<![CDATA[
.reset10:3  %exitcond_i1 = icmp eq i4 %c_i5, -8

]]></Node>
<StgValue><ssdm name="exitcond_i1"/></StgValue>
</operation>

<operation id="59" st_id="6" stage="1" lat="1">
<core>Sel</core>
<MemPortIdVec></MemPortIdVec>
<condition id="3">
<or_exp><and_exp><literal name="exitcond_flatten2" val="0"/>
</and_exp></or_exp>
</condition>

<Node id="59" bw="4" op_0_bw="1" op_1_bw="4" op_2_bw="4">
<![CDATA[
.reset10:4  %c_i5_mid2 = select i1 %exitcond_i1, i4 0, i4 %c_i5

]]></Node>
<StgValue><ssdm name="c_i5_mid2"/></StgValue>
</operation>

<operation id="60" st_id="6" stage="1" lat="1">
<core>Sel</core>
<MemPortIdVec></MemPortIdVec>
<condition id="3">
<or_exp><and_exp><literal name="exitcond_flatten2" val="0"/>
</and_exp></or_exp>
</condition>

<Node id="60" bw="4" op_0_bw="1" op_1_bw="4" op_2_bw="4">
<![CDATA[
.reset10:5  %r_i2_cast4_mid2_v = select i1 %exitcond_i1, i4 %r_1, i4 %r_i2

]]></Node>
<StgValue><ssdm name="r_i2_cast4_mid2_v"/></StgValue>
</operation>

<operation id="61" st_id="6" stage="1" lat="1">
<core>NULL</core>
<MemPortIdVec></MemPortIdVec>
<condition id="3">
<or_exp><and_exp><literal name="exitcond_flatten2" val="0"/>
</and_exp></or_exp>
</condition>

<Node id="61" bw="7" op_0_bw="7" op_1_bw="4" op_2_bw="3">
<![CDATA[
.reset10:6  %tmp_19 = call i7 @_ssdm_op_BitConcatenate.i7.i4.i3(i4 %r_i2_cast4_mid2_v, i3 0)

]]></Node>
<StgValue><ssdm name="tmp_19"/></StgValue>
</operation>

<operation id="62" st_id="6" stage="1" lat="1">
<core>NULL</core>
<MemPortIdVec></MemPortIdVec>
<condition id="3">
<or_exp><and_exp><literal name="exitcond_flatten2" val="0"/>
</and_exp></or_exp>
</condition>

<Node id="62" bw="8" op_0_bw="7">
<![CDATA[
.reset10:7  %tmp_30_cast = zext i7 %tmp_19 to i8

]]></Node>
<StgValue><ssdm name="tmp_30_cast"/></StgValue>
</operation>

<operation id="63" st_id="6" stage="1" lat="1">
<core>NULL</core>
<MemPortIdVec></MemPortIdVec>
<condition id="3">
<or_exp><and_exp><literal name="exitcond_flatten2" val="0"/>
</and_exp></or_exp>
</condition>

<Node id="63" bw="3" op_0_bw="4">
<![CDATA[
.reset10:8  %tmp_4 = trunc i4 %r_i2_cast4_mid2_v to i3

]]></Node>
<StgValue><ssdm name="tmp_4"/></StgValue>
</operation>

<operation id="64" st_id="6" stage="1" lat="1">
<core>NULL</core>
<MemPortIdVec></MemPortIdVec>
<condition id="3">
<or_exp><and_exp><literal name="exitcond_flatten2" val="0"/>
</and_exp></or_exp>
</condition>

<Node id="64" bw="6" op_0_bw="6" op_1_bw="3" op_2_bw="3">
<![CDATA[
.reset10:9  %tmp_i4_mid2 = call i6 @_ssdm_op_BitConcatenate.i6.i3.i3(i3 %tmp_4, i3 0)

]]></Node>
<StgValue><ssdm name="tmp_i4_mid2"/></StgValue>
</operation>

<operation id="65" st_id="6" stage="1" lat="1">
<core>NULL</core>
<MemPortIdVec></MemPortIdVec>
<condition id="3">
<or_exp><and_exp><literal name="exitcond_flatten2" val="0"/>
</and_exp></or_exp>
</condition>

<Node id="65" bw="6" op_0_bw="4">
<![CDATA[
.reset10:10  %c_i5_cast2 = zext i4 %c_i5_mid2 to i6

]]></Node>
<StgValue><ssdm name="c_i5_cast2"/></StgValue>
</operation>

<operation id="66" st_id="6" stage="1" lat="1">
<core>NULL</core>
<MemPortIdVec></MemPortIdVec>
<condition id="3">
<or_exp><and_exp><literal name="exitcond_flatten2" val="0"/>
</and_exp></or_exp>
</condition>

<Node id="66" bw="8" op_0_bw="4">
<![CDATA[
.reset10:11  %c_i5_cast1_cast = zext i4 %c_i5_mid2 to i8

]]></Node>
<StgValue><ssdm name="c_i5_cast1_cast"/></StgValue>
</operation>

<operation id="67" st_id="6" stage="1" lat="1">
<core>AddSub</core>
<MemPortIdVec></MemPortIdVec>
<condition id="3">
<or_exp><and_exp><literal name="exitcond_flatten2" val="0"/>
</and_exp></or_exp>
</condition>

<Node id="67" bw="8" op_0_bw="8" op_1_bw="8">
<![CDATA[
.reset10:12  %tmp_20 = add i8 %tmp_30_cast, %c_i5_cast1_cast

]]></Node>
<StgValue><ssdm name="tmp_20"/></StgValue>
</operation>

<operation id="68" st_id="6" stage="1" lat="1">
<core>NULL</core>
<MemPortIdVec></MemPortIdVec>
<condition id="3">
<or_exp><and_exp><literal name="exitcond_flatten2" val="0"/>
</and_exp></or_exp>
</condition>

<Node id="68" bw="32" op_0_bw="8">
<![CDATA[
.reset10:13  %tmp_32_cast = zext i8 %tmp_20 to i32

]]></Node>
<StgValue><ssdm name="tmp_32_cast"/></StgValue>
</operation>

<operation id="69" st_id="6" stage="1" lat="1">
<core>NULL</core>
<MemPortIdVec></MemPortIdVec>
<condition id="3">
<or_exp><and_exp><literal name="exitcond_flatten2" val="0"/>
</and_exp></or_exp>
</condition>

<Node id="69" bw="6" op_0_bw="16" op_1_bw="32" op_2_bw="32">
<![CDATA[
.reset10:14  %buf_2d_out_addr = getelementptr [64 x i16]* %buf_2d_out, i32 0, i32 %tmp_32_cast

]]></Node>
<StgValue><ssdm name="buf_2d_out_addr"/></StgValue>
</operation>

<operation id="70" st_id="6" stage="2" lat="2">
<core>RAM</core>
<MemPortIdVec>0 </MemPortIdVec>
<condition id="3">
<or_exp><and_exp><literal name="exitcond_flatten2" val="0"/>
</and_exp></or_exp>
</condition>

<Node id="73" bw="16" op_0_bw="6">
<![CDATA[
.reset10:18  %buf_2d_out_load = load i16* %buf_2d_out_addr, align 2

]]></Node>
<StgValue><ssdm name="buf_2d_out_load"/></StgValue>
</operation>

<operation id="71" st_id="6" stage="1" lat="1">
<core>AddSub</core>
<MemPortIdVec></MemPortIdVec>
<condition id="3">
<or_exp><and_exp><literal name="exitcond_flatten2" val="0"/>
</and_exp></or_exp>
</condition>

<Node id="74" bw="6" op_0_bw="6" op_1_bw="6">
<![CDATA[
.reset10:19  %sum3_i = add i6 %tmp_i4_mid2, %c_i5_cast2

]]></Node>
<StgValue><ssdm name="sum3_i"/></StgValue>
</operation>

<operation id="72" st_id="6" stage="1" lat="1">
<core>AddSub</core>
<MemPortIdVec></MemPortIdVec>
<condition id="3">
<or_exp><and_exp><literal name="exitcond_flatten2" val="0"/>
</and_exp></or_exp>
</condition>

<Node id="79" bw="4" op_0_bw="4" op_1_bw="4">
<![CDATA[
.reset10:24  %c_1 = add i4 1, %c_i5_mid2

]]></Node>
<StgValue><ssdm name="c_1"/></StgValue>
</operation>
</state>

<state id="7" st_id="7">

<operation id="73" st_id="7" stage="1" lat="1">
<core>NULL</core>
<MemPortIdVec></MemPortIdVec>
<condition id="3">
<or_exp><and_exp><literal name="exitcond_flatten2" val="0"/>
</and_exp></or_exp>
</condition>

<Node id="56" bw="0" op_0_bw="0" op_1_bw="0">
<![CDATA[
.reset10:1  call void (...)* @_ssdm_op_SpecLoopName([24 x i8]* @WR_Loop_Row_WR_Loop_s)

]]></Node>
<StgValue><ssdm name=""/></StgValue>
</operation>

<operation id="74" st_id="7" stage="1" lat="1">
<core>NULL</core>
<MemPortIdVec></MemPortIdVec>
<condition id="3">
<or_exp><and_exp><literal name="exitcond_flatten2" val="0"/>
</and_exp></or_exp>
</condition>

<Node id="57" bw="32" op_0_bw="32" op_1_bw="64" op_2_bw="64" op_3_bw="64">
<![CDATA[
.reset10:2  %empty_14 = call i32 (...)* @_ssdm_op_SpecLoopTripCount(i64 64, i64 64, i64 64) nounwind

]]></Node>
<StgValue><ssdm name="empty_14"/></StgValue>
</operation>

<operation id="75" st_id="7" stage="1" lat="1">
<core>NULL</core>
<MemPortIdVec></MemPortIdVec>
<condition id="3">
<or_exp><and_exp><literal name="exitcond_flatten2" val="0"/>
</and_exp></or_exp>
</condition>

<Node id="70" bw="0" op_0_bw="0" op_1_bw="0">
<![CDATA[
.reset10:15  call void (...)* @_ssdm_op_SpecLoopName([12 x i8]* @p_str12) nounwind

]]></Node>
<StgValue><ssdm name=""/></StgValue>
</operation>

<operation id="76" st_id="7" stage="1" lat="1">
<core>NULL</core>
<MemPortIdVec></MemPortIdVec>
<condition id="3">
<or_exp><and_exp><literal name="exitcond_flatten2" val="0"/>
</and_exp></or_exp>
</condition>

<Node id="71" bw="32" op_0_bw="32" op_1_bw="0">
<![CDATA[
.reset10:16  %tmp_2_i = call i32 (...)* @_ssdm_op_SpecRegionBegin([12 x i8]* @p_str12) nounwind

]]></Node>
<StgValue><ssdm name="tmp_2_i"/></StgValue>
</operation>

<operation id="77" st_id="7" stage="1" lat="1">
<core>NULL</core>
<MemPortIdVec></MemPortIdVec>
<condition id="3">
<or_exp><and_exp><literal name="exitcond_flatten2" val="0"/>
</and_exp></or_exp>
</condition>

<Node id="72" bw="0" op_0_bw="0" op_1_bw="32" op_2_bw="32" op_3_bw="32" op_4_bw="32" op_5_bw="0">
<![CDATA[
.reset10:17  call void (...)* @_ssdm_op_SpecPipeline(i32 -1, i32 1, i32 1, i32 0, [1 x i8]* @p_str2) nounwind

]]></Node>
<StgValue><ssdm name=""/></StgValue>
</operation>

<operation id="78" st_id="7" stage="1" lat="2">
<core>RAM</core>
<MemPortIdVec>0 </MemPortIdVec>
<condition id="3">
<or_exp><and_exp><literal name="exitcond_flatten2" val="0"/>
</and_exp></or_exp>
</condition>

<Node id="73" bw="16" op_0_bw="6">
<![CDATA[
.reset10:18  %buf_2d_out_load = load i16* %buf_2d_out_addr, align 2

]]></Node>
<StgValue><ssdm name="buf_2d_out_load"/></StgValue>
</operation>

<operation id="79" st_id="7" stage="1" lat="1">
<core>NULL</core>
<MemPortIdVec></MemPortIdVec>
<condition id="3">
<or_exp><and_exp><literal name="exitcond_flatten2" val="0"/>
</and_exp></or_exp>
</condition>

<Node id="75" bw="32" op_0_bw="6">
<![CDATA[
.reset10:20  %sum3_i_cast = zext i6 %sum3_i to i32

]]></Node>
<StgValue><ssdm name="sum3_i_cast"/></StgValue>
</operation>

<operation id="80" st_id="7" stage="1" lat="1">
<core>NULL</core>
<MemPortIdVec></MemPortIdVec>
<condition id="3">
<or_exp><and_exp><literal name="exitcond_flatten2" val="0"/>
</and_exp></or_exp>
</condition>

<Node id="76" bw="6" op_0_bw="16" op_1_bw="32" op_2_bw="32">
<![CDATA[
.reset10:21  %output_addr = getelementptr [64 x i16]* %output_r, i32 0, i32 %sum3_i_cast

]]></Node>
<StgValue><ssdm name="output_addr"/></StgValue>
</operation>

<operation id="81" st_id="7" stage="1" lat="1">
<core>RAM</core>
<MemPortIdVec>0 </MemPortIdVec>
<condition id="3">
<or_exp><and_exp><literal name="exitcond_flatten2" val="0"/>
</and_exp></or_exp>
</condition>

<Node id="77" bw="0" op_0_bw="16" op_1_bw="6">
<![CDATA[
.reset10:22  store i16 %buf_2d_out_load, i16* %output_addr, align 2

]]></Node>
<StgValue><ssdm name=""/></StgValue>
</operation>

<operation id="82" st_id="7" stage="1" lat="1">
<core>NULL</core>
<MemPortIdVec></MemPortIdVec>
<condition id="3">
<or_exp><and_exp><literal name="exitcond_flatten2" val="0"/>
</and_exp></or_exp>
</condition>

<Node id="78" bw="32" op_0_bw="32" op_1_bw="0" op_2_bw="32">
<![CDATA[
.reset10:23  %empty_15 = call i32 (...)* @_ssdm_op_SpecRegionEnd([12 x i8]* @p_str12, i32 %tmp_2_i) nounwind

]]></Node>
<StgValue><ssdm name="empty_15"/></StgValue>
</operation>

<operation id="83" st_id="7" stage="1" lat="1">
<core>NULL</core>
<MemPortIdVec></MemPortIdVec>
<condition id="3">
<or_exp><and_exp><literal name="exitcond_flatten2" val="0"/>
</and_exp></or_exp>
</condition>

<Node id="80" bw="0" op_0_bw="0">
<![CDATA[
.reset10:25  br label %2

]]></Node>
<StgValue><ssdm name=""/></StgValue>
</operation>
</state>

<state id="8" st_id="8">

<operation id="84" st_id="8" stage="1" lat="1">
<core>NULL</core>
<MemPortIdVec></MemPortIdVec>
<condition id="43">
<or_exp><and_exp></and_exp></or_exp>
</condition>

<Node id="82" bw="0">
<![CDATA[
write_data.exit:0  ret void

]]></Node>
<StgValue><ssdm name=""/></StgValue>
</operation>
</state>
</state_list>


<ports>
<port id="104" name="input_r" dir="0" iftype="1">
<core>RAM</core><StgValue><ssdm name="input_r"/><MemPortTyVec>1 3 </MemPortTyVec>
</StgValue>
</port>
<port id="105" name="output_r" dir="1" iftype="1">
<core>RAM</core><StgValue><ssdm name="output_r"/><MemPortTyVec>0 3 </MemPortTyVec>
</StgValue>
</port>
<port id="106" name="dct_coeff_table" dir="0" iftype="1">
<core>ROM_nP</core><StgValue><ssdm name="dct_coeff_table"/><MemPortTyVec>1 </MemPortTyVec>
</StgValue>
</port>
</ports>


<dataflows>
<dataflow id="108" from="_ssdm_op_SpecBitsMap" to="StgValue_9" fromId="107" toId="9">
</dataflow>
<dataflow id="109" from="input_r" to="StgValue_9" fromId="104" toId="9">
</dataflow>
<dataflow id="110" from="_ssdm_op_SpecBitsMap" to="StgValue_10" fromId="107" toId="10">
</dataflow>
<dataflow id="111" from="output_r" to="StgValue_10" fromId="105" toId="10">
</dataflow>
<dataflow id="113" from="_ssdm_op_SpecTopModule" to="StgValue_11" fromId="112" toId="11">
</dataflow>
<dataflow id="115" from="dct_str" to="StgValue_11" fromId="114" toId="11">
</dataflow>
<dataflow id="117" from="StgValue_116" to="buf_2d_in" fromId="116" toId="12">
</dataflow>
<dataflow id="118" from="StgValue_116" to="buf_2d_out" fromId="116" toId="13">
</dataflow>
<dataflow id="120" from="StgValue_119" to="indvar_flatten" fromId="119" toId="15">
<condition id="75">
<or_exp><and_exp></and_exp></or_exp>
</condition>
</dataflow>
<dataflow id="121" from="StgValue_14" to="indvar_flatten" fromId="14" toId="15">
</dataflow>
<dataflow id="122" from="indvar_flatten_next" to="indvar_flatten" fromId="19" toId="15">
<BackEdge/>
<condition id="76">
<or_exp><and_exp><literal name="exitcond_flatten" val="0"/>
</and_exp></or_exp>
</condition>
</dataflow>
<dataflow id="123" from="StgValue_47" to="indvar_flatten" fromId="47" toId="15">
<BackEdge/>
</dataflow>
<dataflow id="125" from="StgValue_124" to="r_i" fromId="124" toId="16">
<condition id="77">
<or_exp><and_exp></and_exp></or_exp>
</condition>
</dataflow>
<dataflow id="126" from="StgValue_14" to="r_i" fromId="14" toId="16">
</dataflow>
<dataflow id="127" from="r_i_cast8_mid2_v" to="r_i" fromId="24" toId="16">
<BackEdge/>
<condition id="78">
<or_exp><and_exp><literal name="exitcond_flatten" val="0"/>
</and_exp></or_exp>
</condition>
</dataflow>
<dataflow id="128" from="StgValue_47" to="r_i" fromId="47" toId="16">
<BackEdge/>
</dataflow>
<dataflow id="129" from="StgValue_124" to="c_i" fromId="124" toId="17">
<condition id="79">
<or_exp><and_exp></and_exp></or_exp>
</condition>
</dataflow>
<dataflow id="130" from="StgValue_14" to="c_i" fromId="14" toId="17">
</dataflow>
<dataflow id="131" from="c" to="c_i" fromId="32" toId="17">
<BackEdge/>
<condition id="80">
<or_exp><and_exp><literal name="exitcond_flatten" val="0"/>
</and_exp></or_exp>
</condition>
</dataflow>
<dataflow id="132" from="StgValue_47" to="c_i" fromId="47" toId="17">
<BackEdge/>
</dataflow>
<dataflow id="133" from="indvar_flatten" to="exitcond_flatten" fromId="15" toId="18">
</dataflow>
<dataflow id="135" from="StgValue_134" to="exitcond_flatten" fromId="134" toId="18">
</dataflow>
<dataflow id="136" from="indvar_flatten" to="indvar_flatten_next" fromId="15" toId="19">
</dataflow>
<dataflow id="138" from="StgValue_137" to="indvar_flatten_next" fromId="137" toId="19">
</dataflow>
<dataflow id="139" from="exitcond_flatten" to="StgValue_20" fromId="18" toId="20">
</dataflow>
<dataflow id="141" from="StgValue_140" to="r" fromId="140" toId="21">
</dataflow>
<dataflow id="142" from="r_i" to="r" fromId="16" toId="21">
</dataflow>
<dataflow id="143" from="c_i" to="exitcond_i" fromId="17" toId="22">
</dataflow>
<dataflow id="145" from="StgValue_144" to="exitcond_i" fromId="144" toId="22">
</dataflow>
<dataflow id="146" from="exitcond_i" to="c_i_mid2" fromId="22" toId="23">
</dataflow>
<dataflow id="147" from="StgValue_124" to="c_i_mid2" fromId="124" toId="23">
</dataflow>
<dataflow id="148" from="c_i" to="c_i_mid2" fromId="17" toId="23">
</dataflow>
<dataflow id="149" from="exitcond_i" to="r_i_cast8_mid2_v" fromId="22" toId="24">
</dataflow>
<dataflow id="150" from="r" to="r_i_cast8_mid2_v" fromId="21" toId="24">
</dataflow>
<dataflow id="151" from="r_i" to="r_i_cast8_mid2_v" fromId="16" toId="24">
</dataflow>
<dataflow id="152" from="r_i_cast8_mid2_v" to="tmp_3" fromId="24" toId="25">
</dataflow>
<dataflow id="154" from="_ssdm_op_BitConcatenate.i6.i3.i3" to="tmp_i_mid2" fromId="153" toId="26">
</dataflow>
<dataflow id="155" from="tmp_3" to="tmp_i_mid2" fromId="25" toId="26">
</dataflow>
<dataflow id="157" from="StgValue_156" to="tmp_i_mid2" fromId="156" toId="26">
</dataflow>
<dataflow id="158" from="c_i_mid2" to="c_i_cast6" fromId="23" toId="27">
</dataflow>
<dataflow id="159" from="tmp_i_mid2" to="sum_i" fromId="26" toId="28">
</dataflow>
<dataflow id="160" from="c_i_cast6" to="sum_i" fromId="27" toId="28">
</dataflow>
<dataflow id="161" from="sum_i" to="sum_i_cast" fromId="28" toId="29">
</dataflow>
<dataflow id="162" from="input_r" to="input_addr" fromId="104" toId="30">
</dataflow>
<dataflow id="164" from="StgValue_163" to="input_addr" fromId="163" toId="30">
</dataflow>
<dataflow id="165" from="sum_i_cast" to="input_addr" fromId="29" toId="30">
</dataflow>
<dataflow id="166" from="input_addr" to="input_load" fromId="30" toId="31">
</dataflow>
<dataflow id="167" from="StgValue_140" to="c" fromId="140" toId="32">
</dataflow>
<dataflow id="168" from="c_i_mid2" to="c" fromId="23" toId="32">
</dataflow>
<dataflow id="170" from="_ssdm_op_SpecLoopName" to="StgValue_33" fromId="169" toId="33">
</dataflow>
<dataflow id="172" from="RD_Loop_Row_RD_Loop_s" to="StgValue_33" fromId="171" toId="33">
</dataflow>
<dataflow id="174" from="_ssdm_op_SpecLoopTripCount" to="empty" fromId="173" toId="34">
</dataflow>
<dataflow id="176" from="StgValue_175" to="empty" fromId="175" toId="34">
</dataflow>
<dataflow id="177" from="StgValue_175" to="empty" fromId="175" toId="34">
</dataflow>
<dataflow id="178" from="StgValue_175" to="empty" fromId="175" toId="34">
</dataflow>
<dataflow id="180" from="_ssdm_op_BitConcatenate.i7.i4.i3" to="tmp" fromId="179" toId="35">
</dataflow>
<dataflow id="181" from="r_i_cast8_mid2_v" to="tmp" fromId="24" toId="35">
</dataflow>
<dataflow id="182" from="StgValue_156" to="tmp" fromId="156" toId="35">
</dataflow>
<dataflow id="183" from="tmp" to="tmp_26_cast" fromId="35" toId="36">
</dataflow>
<dataflow id="184" from="c_i_mid2" to="c_i_cast5_cast" fromId="23" toId="37">
</dataflow>
<dataflow id="185" from="tmp_26_cast" to="tmp_s" fromId="36" toId="38">
</dataflow>
<dataflow id="186" from="c_i_cast5_cast" to="tmp_s" fromId="37" toId="38">
</dataflow>
<dataflow id="187" from="tmp_s" to="tmp_28_cast" fromId="38" toId="39">
</dataflow>
<dataflow id="188" from="buf_2d_in" to="buf_2d_in_addr" fromId="12" toId="40">
</dataflow>
<dataflow id="189" from="StgValue_163" to="buf_2d_in_addr" fromId="163" toId="40">
</dataflow>
<dataflow id="190" from="tmp_28_cast" to="buf_2d_in_addr" fromId="39" toId="40">
</dataflow>
<dataflow id="191" from="_ssdm_op_SpecLoopName" to="StgValue_41" fromId="169" toId="41">
</dataflow>
<dataflow id="193" from="p_str10" to="StgValue_41" fromId="192" toId="41">
</dataflow>
<dataflow id="195" from="_ssdm_op_SpecRegionBegin" to="tmp_4_i" fromId="194" toId="42">
</dataflow>
<dataflow id="196" from="p_str10" to="tmp_4_i" fromId="192" toId="42">
</dataflow>
<dataflow id="198" from="_ssdm_op_SpecPipeline" to="StgValue_43" fromId="197" toId="43">
</dataflow>
<dataflow id="200" from="StgValue_199" to="StgValue_43" fromId="199" toId="43">
</dataflow>
<dataflow id="201" from="StgValue_116" to="StgValue_43" fromId="116" toId="43">
</dataflow>
<dataflow id="202" from="StgValue_116" to="StgValue_43" fromId="116" toId="43">
</dataflow>
<dataflow id="203" from="StgValue_163" to="StgValue_43" fromId="163" toId="43">
</dataflow>
<dataflow id="205" from="p_str2" to="StgValue_43" fromId="204" toId="43">
</dataflow>
<dataflow id="206" from="input_addr" to="input_load" fromId="30" toId="44">
</dataflow>
<dataflow id="207" from="input_load" to="StgValue_45" fromId="44" toId="45">
</dataflow>
<dataflow id="208" from="buf_2d_in_addr" to="StgValue_45" fromId="40" toId="45">
</dataflow>
<dataflow id="210" from="_ssdm_op_SpecRegionEnd" to="empty_13" fromId="209" toId="46">
</dataflow>
<dataflow id="211" from="p_str10" to="empty_13" fromId="192" toId="46">
</dataflow>
<dataflow id="212" from="tmp_4_i" to="empty_13" fromId="42" toId="46">
</dataflow>
<dataflow id="214" from="dct_2d" to="StgValue_48" fromId="213" toId="48">
</dataflow>
<dataflow id="215" from="buf_2d_in" to="StgValue_48" fromId="12" toId="48">
</dataflow>
<dataflow id="216" from="buf_2d_out" to="StgValue_48" fromId="13" toId="48">
</dataflow>
<dataflow id="217" from="dct_coeff_table" to="StgValue_48" fromId="106" toId="48">
</dataflow>
<dataflow id="218" from="dct_2d" to="StgValue_49" fromId="213" toId="49">
</dataflow>
<dataflow id="219" from="buf_2d_in" to="StgValue_49" fromId="12" toId="49">
</dataflow>
<dataflow id="220" from="buf_2d_out" to="StgValue_49" fromId="13" toId="49">
</dataflow>
<dataflow id="221" from="dct_coeff_table" to="StgValue_49" fromId="106" toId="49">
</dataflow>
<dataflow id="222" from="StgValue_119" to="indvar_flatten2" fromId="119" toId="51">
<condition id="81">
<or_exp><and_exp></and_exp></or_exp>
</condition>
</dataflow>
<dataflow id="223" from="StgValue_50" to="indvar_flatten2" fromId="50" toId="51">
</dataflow>
<dataflow id="224" from="indvar_flatten_next2" to="indvar_flatten2" fromId="55" toId="51">
<BackEdge/>
<condition id="82">
<or_exp><and_exp><literal name="exitcond_flatten2" val="0"/>
</and_exp></or_exp>
</condition>
</dataflow>
<dataflow id="225" from="StgValue_83" to="indvar_flatten2" fromId="83" toId="51">
<BackEdge/>
</dataflow>
<dataflow id="226" from="StgValue_124" to="r_i2" fromId="124" toId="52">
<condition id="83">
<or_exp><and_exp></and_exp></or_exp>
</condition>
</dataflow>
<dataflow id="227" from="StgValue_50" to="r_i2" fromId="50" toId="52">
</dataflow>
<dataflow id="228" from="r_i2_cast4_mid2_v" to="r_i2" fromId="60" toId="52">
<BackEdge/>
<condition id="84">
<or_exp><and_exp><literal name="exitcond_flatten2" val="0"/>
</and_exp></or_exp>
</condition>
</dataflow>
<dataflow id="229" from="StgValue_83" to="r_i2" fromId="83" toId="52">
<BackEdge/>
</dataflow>
<dataflow id="230" from="StgValue_124" to="c_i5" fromId="124" toId="53">
<condition id="85">
<or_exp><and_exp></and_exp></or_exp>
</condition>
</dataflow>
<dataflow id="231" from="StgValue_50" to="c_i5" fromId="50" toId="53">
</dataflow>
<dataflow id="232" from="c_1" to="c_i5" fromId="72" toId="53">
<BackEdge/>
<condition id="86">
<or_exp><and_exp><literal name="exitcond_flatten2" val="0"/>
</and_exp></or_exp>
</condition>
</dataflow>
<dataflow id="233" from="StgValue_83" to="c_i5" fromId="83" toId="53">
<BackEdge/>
</dataflow>
<dataflow id="234" from="indvar_flatten2" to="exitcond_flatten2" fromId="51" toId="54">
</dataflow>
<dataflow id="235" from="StgValue_134" to="exitcond_flatten2" fromId="134" toId="54">
</dataflow>
<dataflow id="236" from="indvar_flatten2" to="indvar_flatten_next2" fromId="51" toId="55">
</dataflow>
<dataflow id="237" from="StgValue_137" to="indvar_flatten_next2" fromId="137" toId="55">
</dataflow>
<dataflow id="238" from="exitcond_flatten2" to="StgValue_56" fromId="54" toId="56">
</dataflow>
<dataflow id="239" from="StgValue_140" to="r_1" fromId="140" toId="57">
</dataflow>
<dataflow id="240" from="r_i2" to="r_1" fromId="52" toId="57">
</dataflow>
<dataflow id="241" from="c_i5" to="exitcond_i1" fromId="53" toId="58">
</dataflow>
<dataflow id="242" from="StgValue_144" to="exitcond_i1" fromId="144" toId="58">
</dataflow>
<dataflow id="243" from="exitcond_i1" to="c_i5_mid2" fromId="58" toId="59">
</dataflow>
<dataflow id="244" from="StgValue_124" to="c_i5_mid2" fromId="124" toId="59">
</dataflow>
<dataflow id="245" from="c_i5" to="c_i5_mid2" fromId="53" toId="59">
</dataflow>
<dataflow id="246" from="exitcond_i1" to="r_i2_cast4_mid2_v" fromId="58" toId="60">
</dataflow>
<dataflow id="247" from="r_1" to="r_i2_cast4_mid2_v" fromId="57" toId="60">
</dataflow>
<dataflow id="248" from="r_i2" to="r_i2_cast4_mid2_v" fromId="52" toId="60">
</dataflow>
<dataflow id="249" from="_ssdm_op_BitConcatenate.i7.i4.i3" to="tmp_19" fromId="179" toId="61">
</dataflow>
<dataflow id="250" from="r_i2_cast4_mid2_v" to="tmp_19" fromId="60" toId="61">
</dataflow>
<dataflow id="251" from="StgValue_156" to="tmp_19" fromId="156" toId="61">
</dataflow>
<dataflow id="252" from="tmp_19" to="tmp_30_cast" fromId="61" toId="62">
</dataflow>
<dataflow id="253" from="r_i2_cast4_mid2_v" to="tmp_4" fromId="60" toId="63">
</dataflow>
<dataflow id="254" from="_ssdm_op_BitConcatenate.i6.i3.i3" to="tmp_i4_mid2" fromId="153" toId="64">
</dataflow>
<dataflow id="255" from="tmp_4" to="tmp_i4_mid2" fromId="63" toId="64">
</dataflow>
<dataflow id="256" from="StgValue_156" to="tmp_i4_mid2" fromId="156" toId="64">
</dataflow>
<dataflow id="257" from="c_i5_mid2" to="c_i5_cast2" fromId="59" toId="65">
</dataflow>
<dataflow id="258" from="c_i5_mid2" to="c_i5_cast1_cast" fromId="59" toId="66">
</dataflow>
<dataflow id="259" from="tmp_30_cast" to="tmp_20" fromId="62" toId="67">
</dataflow>
<dataflow id="260" from="c_i5_cast1_cast" to="tmp_20" fromId="66" toId="67">
</dataflow>
<dataflow id="261" from="tmp_20" to="tmp_32_cast" fromId="67" toId="68">
</dataflow>
<dataflow id="262" from="buf_2d_out" to="buf_2d_out_addr" fromId="13" toId="69">
</dataflow>
<dataflow id="263" from="StgValue_163" to="buf_2d_out_addr" fromId="163" toId="69">
</dataflow>
<dataflow id="264" from="tmp_32_cast" to="buf_2d_out_addr" fromId="68" toId="69">
</dataflow>
<dataflow id="265" from="buf_2d_out_addr" to="buf_2d_out_load" fromId="69" toId="70">
</dataflow>
<dataflow id="266" from="tmp_i4_mid2" to="sum3_i" fromId="64" toId="71">
</dataflow>
<dataflow id="267" from="c_i5_cast2" to="sum3_i" fromId="65" toId="71">
</dataflow>
<dataflow id="268" from="StgValue_140" to="c_1" fromId="140" toId="72">
</dataflow>
<dataflow id="269" from="c_i5_mid2" to="c_1" fromId="59" toId="72">
</dataflow>
<dataflow id="270" from="_ssdm_op_SpecLoopName" to="StgValue_73" fromId="169" toId="73">
</dataflow>
<dataflow id="272" from="WR_Loop_Row_WR_Loop_s" to="StgValue_73" fromId="271" toId="73">
</dataflow>
<dataflow id="273" from="_ssdm_op_SpecLoopTripCount" to="empty_14" fromId="173" toId="74">
</dataflow>
<dataflow id="274" from="StgValue_175" to="empty_14" fromId="175" toId="74">
</dataflow>
<dataflow id="275" from="StgValue_175" to="empty_14" fromId="175" toId="74">
</dataflow>
<dataflow id="276" from="StgValue_175" to="empty_14" fromId="175" toId="74">
</dataflow>
<dataflow id="277" from="_ssdm_op_SpecLoopName" to="StgValue_75" fromId="169" toId="75">
</dataflow>
<dataflow id="279" from="p_str12" to="StgValue_75" fromId="278" toId="75">
</dataflow>
<dataflow id="280" from="_ssdm_op_SpecRegionBegin" to="tmp_2_i" fromId="194" toId="76">
</dataflow>
<dataflow id="281" from="p_str12" to="tmp_2_i" fromId="278" toId="76">
</dataflow>
<dataflow id="282" from="_ssdm_op_SpecPipeline" to="StgValue_77" fromId="197" toId="77">
</dataflow>
<dataflow id="283" from="StgValue_199" to="StgValue_77" fromId="199" toId="77">
</dataflow>
<dataflow id="284" from="StgValue_116" to="StgValue_77" fromId="116" toId="77">
</dataflow>
<dataflow id="285" from="StgValue_116" to="StgValue_77" fromId="116" toId="77">
</dataflow>
<dataflow id="286" from="StgValue_163" to="StgValue_77" fromId="163" toId="77">
</dataflow>
<dataflow id="287" from="p_str2" to="StgValue_77" fromId="204" toId="77">
</dataflow>
<dataflow id="288" from="buf_2d_out_addr" to="buf_2d_out_load" fromId="69" toId="78">
</dataflow>
<dataflow id="289" from="sum3_i" to="sum3_i_cast" fromId="71" toId="79">
</dataflow>
<dataflow id="290" from="output_r" to="output_addr" fromId="105" toId="80">
</dataflow>
<dataflow id="291" from="StgValue_163" to="output_addr" fromId="163" toId="80">
</dataflow>
<dataflow id="292" from="sum3_i_cast" to="output_addr" fromId="79" toId="80">
</dataflow>
<dataflow id="293" from="buf_2d_out_load" to="StgValue_81" fromId="78" toId="81">
</dataflow>
<dataflow id="294" from="output_addr" to="StgValue_81" fromId="80" toId="81">
</dataflow>
<dataflow id="295" from="_ssdm_op_SpecRegionEnd" to="empty_15" fromId="209" toId="82">
</dataflow>
<dataflow id="296" from="p_str12" to="empty_15" fromId="278" toId="82">
</dataflow>
<dataflow id="297" from="tmp_2_i" to="empty_15" fromId="76" toId="82">
</dataflow>
<dataflow id="298" from="exitcond_flatten" to="StgValue_2" fromId="18" toId="2">
</dataflow>
<dataflow id="299" from="exitcond_flatten" to="StgValue_3" fromId="18" toId="3">
</dataflow>
<dataflow id="300" from="exitcond_flatten2" to="StgValue_6" fromId="54" toId="6">
</dataflow>
<dataflow id="301" from="exitcond_flatten2" to="StgValue_7" fromId="54" toId="7">
</dataflow>
</dataflows>


</stg>
