<stg><name>dct_1d2</name>


<trans_list>

<trans id="62" from="1" to="2">
<condition id="21">
<or_exp><and_exp></and_exp></or_exp>
</condition>
</trans>

<trans id="63" from="2" to="3">
<condition id="23">
<or_exp><and_exp><literal name="tmp" val="0"/>
</and_exp></or_exp>
</condition>
</trans>

<trans id="73" from="3" to="6">
<condition id="33">
<or_exp><and_exp><literal name="tmp_s" val="1"/>
</and_exp></or_exp>
</condition>
</trans>

<trans id="74" from="3" to="4">
<condition id="36">
<or_exp><and_exp><literal name="tmp_s" val="0"/>
</and_exp></or_exp>
</condition>
</trans>

<trans id="71" from="4" to="5">
<condition id="34">
<or_exp><and_exp></and_exp></or_exp>
</condition>
</trans>

<trans id="72" from="5" to="3">
<condition id="35">
<or_exp><and_exp></and_exp></or_exp>
</condition>
</trans>

<trans id="69" from="6" to="2">
<condition id="32">
<or_exp><and_exp></and_exp></or_exp>
</condition>
</trans>
</trans_list>



<state_list>

<state id="1" st_id="1">

<operation id="7" st_id="1" stage="1" lat="1">
<core>NULL</core>
<MemPortIdVec></MemPortIdVec>
<condition id="13">
<or_exp><and_exp></and_exp></or_exp>
</condition>

<Node id="6" bw="4" op_0_bw="4" op_1_bw="4">
<![CDATA[
:0  %i_21_read = call i4 @_ssdm_op_Read.ap_auto.i4(i4 %i_21)

]]></Node>
<StgValue><ssdm name="i_21_read"/></StgValue>
</operation>

<operation id="8" st_id="1" stage="1" lat="1">
<core>NULL</core>
<MemPortIdVec></MemPortIdVec>
<condition id="13">
<or_exp><and_exp></and_exp></or_exp>
</condition>

<Node id="7" bw="4" op_0_bw="4" op_1_bw="4">
<![CDATA[
:1  %i_2_read = call i4 @_ssdm_op_Read.ap_auto.i4(i4 %i_2)

]]></Node>
<StgValue><ssdm name="i_2_read"/></StgValue>
</operation>

<operation id="9" st_id="1" stage="1" lat="1">
<core>NULL</core>
<MemPortIdVec></MemPortIdVec>
<condition id="13">
<or_exp><and_exp></and_exp></or_exp>
</condition>

<Node id="8" bw="7" op_0_bw="7" op_1_bw="4" op_2_bw="3">
<![CDATA[
:2  %tmp_13 = call i7 @_ssdm_op_BitConcatenate.i7.i4.i3(i4 %i_21_read, i3 0)

]]></Node>
<StgValue><ssdm name="tmp_13"/></StgValue>
</operation>

<operation id="10" st_id="1" stage="1" lat="1">
<core>NULL</core>
<MemPortIdVec></MemPortIdVec>
<condition id="13">
<or_exp><and_exp></and_exp></or_exp>
</condition>

<Node id="9" bw="8" op_0_bw="7">
<![CDATA[
:3  %tmp_18_cast = zext i7 %tmp_13 to i8

]]></Node>
<StgValue><ssdm name="tmp_18_cast"/></StgValue>
</operation>

<operation id="11" st_id="1" stage="1" lat="1">
<core>NULL</core>
<MemPortIdVec></MemPortIdVec>
<condition id="13">
<or_exp><and_exp></and_exp></or_exp>
</condition>

<Node id="10" bw="7" op_0_bw="7" op_1_bw="4" op_2_bw="3">
<![CDATA[
:4  %tmp_14 = call i7 @_ssdm_op_BitConcatenate.i7.i4.i3(i4 %i_2_read, i3 0)

]]></Node>
<StgValue><ssdm name="tmp_14"/></StgValue>
</operation>

<operation id="12" st_id="1" stage="1" lat="1">
<core>NULL</core>
<MemPortIdVec></MemPortIdVec>
<condition id="13">
<or_exp><and_exp></and_exp></or_exp>
</condition>

<Node id="11" bw="8" op_0_bw="7">
<![CDATA[
:5  %tmp_20_cast = zext i7 %tmp_14 to i8

]]></Node>
<StgValue><ssdm name="tmp_20_cast"/></StgValue>
</operation>

<operation id="13" st_id="1" stage="1" lat="1">
<core>NULL</core>
<MemPortIdVec></MemPortIdVec>
<condition id="13">
<or_exp><and_exp></and_exp></or_exp>
</condition>

<Node id="12" bw="0" op_0_bw="0">
<![CDATA[
:6  br label %1

]]></Node>
<StgValue><ssdm name=""/></StgValue>
</operation>
</state>

<state id="2" st_id="2">

<operation id="14" st_id="2" stage="1" lat="1">
<core>NULL</core>
<MemPortIdVec></MemPortIdVec>
<condition id="14">
<or_exp><and_exp></and_exp></or_exp>
</condition>

<Node id="14" bw="4" op_0_bw="4" op_1_bw="0">
<![CDATA[
:0  %k = phi i4 [ 0, %0 ], [ %k_1, %5 ]

]]></Node>
<StgValue><ssdm name="k"/></StgValue>
</operation>

<operation id="15" st_id="2" stage="1" lat="1">
<core>Cmp</core>
<MemPortIdVec></MemPortIdVec>
<condition id="14">
<or_exp><and_exp></and_exp></or_exp>
</condition>

<Node id="15" bw="1" op_0_bw="4" op_1_bw="4">
<![CDATA[
:1  %tmp = icmp eq i4 %k, -8

]]></Node>
<StgValue><ssdm name="tmp"/></StgValue>
</operation>

<operation id="16" st_id="2" stage="1" lat="1">
<core>AddSub</core>
<MemPortIdVec></MemPortIdVec>
<condition id="14">
<or_exp><and_exp></and_exp></or_exp>
</condition>

<Node id="16" bw="4" op_0_bw="4" op_1_bw="4">
<![CDATA[
:2  %k_1 = add i4 %k, 1

]]></Node>
<StgValue><ssdm name="k_1"/></StgValue>
</operation>

<operation id="17" st_id="2" stage="1" lat="1">
<core>NULL</core>
<MemPortIdVec></MemPortIdVec>
<condition id="14">
<or_exp><and_exp></and_exp></or_exp>
</condition>

<Node id="17" bw="0" op_0_bw="1" op_1_bw="0" op_2_bw="0">
<![CDATA[
:3  br i1 %tmp, label %6, label %2

]]></Node>
<StgValue><ssdm name=""/></StgValue>
</operation>

<operation id="18" st_id="2" stage="1" lat="1">
<core>NULL</core>
<MemPortIdVec></MemPortIdVec>
<condition id="16">
<or_exp><and_exp><literal name="tmp" val="0"/>
</and_exp></or_exp>
</condition>

<Node id="19" bw="8" op_0_bw="4">
<![CDATA[
:0  %k_cast2_cast = zext i4 %k to i8

]]></Node>
<StgValue><ssdm name="k_cast2_cast"/></StgValue>
</operation>

<operation id="19" st_id="2" stage="1" lat="1">
<core>AddSub</core>
<MemPortIdVec></MemPortIdVec>
<condition id="16">
<or_exp><and_exp><literal name="tmp" val="0"/>
</and_exp></or_exp>
</condition>

<Node id="20" bw="8" op_0_bw="8" op_1_bw="8">
<![CDATA[
:1  %tmp_15 = add i8 %k_cast2_cast, %tmp_18_cast

]]></Node>
<StgValue><ssdm name="tmp_15"/></StgValue>
</operation>

<operation id="20" st_id="2" stage="1" lat="1">
<core>NULL</core>
<MemPortIdVec></MemPortIdVec>
<condition id="16">
<or_exp><and_exp><literal name="tmp" val="0"/>
</and_exp></or_exp>
</condition>

<Node id="21" bw="32" op_0_bw="8">
<![CDATA[
:2  %tmp_21_cast = zext i8 %tmp_15 to i32

]]></Node>
<StgValue><ssdm name="tmp_21_cast"/></StgValue>
</operation>

<operation id="21" st_id="2" stage="1" lat="1">
<core>NULL</core>
<MemPortIdVec></MemPortIdVec>
<condition id="16">
<or_exp><and_exp><literal name="tmp" val="0"/>
</and_exp></or_exp>
</condition>

<Node id="22" bw="6" op_0_bw="16" op_1_bw="32" op_2_bw="32">
<![CDATA[
:3  %dst_addr = getelementptr [64 x i16]* %dst, i32 0, i32 %tmp_21_cast

]]></Node>
<StgValue><ssdm name="dst_addr"/></StgValue>
</operation>

<operation id="22" st_id="2" stage="1" lat="1">
<core>NULL</core>
<MemPortIdVec></MemPortIdVec>
<condition id="16">
<or_exp><and_exp><literal name="tmp" val="0"/>
</and_exp></or_exp>
</condition>

<Node id="23" bw="7" op_0_bw="7" op_1_bw="4" op_2_bw="3">
<![CDATA[
:4  %tmp_16 = call i7 @_ssdm_op_BitConcatenate.i7.i4.i3(i4 %k, i3 0)

]]></Node>
<StgValue><ssdm name="tmp_16"/></StgValue>
</operation>

<operation id="23" st_id="2" stage="1" lat="1">
<core>NULL</core>
<MemPortIdVec></MemPortIdVec>
<condition id="16">
<or_exp><and_exp><literal name="tmp" val="0"/>
</and_exp></or_exp>
</condition>

<Node id="24" bw="8" op_0_bw="7">
<![CDATA[
:5  %tmp_23_cast = zext i7 %tmp_16 to i8

]]></Node>
<StgValue><ssdm name="tmp_23_cast"/></StgValue>
</operation>

<operation id="24" st_id="2" stage="1" lat="1">
<core>NULL</core>
<MemPortIdVec></MemPortIdVec>
<condition id="16">
<or_exp><and_exp><literal name="tmp" val="0"/>
</and_exp></or_exp>
</condition>

<Node id="25" bw="32" op_0_bw="32" op_1_bw="64" op_2_bw="64" op_3_bw="64">
<![CDATA[
:6  %empty = call i32 (...)* @_ssdm_op_SpecLoopTripCount(i64 8, i64 8, i64 8)

]]></Node>
<StgValue><ssdm name="empty"/></StgValue>
</operation>

<operation id="25" st_id="2" stage="1" lat="1">
<core>NULL</core>
<MemPortIdVec></MemPortIdVec>
<condition id="16">
<or_exp><and_exp><literal name="tmp" val="0"/>
</and_exp></or_exp>
</condition>

<Node id="26" bw="0" op_0_bw="0" op_1_bw="0">
<![CDATA[
:7  call void (...)* @_ssdm_op_SpecLoopName([15 x i8]* @p_str) nounwind

]]></Node>
<StgValue><ssdm name=""/></StgValue>
</operation>

<operation id="26" st_id="2" stage="1" lat="1">
<core>NULL</core>
<MemPortIdVec></MemPortIdVec>
<condition id="16">
<or_exp><and_exp><literal name="tmp" val="0"/>
</and_exp></or_exp>
</condition>

<Node id="27" bw="32" op_0_bw="32" op_1_bw="0">
<![CDATA[
:8  %tmp_8 = call i32 (...)* @_ssdm_op_SpecRegionBegin([15 x i8]* @p_str) nounwind

]]></Node>
<StgValue><ssdm name="tmp_8"/></StgValue>
</operation>

<operation id="27" st_id="2" stage="1" lat="1">
<core>NULL</core>
<MemPortIdVec></MemPortIdVec>
<condition id="16">
<or_exp><and_exp><literal name="tmp" val="0"/>
</and_exp></or_exp>
</condition>

<Node id="28" bw="0" op_0_bw="0">
<![CDATA[
:9  br label %3

]]></Node>
<StgValue><ssdm name=""/></StgValue>
</operation>

<operation id="28" st_id="2" stage="1" lat="1">
<core>NULL</core>
<MemPortIdVec></MemPortIdVec>
<condition id="18">
<or_exp><and_exp><literal name="tmp" val="1"/>
</and_exp></or_exp>
</condition>

<Node id="64" bw="0">
<![CDATA[
:0  ret void

]]></Node>
<StgValue><ssdm name=""/></StgValue>
</operation>
</state>

<state id="3" st_id="3">

<operation id="29" st_id="3" stage="1" lat="1">
<core>NULL</core>
<MemPortIdVec></MemPortIdVec>
<condition id="-1">
<or_exp><and_exp></and_exp></or_exp>
</condition>

<Node id="30" bw="4" op_0_bw="4" op_1_bw="0">
<![CDATA[
:0  %n = phi i4 [ 0, %2 ], [ %n_1, %4 ]

]]></Node>
<StgValue><ssdm name="n"/></StgValue>
</operation>

<operation id="30" st_id="3" stage="1" lat="1">
<core>NULL</core>
<MemPortIdVec></MemPortIdVec>
<condition id="-1">
<or_exp><and_exp></and_exp></or_exp>
</condition>

<Node id="31" bw="32" op_0_bw="32" op_1_bw="0">
<![CDATA[
:1  %tmp1 = phi i32 [ 0, %2 ], [ %tmp_1, %4 ]

]]></Node>
<StgValue><ssdm name="tmp1"/></StgValue>
</operation>

<operation id="31" st_id="3" stage="1" lat="1">
<core>Cmp</core>
<MemPortIdVec></MemPortIdVec>
<condition id="-1">
<or_exp><and_exp></and_exp></or_exp>
</condition>

<Node id="32" bw="1" op_0_bw="4" op_1_bw="4">
<![CDATA[
:2  %tmp_s = icmp eq i4 %n, -8

]]></Node>
<StgValue><ssdm name="tmp_s"/></StgValue>
</operation>

<operation id="32" st_id="3" stage="1" lat="1">
<core>AddSub</core>
<MemPortIdVec></MemPortIdVec>
<condition id="-1">
<or_exp><and_exp></and_exp></or_exp>
</condition>

<Node id="33" bw="4" op_0_bw="4" op_1_bw="4">
<![CDATA[
:3  %n_1 = add i4 %n, 1

]]></Node>
<StgValue><ssdm name="n_1"/></StgValue>
</operation>

<operation id="33" st_id="3" stage="1" lat="1">
<core>NULL</core>
<MemPortIdVec></MemPortIdVec>
<condition id="-1">
<or_exp><and_exp></and_exp></or_exp>
</condition>

<Node id="34" bw="0" op_0_bw="1" op_1_bw="0" op_2_bw="0">
<![CDATA[
:4  br i1 %tmp_s, label %5, label %4

]]></Node>
<StgValue><ssdm name=""/></StgValue>
</operation>

<operation id="34" st_id="3" stage="1" lat="1">
<core>NULL</core>
<MemPortIdVec></MemPortIdVec>
<condition id="0">
<or_exp><and_exp><literal name="tmp_s" val="0"/>
</and_exp></or_exp>
</condition>

<Node id="36" bw="8" op_0_bw="4">
<![CDATA[
:0  %n_cast1_cast = zext i4 %n to i8

]]></Node>
<StgValue><ssdm name="n_cast1_cast"/></StgValue>
</operation>

<operation id="35" st_id="3" stage="1" lat="1">
<core>AddSub</core>
<MemPortIdVec></MemPortIdVec>
<condition id="0">
<or_exp><and_exp><literal name="tmp_s" val="0"/>
</and_exp></or_exp>
</condition>

<Node id="37" bw="8" op_0_bw="8" op_1_bw="8">
<![CDATA[
:1  %tmp_17 = add i8 %tmp_20_cast, %n_cast1_cast

]]></Node>
<StgValue><ssdm name="tmp_17"/></StgValue>
</operation>

<operation id="36" st_id="3" stage="1" lat="1">
<core>NULL</core>
<MemPortIdVec></MemPortIdVec>
<condition id="0">
<or_exp><and_exp><literal name="tmp_s" val="0"/>
</and_exp></or_exp>
</condition>

<Node id="38" bw="32" op_0_bw="8">
<![CDATA[
:2  %tmp_24_cast = zext i8 %tmp_17 to i32

]]></Node>
<StgValue><ssdm name="tmp_24_cast"/></StgValue>
</operation>

<operation id="37" st_id="3" stage="1" lat="1">
<core>NULL</core>
<MemPortIdVec></MemPortIdVec>
<condition id="0">
<or_exp><and_exp><literal name="tmp_s" val="0"/>
</and_exp></or_exp>
</condition>

<Node id="39" bw="6" op_0_bw="16" op_1_bw="32" op_2_bw="32">
<![CDATA[
:3  %src_addr = getelementptr [64 x i16]* %src, i32 0, i32 %tmp_24_cast

]]></Node>
<StgValue><ssdm name="src_addr"/></StgValue>
</operation>

<operation id="38" st_id="3" stage="1" lat="1">
<core>AddSub</core>
<MemPortIdVec></MemPortIdVec>
<condition id="0">
<or_exp><and_exp><literal name="tmp_s" val="0"/>
</and_exp></or_exp>
</condition>

<Node id="40" bw="8" op_0_bw="8" op_1_bw="8">
<![CDATA[
:4  %tmp_18 = add i8 %tmp_23_cast, %n_cast1_cast

]]></Node>
<StgValue><ssdm name="tmp_18"/></StgValue>
</operation>

<operation id="39" st_id="3" stage="1" lat="1">
<core>NULL</core>
<MemPortIdVec></MemPortIdVec>
<condition id="0">
<or_exp><and_exp><literal name="tmp_s" val="0"/>
</and_exp></or_exp>
</condition>

<Node id="41" bw="32" op_0_bw="8">
<![CDATA[
:5  %tmp_25_cast = zext i8 %tmp_18 to i32

]]></Node>
<StgValue><ssdm name="tmp_25_cast"/></StgValue>
</operation>

<operation id="40" st_id="3" stage="1" lat="1">
<core>NULL</core>
<MemPortIdVec></MemPortIdVec>
<condition id="0">
<or_exp><and_exp><literal name="tmp_s" val="0"/>
</and_exp></or_exp>
</condition>

<Node id="42" bw="6" op_0_bw="15" op_1_bw="32" op_2_bw="32">
<![CDATA[
:6  %dct_coeff_table_addr = getelementptr [64 x i15]* @dct_coeff_table, i32 0, i32 %tmp_25_cast

]]></Node>
<StgValue><ssdm name="dct_coeff_table_addr"/></StgValue>
</operation>

<operation id="41" st_id="3" stage="2" lat="2">
<core>ROM_nP</core>
<MemPortIdVec>0 </MemPortIdVec>
<condition id="0">
<or_exp><and_exp><literal name="tmp_s" val="0"/>
</and_exp></or_exp>
</condition>

<Node id="47" bw="15" op_0_bw="6">
<![CDATA[
:11  %dct_coeff_table_load = load i15* %dct_coeff_table_addr, align 2

]]></Node>
<StgValue><ssdm name="dct_coeff_table_load"/></StgValue>
</operation>

<operation id="42" st_id="3" stage="2" lat="2">
<core>RAM</core>
<MemPortIdVec>0 </MemPortIdVec>
<condition id="0">
<or_exp><and_exp><literal name="tmp_s" val="0"/>
</and_exp></or_exp>
</condition>

<Node id="49" bw="16" op_0_bw="6">
<![CDATA[
:13  %src_load = load i16* %src_addr, align 2

]]></Node>
<StgValue><ssdm name="src_load"/></StgValue>
</operation>
</state>

<state id="4" st_id="4">

<operation id="43" st_id="4" stage="1" lat="2">
<core>ROM_nP</core>
<MemPortIdVec>0 </MemPortIdVec>
<condition id="0">
<or_exp><and_exp><literal name="tmp_s" val="0"/>
</and_exp></or_exp>
</condition>

<Node id="47" bw="15" op_0_bw="6">
<![CDATA[
:11  %dct_coeff_table_load = load i15* %dct_coeff_table_addr, align 2

]]></Node>
<StgValue><ssdm name="dct_coeff_table_load"/></StgValue>
</operation>

<operation id="44" st_id="4" stage="1" lat="2">
<core>RAM</core>
<MemPortIdVec>0 </MemPortIdVec>
<condition id="0">
<or_exp><and_exp><literal name="tmp_s" val="0"/>
</and_exp></or_exp>
</condition>

<Node id="49" bw="16" op_0_bw="6">
<![CDATA[
:13  %src_load = load i16* %src_addr, align 2

]]></Node>
<StgValue><ssdm name="src_load"/></StgValue>
</operation>
</state>

<state id="5" st_id="5">

<operation id="45" st_id="5" stage="1" lat="1">
<core>NULL</core>
<MemPortIdVec></MemPortIdVec>
<condition id="0">
<or_exp><and_exp><literal name="tmp_s" val="0"/>
</and_exp></or_exp>
</condition>

<Node id="43" bw="32" op_0_bw="32" op_1_bw="64" op_2_bw="64" op_3_bw="64">
<![CDATA[
:7  %empty_10 = call i32 (...)* @_ssdm_op_SpecLoopTripCount(i64 8, i64 8, i64 8)

]]></Node>
<StgValue><ssdm name="empty_10"/></StgValue>
</operation>

<operation id="46" st_id="5" stage="1" lat="1">
<core>NULL</core>
<MemPortIdVec></MemPortIdVec>
<condition id="0">
<or_exp><and_exp><literal name="tmp_s" val="0"/>
</and_exp></or_exp>
</condition>

<Node id="44" bw="0" op_0_bw="0" op_1_bw="0">
<![CDATA[
:8  call void (...)* @_ssdm_op_SpecLoopName([15 x i8]* @p_str1) nounwind

]]></Node>
<StgValue><ssdm name=""/></StgValue>
</operation>

<operation id="47" st_id="5" stage="1" lat="1">
<core>NULL</core>
<MemPortIdVec></MemPortIdVec>
<condition id="0">
<or_exp><and_exp><literal name="tmp_s" val="0"/>
</and_exp></or_exp>
</condition>

<Node id="45" bw="32" op_0_bw="32" op_1_bw="0">
<![CDATA[
:9  %tmp_9 = call i32 (...)* @_ssdm_op_SpecRegionBegin([15 x i8]* @p_str1) nounwind

]]></Node>
<StgValue><ssdm name="tmp_9"/></StgValue>
</operation>

<operation id="48" st_id="5" stage="1" lat="1">
<core>NULL</core>
<MemPortIdVec></MemPortIdVec>
<condition id="0">
<or_exp><and_exp><literal name="tmp_s" val="0"/>
</and_exp></or_exp>
</condition>

<Node id="46" bw="0" op_0_bw="0" op_1_bw="32" op_2_bw="32" op_3_bw="32" op_4_bw="32" op_5_bw="0">
<![CDATA[
:10  call void (...)* @_ssdm_op_SpecPipeline(i32 -1, i32 1, i32 1, i32 0, [1 x i8]* @p_str2) nounwind

]]></Node>
<StgValue><ssdm name=""/></StgValue>
</operation>

<operation id="49" st_id="5" stage="1" lat="1">
<core>NULL</core>
<MemPortIdVec></MemPortIdVec>
<condition id="0">
<or_exp><and_exp><literal name="tmp_s" val="0"/>
</and_exp></or_exp>
</condition>

<Node id="48" bw="31" op_0_bw="15">
<![CDATA[
:12  %coeff_cast = sext i15 %dct_coeff_table_load to i31

]]></Node>
<StgValue><ssdm name="coeff_cast"/></StgValue>
</operation>

<operation id="50" st_id="5" stage="1" lat="1">
<core>NULL</core>
<MemPortIdVec></MemPortIdVec>
<condition id="0">
<or_exp><and_exp><literal name="tmp_s" val="0"/>
</and_exp></or_exp>
</condition>

<Node id="50" bw="31" op_0_bw="16">
<![CDATA[
:14  %tmp_6_cast = sext i16 %src_load to i31

]]></Node>
<StgValue><ssdm name="tmp_6_cast"/></StgValue>
</operation>

<operation id="51" st_id="5" stage="1" lat="1">
<core>DSP48</core>
<MemPortIdVec></MemPortIdVec>
<condition id="0">
<or_exp><and_exp><literal name="tmp_s" val="0"/>
</and_exp></or_exp>
</condition>

<Node id="51" bw="31" op_0_bw="31" op_1_bw="31">
<![CDATA[
:15  %tmp_7 = mul i31 %coeff_cast, %tmp_6_cast

]]></Node>
<StgValue><ssdm name="tmp_7"/></StgValue>
</operation>

<operation id="52" st_id="5" stage="1" lat="1">
<core>NULL</core>
<MemPortIdVec></MemPortIdVec>
<condition id="0">
<or_exp><and_exp><literal name="tmp_s" val="0"/>
</and_exp></or_exp>
</condition>

<Node id="52" bw="32" op_0_bw="31">
<![CDATA[
:16  %tmp_7_cast = sext i31 %tmp_7 to i32

]]></Node>
<StgValue><ssdm name="tmp_7_cast"/></StgValue>
</operation>

<operation id="53" st_id="5" stage="1" lat="1">
<core>DSP48</core>
<MemPortIdVec></MemPortIdVec>
<condition id="0">
<or_exp><and_exp><literal name="tmp_s" val="0"/>
</and_exp></or_exp>
</condition>

<Node id="53" bw="32" op_0_bw="32" op_1_bw="32">
<![CDATA[
:17  %tmp_1 = add nsw i32 %tmp1, %tmp_7_cast

]]></Node>
<StgValue><ssdm name="tmp_1"/></StgValue>
</operation>

<operation id="54" st_id="5" stage="1" lat="1">
<core>NULL</core>
<MemPortIdVec></MemPortIdVec>
<condition id="0">
<or_exp><and_exp><literal name="tmp_s" val="0"/>
</and_exp></or_exp>
</condition>

<Node id="54" bw="32" op_0_bw="32" op_1_bw="0" op_2_bw="32">
<![CDATA[
:18  %empty_11 = call i32 (...)* @_ssdm_op_SpecRegionEnd([15 x i8]* @p_str1, i32 %tmp_9) nounwind

]]></Node>
<StgValue><ssdm name="empty_11"/></StgValue>
</operation>

<operation id="55" st_id="5" stage="1" lat="1">
<core>NULL</core>
<MemPortIdVec></MemPortIdVec>
<condition id="0">
<or_exp><and_exp><literal name="tmp_s" val="0"/>
</and_exp></or_exp>
</condition>

<Node id="55" bw="0" op_0_bw="0">
<![CDATA[
:19  br label %3

]]></Node>
<StgValue><ssdm name=""/></StgValue>
</operation>
</state>

<state id="6" st_id="6">

<operation id="56" st_id="6" stage="1" lat="1">
<core>NULL</core>
<MemPortIdVec></MemPortIdVec>
<condition id="19">
<or_exp><and_exp></and_exp></or_exp>
</condition>

<Node id="57" bw="29" op_0_bw="32">
<![CDATA[
:0  %tmp_2 = trunc i32 %tmp1 to i29

]]></Node>
<StgValue><ssdm name="tmp_2"/></StgValue>
</operation>

<operation id="57" st_id="6" stage="1" lat="1">
<core>AddSub</core>
<MemPortIdVec></MemPortIdVec>
<condition id="19">
<or_exp><and_exp></and_exp></or_exp>
</condition>

<Node id="58" bw="29" op_0_bw="29" op_1_bw="29">
<![CDATA[
:1  %tmp_3 = add i29 4096, %tmp_2

]]></Node>
<StgValue><ssdm name="tmp_3"/></StgValue>
</operation>

<operation id="58" st_id="6" stage="1" lat="1">
<core>NULL</core>
<MemPortIdVec></MemPortIdVec>
<condition id="19">
<or_exp><and_exp></and_exp></or_exp>
</condition>

<Node id="59" bw="16" op_0_bw="16" op_1_bw="29" op_2_bw="32" op_3_bw="32">
<![CDATA[
:2  %tmp_5 = call i16 @_ssdm_op_PartSelect.i16.i29.i32.i32(i29 %tmp_3, i32 13, i32 28)

]]></Node>
<StgValue><ssdm name="tmp_5"/></StgValue>
</operation>

<operation id="59" st_id="6" stage="1" lat="1">
<core>RAM</core>
<MemPortIdVec>0 </MemPortIdVec>
<condition id="19">
<or_exp><and_exp></and_exp></or_exp>
</condition>

<Node id="60" bw="0" op_0_bw="16" op_1_bw="6">
<![CDATA[
:3  store i16 %tmp_5, i16* %dst_addr, align 2

]]></Node>
<StgValue><ssdm name=""/></StgValue>
</operation>

<operation id="60" st_id="6" stage="1" lat="1">
<core>NULL</core>
<MemPortIdVec></MemPortIdVec>
<condition id="19">
<or_exp><and_exp></and_exp></or_exp>
</condition>

<Node id="61" bw="32" op_0_bw="32" op_1_bw="0" op_2_bw="32">
<![CDATA[
:4  %empty_12 = call i32 (...)* @_ssdm_op_SpecRegionEnd([15 x i8]* @p_str, i32 %tmp_8) nounwind

]]></Node>
<StgValue><ssdm name="empty_12"/></StgValue>
</operation>

<operation id="61" st_id="6" stage="1" lat="1">
<core>NULL</core>
<MemPortIdVec></MemPortIdVec>
<condition id="19">
<or_exp><and_exp></and_exp></or_exp>
</condition>

<Node id="62" bw="0" op_0_bw="0">
<![CDATA[
:5  br label %1

]]></Node>
<StgValue><ssdm name=""/></StgValue>
</operation>
</state>
</state_list>


<ports>
<port id="75" name="src" dir="0" iftype="1">
<core>RAM</core><StgValue><ssdm name="src"/><MemPortTyVec>1 3 </MemPortTyVec>
</StgValue>
</port>
<port id="76" name="i_2" dir="0" iftype="0">
<core>NULL</core><StgValue><ssdm name="i_2"/></StgValue>
</port>
<port id="77" name="dst" dir="1" iftype="1">
<core>RAM</core><StgValue><ssdm name="dst"/><MemPortTyVec>0 3 </MemPortTyVec>
</StgValue>
</port>
<port id="78" name="i_21" dir="0" iftype="0">
<core>NULL</core><StgValue><ssdm name="i_21"/></StgValue>
</port>
<port id="79" name="dct_coeff_table" dir="0" iftype="1">
<core>ROM_nP</core><StgValue><ssdm name="dct_coeff_table"/><MemPortTyVec>1 </MemPortTyVec>
</StgValue>
</port>
</ports>


<dataflows>
<dataflow id="81" from="_ssdm_op_Read.ap_auto.i4" to="i_21_read" fromId="80" toId="7">
</dataflow>
<dataflow id="82" from="i_21" to="i_21_read" fromId="78" toId="7">
</dataflow>
<dataflow id="83" from="_ssdm_op_Read.ap_auto.i4" to="i_2_read" fromId="80" toId="8">
</dataflow>
<dataflow id="84" from="i_2" to="i_2_read" fromId="76" toId="8">
</dataflow>
<dataflow id="86" from="_ssdm_op_BitConcatenate.i7.i4.i3" to="tmp_13" fromId="85" toId="9">
</dataflow>
<dataflow id="87" from="i_21_read" to="tmp_13" fromId="7" toId="9">
</dataflow>
<dataflow id="89" from="StgValue_88" to="tmp_13" fromId="88" toId="9">
</dataflow>
<dataflow id="90" from="tmp_13" to="tmp_18_cast" fromId="9" toId="10">
</dataflow>
<dataflow id="91" from="_ssdm_op_BitConcatenate.i7.i4.i3" to="tmp_14" fromId="85" toId="11">
</dataflow>
<dataflow id="92" from="i_2_read" to="tmp_14" fromId="8" toId="11">
</dataflow>
<dataflow id="93" from="StgValue_88" to="tmp_14" fromId="88" toId="11">
</dataflow>
<dataflow id="94" from="tmp_14" to="tmp_20_cast" fromId="11" toId="12">
</dataflow>
<dataflow id="96" from="StgValue_95" to="k" fromId="95" toId="14">
<condition id="43">
<or_exp><and_exp></and_exp></or_exp>
</condition>
</dataflow>
<dataflow id="97" from="StgValue_13" to="k" fromId="13" toId="14">
</dataflow>
<dataflow id="98" from="k_1" to="k" fromId="16" toId="14">
<BackEdge/>
<condition id="44">
<or_exp><and_exp></and_exp></or_exp>
</condition>
</dataflow>
<dataflow id="99" from="StgValue_61" to="k" fromId="61" toId="14">
<BackEdge/>
</dataflow>
<dataflow id="100" from="k" to="tmp" fromId="14" toId="15">
</dataflow>
<dataflow id="102" from="StgValue_101" to="tmp" fromId="101" toId="15">
</dataflow>
<dataflow id="103" from="k" to="k_1" fromId="14" toId="16">
</dataflow>
<dataflow id="105" from="StgValue_104" to="k_1" fromId="104" toId="16">
</dataflow>
<dataflow id="106" from="tmp" to="StgValue_17" fromId="15" toId="17">
</dataflow>
<dataflow id="107" from="k" to="k_cast2_cast" fromId="14" toId="18">
</dataflow>
<dataflow id="108" from="k_cast2_cast" to="tmp_15" fromId="18" toId="19">
</dataflow>
<dataflow id="109" from="tmp_18_cast" to="tmp_15" fromId="10" toId="19">
</dataflow>
<dataflow id="110" from="tmp_15" to="tmp_21_cast" fromId="19" toId="20">
</dataflow>
<dataflow id="111" from="dst" to="dst_addr" fromId="77" toId="21">
</dataflow>
<dataflow id="113" from="StgValue_112" to="dst_addr" fromId="112" toId="21">
</dataflow>
<dataflow id="114" from="tmp_21_cast" to="dst_addr" fromId="20" toId="21">
</dataflow>
<dataflow id="115" from="_ssdm_op_BitConcatenate.i7.i4.i3" to="tmp_16" fromId="85" toId="22">
</dataflow>
<dataflow id="116" from="k" to="tmp_16" fromId="14" toId="22">
</dataflow>
<dataflow id="117" from="StgValue_88" to="tmp_16" fromId="88" toId="22">
</dataflow>
<dataflow id="118" from="tmp_16" to="tmp_23_cast" fromId="22" toId="23">
</dataflow>
<dataflow id="120" from="_ssdm_op_SpecLoopTripCount" to="empty" fromId="119" toId="24">
</dataflow>
<dataflow id="122" from="StgValue_121" to="empty" fromId="121" toId="24">
</dataflow>
<dataflow id="123" from="StgValue_121" to="empty" fromId="121" toId="24">
</dataflow>
<dataflow id="124" from="StgValue_121" to="empty" fromId="121" toId="24">
</dataflow>
<dataflow id="126" from="_ssdm_op_SpecLoopName" to="StgValue_25" fromId="125" toId="25">
</dataflow>
<dataflow id="128" from="p_str" to="StgValue_25" fromId="127" toId="25">
</dataflow>
<dataflow id="130" from="_ssdm_op_SpecRegionBegin" to="tmp_8" fromId="129" toId="26">
</dataflow>
<dataflow id="131" from="p_str" to="tmp_8" fromId="127" toId="26">
</dataflow>
<dataflow id="132" from="StgValue_95" to="n" fromId="95" toId="29">
<condition id="45">
<or_exp><and_exp><literal name="tmp" val="0"/>
</and_exp></or_exp>
</condition>
</dataflow>
<dataflow id="133" from="StgValue_27" to="n" fromId="27" toId="29">
</dataflow>
<dataflow id="134" from="n_1" to="n" fromId="32" toId="29">
<BackEdge/>
<condition id="46">
<or_exp><and_exp><literal name="tmp_s" val="0"/>
</and_exp></or_exp>
</condition>
</dataflow>
<dataflow id="135" from="StgValue_55" to="n" fromId="55" toId="29">
<BackEdge/>
</dataflow>
<dataflow id="136" from="StgValue_112" to="tmp1" fromId="112" toId="30">
<condition id="47">
<or_exp><and_exp><literal name="tmp" val="0"/>
</and_exp></or_exp>
</condition>
</dataflow>
<dataflow id="137" from="StgValue_27" to="tmp1" fromId="27" toId="30">
</dataflow>
<dataflow id="138" from="tmp_1" to="tmp1" fromId="53" toId="30">
<BackEdge/>
<condition id="48">
<or_exp><and_exp><literal name="tmp_s" val="0"/>
</and_exp></or_exp>
</condition>
</dataflow>
<dataflow id="139" from="StgValue_55" to="tmp1" fromId="55" toId="30">
<BackEdge/>
</dataflow>
<dataflow id="140" from="n" to="tmp_s" fromId="29" toId="31">
</dataflow>
<dataflow id="141" from="StgValue_101" to="tmp_s" fromId="101" toId="31">
</dataflow>
<dataflow id="142" from="n" to="n_1" fromId="29" toId="32">
</dataflow>
<dataflow id="143" from="StgValue_104" to="n_1" fromId="104" toId="32">
</dataflow>
<dataflow id="144" from="tmp_s" to="StgValue_33" fromId="31" toId="33">
</dataflow>
<dataflow id="145" from="n" to="n_cast1_cast" fromId="29" toId="34">
</dataflow>
<dataflow id="146" from="tmp_20_cast" to="tmp_17" fromId="12" toId="35">
</dataflow>
<dataflow id="147" from="n_cast1_cast" to="tmp_17" fromId="34" toId="35">
</dataflow>
<dataflow id="148" from="tmp_17" to="tmp_24_cast" fromId="35" toId="36">
</dataflow>
<dataflow id="149" from="src" to="src_addr" fromId="75" toId="37">
</dataflow>
<dataflow id="150" from="StgValue_112" to="src_addr" fromId="112" toId="37">
</dataflow>
<dataflow id="151" from="tmp_24_cast" to="src_addr" fromId="36" toId="37">
</dataflow>
<dataflow id="152" from="tmp_23_cast" to="tmp_18" fromId="23" toId="38">
</dataflow>
<dataflow id="153" from="n_cast1_cast" to="tmp_18" fromId="34" toId="38">
</dataflow>
<dataflow id="154" from="tmp_18" to="tmp_25_cast" fromId="38" toId="39">
</dataflow>
<dataflow id="155" from="dct_coeff_table" to="dct_coeff_table_addr" fromId="79" toId="40">
</dataflow>
<dataflow id="156" from="StgValue_112" to="dct_coeff_table_addr" fromId="112" toId="40">
</dataflow>
<dataflow id="157" from="tmp_25_cast" to="dct_coeff_table_addr" fromId="39" toId="40">
</dataflow>
<dataflow id="158" from="dct_coeff_table_addr" to="dct_coeff_table_load" fromId="40" toId="41">
</dataflow>
<dataflow id="159" from="src_addr" to="src_load" fromId="37" toId="42">
</dataflow>
<dataflow id="160" from="dct_coeff_table_addr" to="dct_coeff_table_load" fromId="40" toId="43">
</dataflow>
<dataflow id="161" from="src_addr" to="src_load" fromId="37" toId="44">
</dataflow>
<dataflow id="162" from="_ssdm_op_SpecLoopTripCount" to="empty_10" fromId="119" toId="45">
</dataflow>
<dataflow id="163" from="StgValue_121" to="empty_10" fromId="121" toId="45">
</dataflow>
<dataflow id="164" from="StgValue_121" to="empty_10" fromId="121" toId="45">
</dataflow>
<dataflow id="165" from="StgValue_121" to="empty_10" fromId="121" toId="45">
</dataflow>
<dataflow id="166" from="_ssdm_op_SpecLoopName" to="StgValue_46" fromId="125" toId="46">
</dataflow>
<dataflow id="168" from="p_str1" to="StgValue_46" fromId="167" toId="46">
</dataflow>
<dataflow id="169" from="_ssdm_op_SpecRegionBegin" to="tmp_9" fromId="129" toId="47">
</dataflow>
<dataflow id="170" from="p_str1" to="tmp_9" fromId="167" toId="47">
</dataflow>
<dataflow id="172" from="_ssdm_op_SpecPipeline" to="StgValue_48" fromId="171" toId="48">
</dataflow>
<dataflow id="174" from="StgValue_173" to="StgValue_48" fromId="173" toId="48">
</dataflow>
<dataflow id="176" from="StgValue_175" to="StgValue_48" fromId="175" toId="48">
</dataflow>
<dataflow id="177" from="StgValue_175" to="StgValue_48" fromId="175" toId="48">
</dataflow>
<dataflow id="178" from="StgValue_112" to="StgValue_48" fromId="112" toId="48">
</dataflow>
<dataflow id="180" from="p_str2" to="StgValue_48" fromId="179" toId="48">
</dataflow>
<dataflow id="181" from="dct_coeff_table_load" to="coeff_cast" fromId="43" toId="49">
</dataflow>
<dataflow id="182" from="src_load" to="tmp_6_cast" fromId="44" toId="50">
</dataflow>
<dataflow id="183" from="coeff_cast" to="tmp_7" fromId="49" toId="51">
</dataflow>
<dataflow id="184" from="tmp_6_cast" to="tmp_7" fromId="50" toId="51">
</dataflow>
<dataflow id="185" from="tmp_7" to="tmp_7_cast" fromId="51" toId="52">
</dataflow>
<dataflow id="186" from="tmp1" to="tmp_1" fromId="30" toId="53">
</dataflow>
<dataflow id="187" from="tmp_7_cast" to="tmp_1" fromId="52" toId="53">
</dataflow>
<dataflow id="189" from="_ssdm_op_SpecRegionEnd" to="empty_11" fromId="188" toId="54">
</dataflow>
<dataflow id="190" from="p_str1" to="empty_11" fromId="167" toId="54">
</dataflow>
<dataflow id="191" from="tmp_9" to="empty_11" fromId="47" toId="54">
</dataflow>
<dataflow id="192" from="tmp1" to="tmp_2" fromId="30" toId="56">
</dataflow>
<dataflow id="194" from="StgValue_193" to="tmp_3" fromId="193" toId="57">
</dataflow>
<dataflow id="195" from="tmp_2" to="tmp_3" fromId="56" toId="57">
</dataflow>
<dataflow id="197" from="_ssdm_op_PartSelect.i16.i29.i32.i32" to="tmp_5" fromId="196" toId="58">
</dataflow>
<dataflow id="198" from="tmp_3" to="tmp_5" fromId="57" toId="58">
</dataflow>
<dataflow id="200" from="StgValue_199" to="tmp_5" fromId="199" toId="58">
</dataflow>
<dataflow id="202" from="StgValue_201" to="tmp_5" fromId="201" toId="58">
</dataflow>
<dataflow id="203" from="tmp_5" to="StgValue_59" fromId="58" toId="59">
</dataflow>
<dataflow id="204" from="dst_addr" to="StgValue_59" fromId="21" toId="59">
</dataflow>
<dataflow id="205" from="_ssdm_op_SpecRegionEnd" to="empty_12" fromId="188" toId="60">
</dataflow>
<dataflow id="206" from="p_str" to="empty_12" fromId="127" toId="60">
</dataflow>
<dataflow id="207" from="tmp_8" to="empty_12" fromId="26" toId="60">
</dataflow>
<dataflow id="208" from="tmp" to="StgValue_2" fromId="15" toId="2">
</dataflow>
<dataflow id="209" from="tmp_s" to="StgValue_3" fromId="31" toId="3">
</dataflow>
<dataflow id="210" from="tmp_s" to="StgValue_4" fromId="31" toId="4">
</dataflow>
<dataflow id="211" from="tmp_s" to="StgValue_5" fromId="31" toId="5">
</dataflow>
<dataflow id="212" from="tmp" to="StgValue_3" fromId="15" toId="3">
</dataflow>
<dataflow id="213" from="tmp" to="StgValue_4" fromId="15" toId="4">
</dataflow>
<dataflow id="214" from="tmp" to="StgValue_5" fromId="15" toId="5">
</dataflow>
</dataflows>


</stg>
