<profile>

<section name = "Vivado HLS Report for 'dct'" level="0">
<item name = "Date">Fri Nov 01 17:03:35 2024
</item>
<item name = "Version">2016.3 (Build 1682563 on Mon Oct 10 19:41:59 MDT 2016)</item>
<item name = "Project">dct.prj</item>
<item name = "Solution">solution7</item>
<item name = "Product family">zynq</item>
<item name = "Target device">xc7z020clg484-1</item>
</section>

<section name = "Performance Estimates" level="0">
<item name = "Timing (ns)">
<section name = "" level="1">
<item name = "Summary"><table name="" hasTotal="0">
<keys size="4">Clock, Target, Estimated, Uncertainty</keys>
<column name="ap_clk">10.00, 10.79, 1.25</column>
</table>
</item>
</section>
</item>
<item name = "Latency (clock cycles)">
<section name = "" level="1">
<item name = "Summary"><table name="" hasTotal="0">
<keys size="6">, min, max, min, max, Type</keys>
<column name="">623, 623, 131, 131, dataflow</column>
</table>
</item>
<item name = "Detail">
<section name = "" level="1">
<item name = "Instance"><table name="" hasTotal="0">
<keys size="7">Instance, Module, min, max, min, max, Type</keys>
<column name="grp_Loop_Xpose_Row_Outer_fu_52">Loop_Xpose_Row_Outer, 130, 130, 130, 130, none</column>
<column name="grp_read_data_fu_58">read_data, 130, 130, 130, 130, none</column>
<column name="grp_Loop_Row_DCT_Loop_pr_fu_66">Loop_Row_DCT_Loop_pr, 113, 113, 113, 113, none</column>
<column name="grp_Loop_Col_DCT_Loop_pr_fu_74">Loop_Col_DCT_Loop_pr, 113, 113, 113, 113, none</column>
<column name="grp_write_data_fu_82">write_data, 66, 66, 66, 66, none</column>
<column name="grp_Loop_Xpose_Col_Outer_fu_89">Loop_Xpose_Col_Outer, 66, 66, 66, 66, none</column>
</table>
</item>
<item name = "Loop"><table name="" hasTotal="0">
<keys size="8">Loop Name, min, max, Latency, achieved, target, Count, Pipelined</keys>
</table>
</item>
</section>
</item>
</section>
</item>
</section>
</profile>
