<stg><name>dct</name>


<trans_list>

<trans id="35" from="1" to="2">
<condition id="0">
<or_exp><and_exp></and_exp></or_exp>
</condition>
</trans>

<trans id="36" from="2" to="3">
<condition id="1">
<or_exp><and_exp></and_exp></or_exp>
</condition>
</trans>

<trans id="37" from="3" to="4">
<condition id="2">
<or_exp><and_exp></and_exp></or_exp>
</condition>
</trans>

<trans id="38" from="4" to="5">
<condition id="3">
<or_exp><and_exp></and_exp></or_exp>
</condition>
</trans>

<trans id="39" from="5" to="6">
<condition id="4">
<or_exp><and_exp></and_exp></or_exp>
</condition>
</trans>

<trans id="40" from="6" to="7">
<condition id="5">
<or_exp><and_exp></and_exp></or_exp>
</condition>
</trans>

<trans id="41" from="7" to="8">
<condition id="6">
<or_exp><and_exp></and_exp></or_exp>
</condition>
</trans>

<trans id="42" from="8" to="9">
<condition id="7">
<or_exp><and_exp></and_exp></or_exp>
</condition>
</trans>

<trans id="43" from="9" to="10">
<condition id="8">
<or_exp><and_exp></and_exp></or_exp>
</condition>
</trans>

<trans id="44" from="10" to="11">
<condition id="9">
<or_exp><and_exp></and_exp></or_exp>
</condition>
</trans>

<trans id="45" from="11" to="12">
<condition id="10">
<or_exp><and_exp></and_exp></or_exp>
</condition>
</trans>
</trans_list>



<state_list>

<state id="1" st_id="1">

<operation id="13" st_id="1" stage="1" lat="1">
<core>NULL</core>
<MemPortIdVec></MemPortIdVec>
<condition id="-1">
<or_exp><and_exp></and_exp></or_exp>
</condition>

<Node id="7" bw="16" op_0_bw="32">
<![CDATA[
codeRepl:3  %row_outbuf_i = alloca [64 x i16], align 2

]]></Node>
<StgValue><ssdm name="row_outbuf_i"/></StgValue>
</operation>

<operation id="14" st_id="1" stage="1" lat="1">
<core>NULL</core>
<MemPortIdVec></MemPortIdVec>
<condition id="-1">
<or_exp><and_exp></and_exp></or_exp>
</condition>

<Node id="8" bw="16" op_0_bw="32">
<![CDATA[
codeRepl:4  %col_outbuf_i = alloca [64 x i16], align 2

]]></Node>
<StgValue><ssdm name="col_outbuf_i"/></StgValue>
</operation>

<operation id="15" st_id="1" stage="1" lat="1">
<core>NULL</core>
<MemPortIdVec></MemPortIdVec>
<condition id="-1">
<or_exp><and_exp></and_exp></or_exp>
</condition>

<Node id="9" bw="128" op_0_bw="32">
<![CDATA[
codeRepl:5  %col_inbuf = alloca [8 x i128], align 8

]]></Node>
<StgValue><ssdm name="col_inbuf"/></StgValue>
</operation>

<operation id="16" st_id="1" stage="1" lat="1">
<core>NULL</core>
<MemPortIdVec></MemPortIdVec>
<condition id="-1">
<or_exp><and_exp></and_exp></or_exp>
</condition>

<Node id="11" bw="128" op_0_bw="32">
<![CDATA[
codeRepl:7  %buf_2d_in = alloca [8 x i128], align 8

]]></Node>
<StgValue><ssdm name="buf_2d_in"/></StgValue>
</operation>

<operation id="17" st_id="1" stage="1" lat="1">
<core>NULL</core>
<MemPortIdVec></MemPortIdVec>
<condition id="-1">
<or_exp><and_exp></and_exp></or_exp>
</condition>

<Node id="12" bw="16" op_0_bw="32">
<![CDATA[
codeRepl:8  %buf_2d_out = alloca [64 x i16], align 2

]]></Node>
<StgValue><ssdm name="buf_2d_out"/></StgValue>
</operation>

<operation id="18" st_id="1" stage="2" lat="2">
<core></core>
<MemPortIdVec></MemPortIdVec>
<condition id="-1">
<or_exp><and_exp></and_exp></or_exp>
</condition>

<Node id="13" bw="0" op_0_bw="0" op_1_bw="16" op_2_bw="128">
<![CDATA[
codeRepl:9  call fastcc void @read_data([64 x i16]* %input_r, [8 x i128]* %buf_2d_in) nounwind

]]></Node>
<StgValue><ssdm name=""/></StgValue>
</operation>
</state>

<state id="2" st_id="2">

<operation id="19" st_id="2" stage="1" lat="2">
<core></core>
<MemPortIdVec></MemPortIdVec>
<condition id="-1">
<or_exp><and_exp></and_exp></or_exp>
</condition>

<Node id="13" bw="0" op_0_bw="0" op_1_bw="16" op_2_bw="128">
<![CDATA[
codeRepl:9  call fastcc void @read_data([64 x i16]* %input_r, [8 x i128]* %buf_2d_in) nounwind

]]></Node>
<StgValue><ssdm name=""/></StgValue>
</operation>
</state>

<state id="3" st_id="3">

<operation id="20" st_id="3" stage="2" lat="2">
<core></core>
<MemPortIdVec></MemPortIdVec>
<condition id="-1">
<or_exp><and_exp></and_exp></or_exp>
</condition>

<Node id="14" bw="0" op_0_bw="0" op_1_bw="128" op_2_bw="16">
<![CDATA[
codeRepl:10  call fastcc void @Loop_Row_DCT_Loop_pr([8 x i128]* %buf_2d_in, [64 x i16]* %row_outbuf_i)

]]></Node>
<StgValue><ssdm name=""/></StgValue>
</operation>
</state>

<state id="4" st_id="4">

<operation id="21" st_id="4" stage="1" lat="2">
<core></core>
<MemPortIdVec></MemPortIdVec>
<condition id="-1">
<or_exp><and_exp></and_exp></or_exp>
</condition>

<Node id="14" bw="0" op_0_bw="0" op_1_bw="128" op_2_bw="16">
<![CDATA[
codeRepl:10  call fastcc void @Loop_Row_DCT_Loop_pr([8 x i128]* %buf_2d_in, [64 x i16]* %row_outbuf_i)

]]></Node>
<StgValue><ssdm name=""/></StgValue>
</operation>
</state>

<state id="5" st_id="5">

<operation id="22" st_id="5" stage="2" lat="2">
<core></core>
<MemPortIdVec></MemPortIdVec>
<condition id="-1">
<or_exp><and_exp></and_exp></or_exp>
</condition>

<Node id="15" bw="0" op_0_bw="0" op_1_bw="16" op_2_bw="128">
<![CDATA[
codeRepl:11  call fastcc void @Loop_Xpose_Row_Outer([64 x i16]* %row_outbuf_i, [8 x i128]* %col_inbuf)

]]></Node>
<StgValue><ssdm name=""/></StgValue>
</operation>
</state>

<state id="6" st_id="6">

<operation id="23" st_id="6" stage="1" lat="2">
<core></core>
<MemPortIdVec></MemPortIdVec>
<condition id="-1">
<or_exp><and_exp></and_exp></or_exp>
</condition>

<Node id="15" bw="0" op_0_bw="0" op_1_bw="16" op_2_bw="128">
<![CDATA[
codeRepl:11  call fastcc void @Loop_Xpose_Row_Outer([64 x i16]* %row_outbuf_i, [8 x i128]* %col_inbuf)

]]></Node>
<StgValue><ssdm name=""/></StgValue>
</operation>
</state>

<state id="7" st_id="7">

<operation id="24" st_id="7" stage="2" lat="2">
<core></core>
<MemPortIdVec></MemPortIdVec>
<condition id="-1">
<or_exp><and_exp></and_exp></or_exp>
</condition>

<Node id="16" bw="0" op_0_bw="0" op_1_bw="128" op_2_bw="16">
<![CDATA[
codeRepl:12  call fastcc void @Loop_Col_DCT_Loop_pr([8 x i128]* %col_inbuf, [64 x i16]* %col_outbuf_i)

]]></Node>
<StgValue><ssdm name=""/></StgValue>
</operation>
</state>

<state id="8" st_id="8">

<operation id="25" st_id="8" stage="1" lat="2">
<core></core>
<MemPortIdVec></MemPortIdVec>
<condition id="-1">
<or_exp><and_exp></and_exp></or_exp>
</condition>

<Node id="16" bw="0" op_0_bw="0" op_1_bw="128" op_2_bw="16">
<![CDATA[
codeRepl:12  call fastcc void @Loop_Col_DCT_Loop_pr([8 x i128]* %col_inbuf, [64 x i16]* %col_outbuf_i)

]]></Node>
<StgValue><ssdm name=""/></StgValue>
</operation>
</state>

<state id="9" st_id="9">

<operation id="26" st_id="9" stage="2" lat="2">
<core></core>
<MemPortIdVec></MemPortIdVec>
<condition id="-1">
<or_exp><and_exp></and_exp></or_exp>
</condition>

<Node id="17" bw="0" op_0_bw="0" op_1_bw="16" op_2_bw="16">
<![CDATA[
codeRepl:13  call fastcc void @Loop_Xpose_Col_Outer([64 x i16]* %col_outbuf_i, [64 x i16]* %buf_2d_out)

]]></Node>
<StgValue><ssdm name=""/></StgValue>
</operation>
</state>

<state id="10" st_id="10">

<operation id="27" st_id="10" stage="1" lat="2">
<core></core>
<MemPortIdVec></MemPortIdVec>
<condition id="-1">
<or_exp><and_exp></and_exp></or_exp>
</condition>

<Node id="17" bw="0" op_0_bw="0" op_1_bw="16" op_2_bw="16">
<![CDATA[
codeRepl:13  call fastcc void @Loop_Xpose_Col_Outer([64 x i16]* %col_outbuf_i, [64 x i16]* %buf_2d_out)

]]></Node>
<StgValue><ssdm name=""/></StgValue>
</operation>
</state>

<state id="11" st_id="11">

<operation id="28" st_id="11" stage="2" lat="2">
<core></core>
<MemPortIdVec></MemPortIdVec>
<condition id="-1">
<or_exp><and_exp></and_exp></or_exp>
</condition>

<Node id="18" bw="0" op_0_bw="0" op_1_bw="16" op_2_bw="16">
<![CDATA[
codeRepl:14  call fastcc void @write_data([64 x i16]* %buf_2d_out, [64 x i16]* %output_r) nounwind

]]></Node>
<StgValue><ssdm name=""/></StgValue>
</operation>
</state>

<state id="12" st_id="12">

<operation id="29" st_id="12" stage="1" lat="1">
<core>NULL</core>
<MemPortIdVec></MemPortIdVec>
<condition id="-1">
<or_exp><and_exp></and_exp></or_exp>
</condition>

<Node id="4" bw="0" op_0_bw="0" op_1_bw="32" op_2_bw="0">
<![CDATA[
codeRepl:0  call void (...)* @_ssdm_op_SpecDataflowPipeline(i32 -1, [1 x i8]* @p_str1) nounwind

]]></Node>
<StgValue><ssdm name=""/></StgValue>
</operation>

<operation id="30" st_id="12" stage="1" lat="1">
<core>NULL</core>
<MemPortIdVec></MemPortIdVec>
<condition id="-1">
<or_exp><and_exp></and_exp></or_exp>
</condition>

<Node id="5" bw="0" op_0_bw="0" op_1_bw="16">
<![CDATA[
codeRepl:1  call void (...)* @_ssdm_op_SpecBitsMap([64 x i16]* %input_r) nounwind, !map !19

]]></Node>
<StgValue><ssdm name=""/></StgValue>
</operation>

<operation id="31" st_id="12" stage="1" lat="1">
<core>NULL</core>
<MemPortIdVec></MemPortIdVec>
<condition id="-1">
<or_exp><and_exp></and_exp></or_exp>
</condition>

<Node id="6" bw="0" op_0_bw="0" op_1_bw="16">
<![CDATA[
codeRepl:2  call void (...)* @_ssdm_op_SpecBitsMap([64 x i16]* %output_r) nounwind, !map !25

]]></Node>
<StgValue><ssdm name=""/></StgValue>
</operation>

<operation id="32" st_id="12" stage="1" lat="1">
<core>NULL</core>
<MemPortIdVec></MemPortIdVec>
<condition id="-1">
<or_exp><and_exp></and_exp></or_exp>
</condition>

<Node id="10" bw="0" op_0_bw="0" op_1_bw="0">
<![CDATA[
codeRepl:6  call void (...)* @_ssdm_op_SpecTopModule([4 x i8]* @dct_str) nounwind

]]></Node>
<StgValue><ssdm name=""/></StgValue>
</operation>

<operation id="33" st_id="12" stage="1" lat="2">
<core></core>
<MemPortIdVec></MemPortIdVec>
<condition id="-1">
<or_exp><and_exp></and_exp></or_exp>
</condition>

<Node id="18" bw="0" op_0_bw="0" op_1_bw="16" op_2_bw="16">
<![CDATA[
codeRepl:14  call fastcc void @write_data([64 x i16]* %buf_2d_out, [64 x i16]* %output_r) nounwind

]]></Node>
<StgValue><ssdm name=""/></StgValue>
</operation>

<operation id="34" st_id="12" stage="1" lat="1">
<core>NULL</core>
<MemPortIdVec></MemPortIdVec>
<condition id="-1">
<or_exp><and_exp></and_exp></or_exp>
</condition>

<Node id="19" bw="0">
<![CDATA[
codeRepl:15  ret void

]]></Node>
<StgValue><ssdm name=""/></StgValue>
</operation>
</state>
</state_list>


<ports>
</ports>


<dataflows>
</dataflows>


</stg>
