<stg><name>Loop_Xpose_Row_Outer</name>


<trans_list>

<trans id="64" from="1" to="2">
<condition id="47">
<or_exp><and_exp></and_exp></or_exp>
</condition>
</trans>

<trans id="73" from="2" to="5">
<condition id="55">
<or_exp><and_exp><literal name="exitcond_flatten" val="1"/>
</and_exp></or_exp>
</condition>
</trans>

<trans id="74" from="2" to="3">
<condition id="58">
<or_exp><and_exp><literal name="exitcond_flatten" val="0"/>
</and_exp></or_exp>
</condition>
</trans>

<trans id="71" from="3" to="4">
<condition id="56">
<or_exp><and_exp></and_exp></or_exp>
</condition>
</trans>

<trans id="72" from="4" to="2">
<condition id="57">
<or_exp><and_exp></and_exp></or_exp>
</condition>
</trans>
</trans_list>



<state_list>

<state id="1" st_id="1">

<operation id="6" st_id="1" stage="1" lat="1">
<core>NULL</core>
<MemPortIdVec></MemPortIdVec>
<condition id="44">
<or_exp><and_exp></and_exp></or_exp>
</condition>

<Node id="3" bw="0" op_0_bw="0">
<![CDATA[
newFuncRoot:0  br label %0

]]></Node>
<StgValue><ssdm name=""/></StgValue>
</operation>
</state>

<state id="2" st_id="2">

<operation id="7" st_id="2" stage="1" lat="1">
<core>NULL</core>
<MemPortIdVec></MemPortIdVec>
<condition id="-1">
<or_exp><and_exp></and_exp></or_exp>
</condition>

<Node id="5" bw="7" op_0_bw="7" op_1_bw="0">
<![CDATA[
:0  %indvar_flatten = phi i7 [ 0, %newFuncRoot ], [ %indvar_flatten_next, %.preheader2.i ]

]]></Node>
<StgValue><ssdm name="indvar_flatten"/></StgValue>
</operation>

<operation id="8" st_id="2" stage="1" lat="1">
<core>NULL</core>
<MemPortIdVec></MemPortIdVec>
<condition id="-1">
<or_exp><and_exp></and_exp></or_exp>
</condition>

<Node id="6" bw="4" op_0_bw="4" op_1_bw="0">
<![CDATA[
:1  %j_0_i = phi i4 [ 0, %newFuncRoot ], [ %j_0_i_cast8_mid2_v, %.preheader2.i ]

]]></Node>
<StgValue><ssdm name="j_0_i"/></StgValue>
</operation>

<operation id="9" st_id="2" stage="1" lat="1">
<core>NULL</core>
<MemPortIdVec></MemPortIdVec>
<condition id="-1">
<or_exp><and_exp></and_exp></or_exp>
</condition>

<Node id="7" bw="4" op_0_bw="4" op_1_bw="0">
<![CDATA[
:2  %i_1_i = phi i4 [ 0, %newFuncRoot ], [ %i, %.preheader2.i ]

]]></Node>
<StgValue><ssdm name="i_1_i"/></StgValue>
</operation>

<operation id="10" st_id="2" stage="1" lat="1">
<core>Cmp</core>
<MemPortIdVec></MemPortIdVec>
<condition id="-1">
<or_exp><and_exp></and_exp></or_exp>
</condition>

<Node id="8" bw="1" op_0_bw="7" op_1_bw="7">
<![CDATA[
:3  %exitcond_flatten = icmp eq i7 %indvar_flatten, -64

]]></Node>
<StgValue><ssdm name="exitcond_flatten"/></StgValue>
</operation>

<operation id="11" st_id="2" stage="1" lat="1">
<core>AddSub</core>
<MemPortIdVec></MemPortIdVec>
<condition id="-1">
<or_exp><and_exp></and_exp></or_exp>
</condition>

<Node id="9" bw="7" op_0_bw="7" op_1_bw="7">
<![CDATA[
:4  %indvar_flatten_next = add i7 %indvar_flatten, 1

]]></Node>
<StgValue><ssdm name="indvar_flatten_next"/></StgValue>
</operation>

<operation id="12" st_id="2" stage="1" lat="1">
<core>NULL</core>
<MemPortIdVec></MemPortIdVec>
<condition id="-1">
<or_exp><and_exp></and_exp></or_exp>
</condition>

<Node id="10" bw="0" op_0_bw="1" op_1_bw="0" op_2_bw="0">
<![CDATA[
:5  br i1 %exitcond_flatten, label %.preheader1.i.exitStub, label %.preheader2.i

]]></Node>
<StgValue><ssdm name=""/></StgValue>
</operation>

<operation id="13" st_id="2" stage="1" lat="1">
<core>AddSub</core>
<MemPortIdVec></MemPortIdVec>
<condition id="0">
<or_exp><and_exp><literal name="exitcond_flatten" val="0"/>
</and_exp></or_exp>
</condition>

<Node id="12" bw="4" op_0_bw="4" op_1_bw="4">
<![CDATA[
.preheader2.i:0  %j = add i4 1, %j_0_i

]]></Node>
<StgValue><ssdm name="j"/></StgValue>
</operation>

<operation id="14" st_id="2" stage="1" lat="1">
<core>Cmp</core>
<MemPortIdVec></MemPortIdVec>
<condition id="0">
<or_exp><and_exp><literal name="exitcond_flatten" val="0"/>
</and_exp></or_exp>
</condition>

<Node id="15" bw="1" op_0_bw="4" op_1_bw="4">
<![CDATA[
.preheader2.i:3  %tmp_s = icmp eq i4 %i_1_i, -8

]]></Node>
<StgValue><ssdm name="tmp_s"/></StgValue>
</operation>

<operation id="15" st_id="2" stage="1" lat="1">
<core>Sel</core>
<MemPortIdVec></MemPortIdVec>
<condition id="0">
<or_exp><and_exp><literal name="exitcond_flatten" val="0"/>
</and_exp></or_exp>
</condition>

<Node id="16" bw="4" op_0_bw="1" op_1_bw="4" op_2_bw="4">
<![CDATA[
.preheader2.i:4  %i_1_i_mid2 = select i1 %tmp_s, i4 0, i4 %i_1_i

]]></Node>
<StgValue><ssdm name="i_1_i_mid2"/></StgValue>
</operation>

<operation id="16" st_id="2" stage="1" lat="1">
<core>Sel</core>
<MemPortIdVec></MemPortIdVec>
<condition id="0">
<or_exp><and_exp><literal name="exitcond_flatten" val="0"/>
</and_exp></or_exp>
</condition>

<Node id="17" bw="4" op_0_bw="1" op_1_bw="4" op_2_bw="4">
<![CDATA[
.preheader2.i:5  %j_0_i_cast8_mid2_v = select i1 %tmp_s, i4 %j, i4 %j_0_i

]]></Node>
<StgValue><ssdm name="j_0_i_cast8_mid2_v"/></StgValue>
</operation>

<operation id="17" st_id="2" stage="1" lat="1">
<core>NULL</core>
<MemPortIdVec></MemPortIdVec>
<condition id="0">
<or_exp><and_exp><literal name="exitcond_flatten" val="0"/>
</and_exp></or_exp>
</condition>

<Node id="18" bw="32" op_0_bw="4">
<![CDATA[
.preheader2.i:6  %j_0_i_cast8_mid2 = zext i4 %j_0_i_cast8_mid2_v to i32

]]></Node>
<StgValue><ssdm name="j_0_i_cast8_mid2"/></StgValue>
</operation>

<operation id="18" st_id="2" stage="1" lat="1">
<core>NULL</core>
<MemPortIdVec></MemPortIdVec>
<condition id="0">
<or_exp><and_exp><literal name="exitcond_flatten" val="0"/>
</and_exp></or_exp>
</condition>

<Node id="19" bw="8" op_0_bw="4">
<![CDATA[
.preheader2.i:7  %j_0_i_cast8_mid2_cas = zext i4 %j_0_i_cast8_mid2_v to i8

]]></Node>
<StgValue><ssdm name="j_0_i_cast8_mid2_cas"/></StgValue>
</operation>

<operation id="19" st_id="2" stage="1" lat="1">
<core>NULL</core>
<MemPortIdVec></MemPortIdVec>
<condition id="0">
<or_exp><and_exp><literal name="exitcond_flatten" val="0"/>
</and_exp></or_exp>
</condition>

<Node id="20" bw="7" op_0_bw="7" op_1_bw="4" op_2_bw="3">
<![CDATA[
.preheader2.i:8  %tmp = call i7 @_ssdm_op_BitConcatenate.i7.i4.i3(i4 %i_1_i_mid2, i3 0)

]]></Node>
<StgValue><ssdm name="tmp"/></StgValue>
</operation>

<operation id="20" st_id="2" stage="1" lat="1">
<core>NULL</core>
<MemPortIdVec></MemPortIdVec>
<condition id="0">
<or_exp><and_exp><literal name="exitcond_flatten" val="0"/>
</and_exp></or_exp>
</condition>

<Node id="21" bw="8" op_0_bw="7">
<![CDATA[
.preheader2.i:9  %tmp_7_cast = zext i7 %tmp to i8

]]></Node>
<StgValue><ssdm name="tmp_7_cast"/></StgValue>
</operation>

<operation id="21" st_id="2" stage="1" lat="1">
<core>AddSub</core>
<MemPortIdVec></MemPortIdVec>
<condition id="0">
<or_exp><and_exp><literal name="exitcond_flatten" val="0"/>
</and_exp></or_exp>
</condition>

<Node id="22" bw="8" op_0_bw="8" op_1_bw="8">
<![CDATA[
.preheader2.i:10  %tmp_8 = add i8 %tmp_7_cast, %j_0_i_cast8_mid2_cas

]]></Node>
<StgValue><ssdm name="tmp_8"/></StgValue>
</operation>

<operation id="22" st_id="2" stage="1" lat="1">
<core>NULL</core>
<MemPortIdVec></MemPortIdVec>
<condition id="0">
<or_exp><and_exp><literal name="exitcond_flatten" val="0"/>
</and_exp></or_exp>
</condition>

<Node id="23" bw="32" op_0_bw="8">
<![CDATA[
.preheader2.i:11  %tmp_8_cast = zext i8 %tmp_8 to i32

]]></Node>
<StgValue><ssdm name="tmp_8_cast"/></StgValue>
</operation>

<operation id="23" st_id="2" stage="1" lat="1">
<core>NULL</core>
<MemPortIdVec></MemPortIdVec>
<condition id="0">
<or_exp><and_exp><literal name="exitcond_flatten" val="0"/>
</and_exp></or_exp>
</condition>

<Node id="24" bw="6" op_0_bw="16" op_1_bw="32" op_2_bw="32">
<![CDATA[
.preheader2.i:12  %row_outbuf_i_addr = getelementptr [64 x i16]* %row_outbuf_i, i32 0, i32 %tmp_8_cast

]]></Node>
<StgValue><ssdm name="row_outbuf_i_addr"/></StgValue>
</operation>

<operation id="24" st_id="2" stage="2" lat="2">
<core>RAM</core>
<MemPortIdVec></MemPortIdVec>
<condition id="0">
<or_exp><and_exp><literal name="exitcond_flatten" val="0"/>
</and_exp></or_exp>
</condition>

<Node id="28" bw="16" op_0_bw="6">
<![CDATA[
.preheader2.i:16  %row_outbuf_i_load = load i16* %row_outbuf_i_addr, align 2

]]></Node>
<StgValue><ssdm name="row_outbuf_i_load"/></StgValue>
</operation>

<operation id="25" st_id="2" stage="1" lat="1">
<core>NULL</core>
<MemPortIdVec></MemPortIdVec>
<condition id="0">
<or_exp><and_exp><literal name="exitcond_flatten" val="0"/>
</and_exp></or_exp>
</condition>

<Node id="29" bw="3" op_0_bw="128" op_1_bw="32" op_2_bw="32">
<![CDATA[
.preheader2.i:17  %col_inbuf_addr = getelementptr [8 x i128]* %col_inbuf, i32 0, i32 %j_0_i_cast8_mid2

]]></Node>
<StgValue><ssdm name="col_inbuf_addr"/></StgValue>
</operation>

<operation id="26" st_id="2" stage="1" lat="1">
<core>NULL</core>
<MemPortIdVec></MemPortIdVec>
<condition id="0">
<or_exp><and_exp><literal name="exitcond_flatten" val="0"/>
</and_exp></or_exp>
</condition>

<Node id="31" bw="3" op_0_bw="4">
<![CDATA[
.preheader2.i:19  %tmp_27 = trunc i4 %i_1_i_mid2 to i3

]]></Node>
<StgValue><ssdm name="tmp_27"/></StgValue>
</operation>

<operation id="27" st_id="2" stage="1" lat="1">
<core>AddSub</core>
<MemPortIdVec></MemPortIdVec>
<condition id="0">
<or_exp><and_exp><literal name="exitcond_flatten" val="0"/>
</and_exp></or_exp>
</condition>

<Node id="58" bw="4" op_0_bw="4" op_1_bw="4">
<![CDATA[
.preheader2.i:46  %i = add i4 1, %i_1_i_mid2

]]></Node>
<StgValue><ssdm name="i"/></StgValue>
</operation>
</state>

<state id="3" st_id="3">

<operation id="28" st_id="3" stage="1" lat="2">
<core>RAM</core>
<MemPortIdVec></MemPortIdVec>
<condition id="0">
<or_exp><and_exp><literal name="exitcond_flatten" val="0"/>
</and_exp></or_exp>
</condition>

<Node id="28" bw="16" op_0_bw="6">
<![CDATA[
.preheader2.i:16  %row_outbuf_i_load = load i16* %row_outbuf_i_addr, align 2

]]></Node>
<StgValue><ssdm name="row_outbuf_i_load"/></StgValue>
</operation>

<operation id="29" st_id="3" stage="2" lat="2">
<core>RAM</core>
<MemPortIdVec></MemPortIdVec>
<condition id="0">
<or_exp><and_exp><literal name="exitcond_flatten" val="0"/>
</and_exp></or_exp>
</condition>

<Node id="30" bw="128" op_0_bw="3">
<![CDATA[
.preheader2.i:18  %col_inbuf_load = load i128* %col_inbuf_addr, align 8

]]></Node>
<StgValue><ssdm name="col_inbuf_load"/></StgValue>
</operation>

<operation id="30" st_id="3" stage="1" lat="1">
<core>NULL</core>
<MemPortIdVec></MemPortIdVec>
<condition id="0">
<or_exp><and_exp><literal name="exitcond_flatten" val="0"/>
</and_exp></or_exp>
</condition>

<Node id="32" bw="7" op_0_bw="7" op_1_bw="3" op_2_bw="4">
<![CDATA[
.preheader2.i:20  %tmp_3 = call i7 @_ssdm_op_BitConcatenate.i7.i3.i4(i3 %tmp_27, i4 0)

]]></Node>
<StgValue><ssdm name="tmp_3"/></StgValue>
</operation>

<operation id="31" st_id="3" stage="1" lat="1">
<core>NULL</core>
<MemPortIdVec></MemPortIdVec>
<condition id="0">
<or_exp><and_exp><literal name="exitcond_flatten" val="0"/>
</and_exp></or_exp>
</condition>

<Node id="33" bw="7" op_0_bw="7" op_1_bw="7">
<![CDATA[
.preheader2.i:21  %tmp_4 = or i7 %tmp_3, 15

]]></Node>
<StgValue><ssdm name="tmp_4"/></StgValue>
</operation>

<operation id="32" st_id="3" stage="1" lat="1">
<core>Cmp</core>
<MemPortIdVec></MemPortIdVec>
<condition id="0">
<or_exp><and_exp><literal name="exitcond_flatten" val="0"/>
</and_exp></or_exp>
</condition>

<Node id="34" bw="1" op_0_bw="7" op_1_bw="7">
<![CDATA[
.preheader2.i:22  %tmp_28 = icmp ugt i7 %tmp_3, %tmp_4

]]></Node>
<StgValue><ssdm name="tmp_28"/></StgValue>
</operation>

<operation id="33" st_id="3" stage="1" lat="1">
<core>NULL</core>
<MemPortIdVec></MemPortIdVec>
<condition id="0">
<or_exp><and_exp><literal name="exitcond_flatten" val="0"/>
</and_exp></or_exp>
</condition>

<Node id="35" bw="8" op_0_bw="7">
<![CDATA[
.preheader2.i:23  %tmp_29 = zext i7 %tmp_3 to i8

]]></Node>
<StgValue><ssdm name="tmp_29"/></StgValue>
</operation>

<operation id="34" st_id="3" stage="1" lat="1">
<core>NULL</core>
<MemPortIdVec></MemPortIdVec>
<condition id="0">
<or_exp><and_exp><literal name="exitcond_flatten" val="0"/>
</and_exp></or_exp>
</condition>

<Node id="37" bw="128" op_0_bw="16">
<![CDATA[
.preheader2.i:25  %tmp_31 = zext i16 %row_outbuf_i_load to i128

]]></Node>
<StgValue><ssdm name="tmp_31"/></StgValue>
</operation>

<operation id="35" st_id="3" stage="1" lat="1">
<core>LogicGate</core>
<MemPortIdVec></MemPortIdVec>
<condition id="0">
<or_exp><and_exp><literal name="exitcond_flatten" val="0"/>
</and_exp></or_exp>
</condition>

<Node id="38" bw="8" op_0_bw="8" op_1_bw="8">
<![CDATA[
.preheader2.i:26  %tmp_32 = xor i8 %tmp_29, 127

]]></Node>
<StgValue><ssdm name="tmp_32"/></StgValue>
</operation>

<operation id="36" st_id="3" stage="1" lat="1">
<core>Sel</core>
<MemPortIdVec></MemPortIdVec>
<condition id="0">
<or_exp><and_exp><literal name="exitcond_flatten" val="0"/>
</and_exp></or_exp>
</condition>

<Node id="41" bw="8" op_0_bw="1" op_1_bw="8" op_2_bw="8">
<![CDATA[
.preheader2.i:29  %tmp_35 = select i1 %tmp_28, i8 %tmp_32, i8 %tmp_29

]]></Node>
<StgValue><ssdm name="tmp_35"/></StgValue>
</operation>

<operation id="37" st_id="3" stage="1" lat="1">
<core>NULL</core>
<MemPortIdVec></MemPortIdVec>
<condition id="0">
<or_exp><and_exp><literal name="exitcond_flatten" val="0"/>
</and_exp></or_exp>
</condition>

<Node id="43" bw="128" op_0_bw="8">
<![CDATA[
.preheader2.i:31  %tmp_37 = zext i8 %tmp_35 to i128

]]></Node>
<StgValue><ssdm name="tmp_37"/></StgValue>
</operation>

<operation id="38" st_id="3" stage="1" lat="1">
<core>Shift</core>
<MemPortIdVec></MemPortIdVec>
<condition id="0">
<or_exp><and_exp><literal name="exitcond_flatten" val="0"/>
</and_exp></or_exp>
</condition>

<Node id="46" bw="128" op_0_bw="128" op_1_bw="128">
<![CDATA[
.preheader2.i:34  %tmp_40 = shl i128 %tmp_31, %tmp_37

]]></Node>
<StgValue><ssdm name="tmp_40"/></StgValue>
</operation>
</state>

<state id="4" st_id="4">

<operation id="39" st_id="4" stage="1" lat="1">
<core>NULL</core>
<MemPortIdVec></MemPortIdVec>
<condition id="0">
<or_exp><and_exp><literal name="exitcond_flatten" val="0"/>
</and_exp></or_exp>
</condition>

<Node id="13" bw="0" op_0_bw="0" op_1_bw="0">
<![CDATA[
.preheader2.i:1  call void (...)* @_ssdm_op_SpecLoopName([42 x i8]* @Xpose_Row_Outer_Loop)

]]></Node>
<StgValue><ssdm name=""/></StgValue>
</operation>

<operation id="40" st_id="4" stage="1" lat="1">
<core>NULL</core>
<MemPortIdVec></MemPortIdVec>
<condition id="0">
<or_exp><and_exp><literal name="exitcond_flatten" val="0"/>
</and_exp></or_exp>
</condition>

<Node id="14" bw="32" op_0_bw="32" op_1_bw="64" op_2_bw="64" op_3_bw="64">
<![CDATA[
.preheader2.i:2  %empty = call i32 (...)* @_ssdm_op_SpecLoopTripCount(i64 64, i64 64, i64 64) nounwind

]]></Node>
<StgValue><ssdm name="empty"/></StgValue>
</operation>

<operation id="41" st_id="4" stage="1" lat="1">
<core>NULL</core>
<MemPortIdVec></MemPortIdVec>
<condition id="0">
<or_exp><and_exp><literal name="exitcond_flatten" val="0"/>
</and_exp></or_exp>
</condition>

<Node id="25" bw="0" op_0_bw="0" op_1_bw="0">
<![CDATA[
.preheader2.i:13  call void (...)* @_ssdm_op_SpecLoopName([21 x i8]* @p_str6) nounwind

]]></Node>
<StgValue><ssdm name=""/></StgValue>
</operation>

<operation id="42" st_id="4" stage="1" lat="1">
<core>NULL</core>
<MemPortIdVec></MemPortIdVec>
<condition id="0">
<or_exp><and_exp><literal name="exitcond_flatten" val="0"/>
</and_exp></or_exp>
</condition>

<Node id="26" bw="32" op_0_bw="32" op_1_bw="0">
<![CDATA[
.preheader2.i:14  %tmp_2 = call i32 (...)* @_ssdm_op_SpecRegionBegin([21 x i8]* @p_str6) nounwind

]]></Node>
<StgValue><ssdm name="tmp_2"/></StgValue>
</operation>

<operation id="43" st_id="4" stage="1" lat="1">
<core>NULL</core>
<MemPortIdVec></MemPortIdVec>
<condition id="0">
<or_exp><and_exp><literal name="exitcond_flatten" val="0"/>
</and_exp></or_exp>
</condition>

<Node id="27" bw="0" op_0_bw="0" op_1_bw="32" op_2_bw="32" op_3_bw="32" op_4_bw="32" op_5_bw="0">
<![CDATA[
.preheader2.i:15  call void (...)* @_ssdm_op_SpecPipeline(i32 -1, i32 1, i32 1, i32 0, [1 x i8]* @p_str1) nounwind

]]></Node>
<StgValue><ssdm name=""/></StgValue>
</operation>

<operation id="44" st_id="4" stage="1" lat="2">
<core>RAM</core>
<MemPortIdVec></MemPortIdVec>
<condition id="0">
<or_exp><and_exp><literal name="exitcond_flatten" val="0"/>
</and_exp></or_exp>
</condition>

<Node id="30" bw="128" op_0_bw="3">
<![CDATA[
.preheader2.i:18  %col_inbuf_load = load i128* %col_inbuf_addr, align 8

]]></Node>
<StgValue><ssdm name="col_inbuf_load"/></StgValue>
</operation>

<operation id="45" st_id="4" stage="1" lat="1">
<core>NULL</core>
<MemPortIdVec></MemPortIdVec>
<condition id="0">
<or_exp><and_exp><literal name="exitcond_flatten" val="0"/>
</and_exp></or_exp>
</condition>

<Node id="36" bw="8" op_0_bw="7">
<![CDATA[
.preheader2.i:24  %tmp_30 = zext i7 %tmp_4 to i8

]]></Node>
<StgValue><ssdm name="tmp_30"/></StgValue>
</operation>

<operation id="46" st_id="4" stage="1" lat="1">
<core>Sel</core>
<MemPortIdVec></MemPortIdVec>
<condition id="0">
<or_exp><and_exp><literal name="exitcond_flatten" val="0"/>
</and_exp></or_exp>
</condition>

<Node id="39" bw="8" op_0_bw="1" op_1_bw="8" op_2_bw="8">
<![CDATA[
.preheader2.i:27  %tmp_33 = select i1 %tmp_28, i8 %tmp_29, i8 %tmp_30

]]></Node>
<StgValue><ssdm name="tmp_33"/></StgValue>
</operation>

<operation id="47" st_id="4" stage="1" lat="1">
<core>Sel</core>
<MemPortIdVec></MemPortIdVec>
<condition id="0">
<or_exp><and_exp><literal name="exitcond_flatten" val="0"/>
</and_exp></or_exp>
</condition>

<Node id="40" bw="8" op_0_bw="1" op_1_bw="8" op_2_bw="8">
<![CDATA[
.preheader2.i:28  %tmp_34 = select i1 %tmp_28, i8 %tmp_30, i8 %tmp_29

]]></Node>
<StgValue><ssdm name="tmp_34"/></StgValue>
</operation>

<operation id="48" st_id="4" stage="1" lat="1">
<core>LogicGate</core>
<MemPortIdVec></MemPortIdVec>
<condition id="0">
<or_exp><and_exp><literal name="exitcond_flatten" val="0"/>
</and_exp></or_exp>
</condition>

<Node id="42" bw="8" op_0_bw="8" op_1_bw="8">
<![CDATA[
.preheader2.i:30  %tmp_36 = xor i8 %tmp_33, 127

]]></Node>
<StgValue><ssdm name="tmp_36"/></StgValue>
</operation>

<operation id="49" st_id="4" stage="1" lat="1">
<core>NULL</core>
<MemPortIdVec></MemPortIdVec>
<condition id="0">
<or_exp><and_exp><literal name="exitcond_flatten" val="0"/>
</and_exp></or_exp>
</condition>

<Node id="44" bw="128" op_0_bw="8">
<![CDATA[
.preheader2.i:32  %tmp_38 = zext i8 %tmp_34 to i128

]]></Node>
<StgValue><ssdm name="tmp_38"/></StgValue>
</operation>

<operation id="50" st_id="4" stage="1" lat="1">
<core>NULL</core>
<MemPortIdVec></MemPortIdVec>
<condition id="0">
<or_exp><and_exp><literal name="exitcond_flatten" val="0"/>
</and_exp></or_exp>
</condition>

<Node id="45" bw="128" op_0_bw="8">
<![CDATA[
.preheader2.i:33  %tmp_39 = zext i8 %tmp_36 to i128

]]></Node>
<StgValue><ssdm name="tmp_39"/></StgValue>
</operation>

<operation id="51" st_id="4" stage="1" lat="1">
<core>NULL</core>
<MemPortIdVec></MemPortIdVec>
<condition id="59">
<or_exp><and_exp><literal name="exitcond_flatten" val="0"/>
<literal name="tmp_28" val="1"/>
</and_exp></or_exp>
</condition>

<Node id="47" bw="128" op_0_bw="128" op_1_bw="128" op_2_bw="32" op_3_bw="32">
<![CDATA[
.preheader2.i:35  %tmp_41 = call i128 @llvm.part.select.i128(i128 %tmp_40, i32 127, i32 0)

]]></Node>
<StgValue><ssdm name="tmp_41"/></StgValue>
</operation>

<operation id="52" st_id="4" stage="1" lat="1">
<core>Sel</core>
<MemPortIdVec></MemPortIdVec>
<condition id="0">
<or_exp><and_exp><literal name="exitcond_flatten" val="0"/>
</and_exp></or_exp>
</condition>

<Node id="48" bw="128" op_0_bw="1" op_1_bw="128" op_2_bw="128">
<![CDATA[
.preheader2.i:36  %tmp_42 = select i1 %tmp_28, i128 %tmp_41, i128 %tmp_40

]]></Node>
<StgValue><ssdm name="tmp_42"/></StgValue>
</operation>

<operation id="53" st_id="4" stage="1" lat="1">
<core>Shift</core>
<MemPortIdVec></MemPortIdVec>
<condition id="0">
<or_exp><and_exp><literal name="exitcond_flatten" val="0"/>
</and_exp></or_exp>
</condition>

<Node id="49" bw="128" op_0_bw="128" op_1_bw="128">
<![CDATA[
.preheader2.i:37  %tmp_43 = shl i128 -1, %tmp_38

]]></Node>
<StgValue><ssdm name="tmp_43"/></StgValue>
</operation>

<operation id="54" st_id="4" stage="1" lat="1">
<core>Shift</core>
<MemPortIdVec></MemPortIdVec>
<condition id="0">
<or_exp><and_exp><literal name="exitcond_flatten" val="0"/>
</and_exp></or_exp>
</condition>

<Node id="50" bw="128" op_0_bw="128" op_1_bw="128">
<![CDATA[
.preheader2.i:38  %tmp_44 = lshr i128 -1, %tmp_39

]]></Node>
<StgValue><ssdm name="tmp_44"/></StgValue>
</operation>

<operation id="55" st_id="4" stage="1" lat="1">
<core>LogicGate</core>
<MemPortIdVec></MemPortIdVec>
<condition id="0">
<or_exp><and_exp><literal name="exitcond_flatten" val="0"/>
</and_exp></or_exp>
</condition>

<Node id="51" bw="128" op_0_bw="128" op_1_bw="128">
<![CDATA[
.preheader2.i:39  %p_demorgan = and i128 %tmp_43, %tmp_44

]]></Node>
<StgValue><ssdm name="p_demorgan"/></StgValue>
</operation>

<operation id="56" st_id="4" stage="1" lat="1">
<core>LogicGate</core>
<MemPortIdVec></MemPortIdVec>
<condition id="0">
<or_exp><and_exp><literal name="exitcond_flatten" val="0"/>
</and_exp></or_exp>
</condition>

<Node id="52" bw="128" op_0_bw="128" op_1_bw="128">
<![CDATA[
.preheader2.i:40  %tmp_45 = xor i128 %p_demorgan, -1

]]></Node>
<StgValue><ssdm name="tmp_45"/></StgValue>
</operation>

<operation id="57" st_id="4" stage="1" lat="1">
<core>LogicGate</core>
<MemPortIdVec></MemPortIdVec>
<condition id="0">
<or_exp><and_exp><literal name="exitcond_flatten" val="0"/>
</and_exp></or_exp>
</condition>

<Node id="53" bw="128" op_0_bw="128" op_1_bw="128">
<![CDATA[
.preheader2.i:41  %tmp_46 = and i128 %col_inbuf_load, %tmp_45

]]></Node>
<StgValue><ssdm name="tmp_46"/></StgValue>
</operation>

<operation id="58" st_id="4" stage="1" lat="1">
<core>LogicGate</core>
<MemPortIdVec></MemPortIdVec>
<condition id="0">
<or_exp><and_exp><literal name="exitcond_flatten" val="0"/>
</and_exp></or_exp>
</condition>

<Node id="54" bw="128" op_0_bw="128" op_1_bw="128">
<![CDATA[
.preheader2.i:42  %tmp_47 = and i128 %tmp_42, %p_demorgan

]]></Node>
<StgValue><ssdm name="tmp_47"/></StgValue>
</operation>

<operation id="59" st_id="4" stage="1" lat="1">
<core>LogicGate</core>
<MemPortIdVec></MemPortIdVec>
<condition id="0">
<or_exp><and_exp><literal name="exitcond_flatten" val="0"/>
</and_exp></or_exp>
</condition>

<Node id="55" bw="128" op_0_bw="128" op_1_bw="128">
<![CDATA[
.preheader2.i:43  %tmp_48 = or i128 %tmp_46, %tmp_47

]]></Node>
<StgValue><ssdm name="tmp_48"/></StgValue>
</operation>

<operation id="60" st_id="4" stage="1" lat="1">
<core>RAM</core>
<MemPortIdVec></MemPortIdVec>
<condition id="0">
<or_exp><and_exp><literal name="exitcond_flatten" val="0"/>
</and_exp></or_exp>
</condition>

<Node id="56" bw="0" op_0_bw="128" op_1_bw="3">
<![CDATA[
.preheader2.i:44  store i128 %tmp_48, i128* %col_inbuf_addr, align 8

]]></Node>
<StgValue><ssdm name=""/></StgValue>
</operation>

<operation id="61" st_id="4" stage="1" lat="1">
<core>NULL</core>
<MemPortIdVec></MemPortIdVec>
<condition id="0">
<or_exp><and_exp><literal name="exitcond_flatten" val="0"/>
</and_exp></or_exp>
</condition>

<Node id="57" bw="32" op_0_bw="32" op_1_bw="0" op_2_bw="32">
<![CDATA[
.preheader2.i:45  %empty_26 = call i32 (...)* @_ssdm_op_SpecRegionEnd([21 x i8]* @p_str6, i32 %tmp_2) nounwind

]]></Node>
<StgValue><ssdm name="empty_26"/></StgValue>
</operation>

<operation id="62" st_id="4" stage="1" lat="1">
<core>NULL</core>
<MemPortIdVec></MemPortIdVec>
<condition id="0">
<or_exp><and_exp><literal name="exitcond_flatten" val="0"/>
</and_exp></or_exp>
</condition>

<Node id="59" bw="0" op_0_bw="0">
<![CDATA[
.preheader2.i:47  br label %0

]]></Node>
<StgValue><ssdm name=""/></StgValue>
</operation>
</state>

<state id="5" st_id="5">

<operation id="63" st_id="5" stage="1" lat="1">
<core>NULL</core>
<MemPortIdVec></MemPortIdVec>
<condition id="45">
<or_exp><and_exp></and_exp></or_exp>
</condition>

<Node id="61" bw="0">
<![CDATA[
.preheader1.i.exitStub:0  ret void

]]></Node>
<StgValue><ssdm name=""/></StgValue>
</operation>
</state>
</state_list>


<ports>
</ports>


<dataflows>
</dataflows>


</stg>
