<profile>

<section name = "Vivado HLS Report for 'Loop_Col_DCT_Loop_pr'" level="0">
<item name = "Date">Fri Nov 01 17:03:36 2024
</item>
<item name = "Version">2016.3 (Build 1682563 on Mon Oct 10 19:41:59 MDT 2016)</item>
<item name = "Project">dct.prj</item>
<item name = "Solution">solution7</item>
<item name = "Product family">zynq</item>
<item name = "Target device">xc7z020clg484-1</item>
</section>

<section name = "Performance Estimates" level="0">
<item name = "Timing (ns)">
<section name = "" level="1">
<item name = "Summary"><table name="" hasTotal="0">
<keys size="4">Clock, Target, Estimated, Uncertainty</keys>
<column name="ap_clk">10.00, 10.79, 1.25</column>
</table>
</item>
</section>
</item>
<item name = "Latency (clock cycles)">
<section name = "" level="1">
<item name = "Summary"><table name="" hasTotal="0">
<keys size="6">, min, max, min, max, Type</keys>
<column name="">113, 113, 113, 113, none</column>
</table>
</item>
<item name = "Detail">
<section name = "" level="1">
<item name = "Instance"><table name="" hasTotal="0">
<keys size="7">Instance, Module, min, max, min, max, Type</keys>
</table>
</item>
<item name = "Loop"><table name="" hasTotal="0">
<keys size="8">Loop Name, min, max, Latency, achieved, target, Count, Pipelined</keys>
<column name="- Col_DCT_Loop">112, 112, 14, -, -, 8, no</column>
<column name=" + DCT_Outer_Loop">11, 11, 5, 1, 1, 8, yes</column>
</table>
</item>
</section>
</item>
</section>
</item>
</section>

<section name = "Utilization Estimates" level="0">
<item name = "Summary"><table name="" hasTotal="1">
<keys size="5">Name, BRAM_18K, DSP48E, FF, LUT</keys>
<column name="DSP">-, 8, -, -</column>
<column name="Expression">-, -, 0, 78</column>
<column name="FIFO">-, -, -, -</column>
<column name="Instance">-, -, -, -</column>
<column name="Memory">0, -, 127, 16</column>
<column name="Multiplexer">-, -, -, 10</column>
<column name="Register">-, -, 521, 9</column>
<specialColumn name="Available">280, 220, 106400, 53200</specialColumn>
<specialColumn name="Utilization (%)">0, 3, ~0, ~0</specialColumn>
</table>
</item>
<item name = "Detail">
<section name = "" level="1">
<item name = "Instance"><table name="" hasTotal="1">
<keys size="6">Instance, Module, BRAM_18K, DSP48E, FF, LUT</keys>
</table>
</item>
<item name = "DSP48"><table name="" hasTotal="0">
<keys size="3">Instance, Module, Expression</keys>
<column name="dct_mac_muladd_16dEe_x_U18">dct_mac_muladd_16dEe, i0 + i1 * i2</column>
<column name="dct_mac_muladd_16dEe_x_U20">dct_mac_muladd_16dEe, i0 + i1 * i2</column>
<column name="dct_mac_muladd_16dEe_x_U21">dct_mac_muladd_16dEe, i0 + i1 * i2</column>
<column name="dct_mac_muladd_16dEe_x_U22">dct_mac_muladd_16dEe, i0 + i1 * i2</column>
<column name="dct_mac_muladd_16eOg_x_U19">dct_mac_muladd_16eOg, i0 + i1 * i2</column>
<column name="dct_mul_mul_16s_1cud_x_U15">dct_mul_mul_16s_1cud, i0 * i1</column>
<column name="dct_mul_mul_16s_1cud_x_U16">dct_mul_mul_16s_1cud, i0 * i1</column>
<column name="dct_mul_mul_16s_1cud_x_U17">dct_mul_mul_16s_1cud, i0 * i1</column>
</table>
</item>
<item name = "Memory"><table name="" hasTotal="1">
<keys size="9">Memory, Module, BRAM_18K, FF, LUT, Words, Bits, Banks, W*Bits*Banks</keys>
<column name="dct_coeff_table_U">Loop_Row_DCT_Loopbkb, 0, 127, 16, 8, 127, 1, 1016</column>
</table>
</item>
<item name = "FIFO"><table name="" hasTotal="1">
<keys size="7">Name, BRAM_18K, FF, LUT, Depth, Bits, Size:D*B</keys>
</table>
</item>
<item name = "Expression"><table name="" hasTotal="1">
<keys size="7">Variable Name, Operation, DSP48E, FF, LUT, Bitwidth P0, Bitwidth P1</keys>
<column name="i_fu_173_p2">+, 0, 0, 4, 4, 1</column>
<column name="k_fu_202_p2">+, 0, 0, 4, 4, 1</column>
<column name="tmp3_fu_422_p2">+, 0, 0, 29, 29, 29</column>
<column name="tmp_6_fu_217_p2">+, 0, 0, 8, 8, 8</column>
<column name="tmp_9_i_fu_426_p2">+, 0, 0, 14, 29, 29</column>
<column name="tmp_fu_418_p2">+, 0, 0, 14, 29, 29</column>
<column name="tmp_5_fu_167_p2">icmp, 0, 0, 2, 4, 5</column>
<column name="tmp_i_fu_196_p2">icmp, 0, 0, 2, 4, 5</column>
</table>
</item>
<item name = "Multiplexer"><table name="" hasTotal="1">
<keys size="5">Name, LUT, Input Size, Bits, Total Bits</keys>
<column name="ap_NS_fsm">1, 5, 1, 5</column>
<column name="ap_enable_reg_pp0_iter4">1, 2, 1, 2</column>
<column name="i_2_i_reg_145">4, 2, 4, 8</column>
<column name="k_i_reg_156">4, 2, 4, 8</column>
</table>
</item>
<item name = "Register"><table name="" hasTotal="1">
<keys size="5">Name, FF, LUT, Bits, Const Bits</keys>
<column name="ap_CS_fsm">4, 0, 4, 0</column>
<column name="ap_done_reg">1, 0, 1, 0</column>
<column name="ap_enable_reg_pp0_iter0">1, 0, 1, 0</column>
<column name="ap_enable_reg_pp0_iter1">1, 0, 1, 0</column>
<column name="ap_enable_reg_pp0_iter2">1, 0, 1, 0</column>
<column name="ap_enable_reg_pp0_iter3">1, 0, 1, 0</column>
<column name="ap_enable_reg_pp0_iter4">1, 0, 1, 0</column>
<column name="ap_pipeline_reg_pp0_iter2_tmp_11_i_reg_572">16, 0, 16, 0</column>
<column name="ap_pipeline_reg_pp0_iter2_tmp_12_i_reg_577">16, 0, 16, 0</column>
<column name="ap_pipeline_reg_pp0_iter2_tmp_15_i_reg_592">16, 0, 16, 0</column>
<column name="ap_pipeline_reg_pp0_iter2_tmp_16_i_reg_597">16, 0, 16, 0</column>
<column name="ap_pipeline_reg_pp0_iter2_tmp_6_i_reg_552">16, 0, 16, 0</column>
<column name="ap_pipeline_reg_pp0_iter2_tmp_7_i_reg_557">16, 0, 16, 0</column>
<column name="col_inbuf_addr_reg_518">3, 0, 3, 0</column>
<column name="i_2_i_reg_145">4, 0, 4, 0</column>
<column name="i_reg_508">4, 0, 4, 0</column>
<column name="k_i_reg_156">4, 0, 4, 0</column>
<column name="tmp5_reg_637">29, 0, 29, 0</column>
<column name="tmp_10_i_reg_567">16, 0, 16, 0</column>
<column name="tmp_11_i_reg_572">16, 0, 16, 0</column>
<column name="tmp_12_i_reg_577">16, 0, 16, 0</column>
<column name="tmp_13_i_reg_582">16, 0, 16, 0</column>
<column name="tmp_14_i_reg_587">16, 0, 16, 0</column>
<column name="tmp_15_i_reg_592">16, 0, 16, 0</column>
<column name="tmp_16_i_reg_597">16, 0, 16, 0</column>
<column name="tmp_17_i_reg_602">16, 0, 16, 0</column>
<column name="tmp_18_i_reg_607">16, 0, 16, 0</column>
<column name="tmp_19_cast_reg_513">4, 0, 8, 4</column>
<column name="tmp_1_i_reg_642">16, 0, 16, 0</column>
<column name="tmp_20_i_reg_617">16, 0, 16, 0</column>
<column name="tmp_2_reg_612">15, 0, 15, 0</column>
<column name="tmp_3_2_i_reg_627">29, 0, 29, 0</column>
<column name="tmp_3_4_i_reg_632">29, 0, 29, 0</column>
<column name="tmp_3_i_reg_622">29, 0, 29, 0</column>
<column name="tmp_51_reg_542">16, 0, 16, 0</column>
<column name="tmp_52_reg_547">16, 0, 16, 0</column>
<column name="tmp_6_i_reg_552">16, 0, 16, 0</column>
<column name="tmp_6_reg_532">8, 0, 8, 0</column>
<column name="tmp_7_i_reg_557">16, 0, 16, 0</column>
<column name="tmp_8_i_reg_562">16, 0, 16, 0</column>
<column name="tmp_i_reg_523">1, 0, 1, 0</column>
<column name="tmp_6_reg_532">0, 8, 8, 0</column>
<column name="tmp_i_reg_523">0, 1, 1, 0</column>
</table>
</item>
</section>
</item>
</section>

<section name = "Interface" level="0">
<item name = "Summary"><table name="" hasTotal="0">
<keys size="6">RTL Ports, Dir, Bits, Protocol, Source Object, C Type</keys>
<column name="ap_clk">in, 1, ap_ctrl_hs, Loop_Col_DCT_Loop_pr, return value</column>
<column name="ap_rst">in, 1, ap_ctrl_hs, Loop_Col_DCT_Loop_pr, return value</column>
<column name="ap_start">in, 1, ap_ctrl_hs, Loop_Col_DCT_Loop_pr, return value</column>
<column name="ap_done">out, 1, ap_ctrl_hs, Loop_Col_DCT_Loop_pr, return value</column>
<column name="ap_continue">in, 1, ap_ctrl_hs, Loop_Col_DCT_Loop_pr, return value</column>
<column name="ap_idle">out, 1, ap_ctrl_hs, Loop_Col_DCT_Loop_pr, return value</column>
<column name="ap_ready">out, 1, ap_ctrl_hs, Loop_Col_DCT_Loop_pr, return value</column>
<column name="col_inbuf_address0">out, 3, ap_memory, col_inbuf, array</column>
<column name="col_inbuf_ce0">out, 1, ap_memory, col_inbuf, array</column>
<column name="col_inbuf_q0">in, 128, ap_memory, col_inbuf, array</column>
<column name="col_outbuf_i_address0">out, 6, ap_memory, col_outbuf_i, array</column>
<column name="col_outbuf_i_ce0">out, 1, ap_memory, col_outbuf_i, array</column>
<column name="col_outbuf_i_we0">out, 1, ap_memory, col_outbuf_i, array</column>
<column name="col_outbuf_i_d0">out, 16, ap_memory, col_outbuf_i, array</column>
</table>
</item>
</section>
</profile>
