<profile>

<section name = "Vivado HLS Report for 'Loop_Xpose_Col_Outer'" level="0">
<item name = "Date">Fri Nov 01 17:03:36 2024
</item>
<item name = "Version">2016.3 (Build 1682563 on Mon Oct 10 19:41:59 MDT 2016)</item>
<item name = "Project">dct.prj</item>
<item name = "Solution">solution7</item>
<item name = "Product family">zynq</item>
<item name = "Target device">xc7z020clg484-1</item>
</section>

<section name = "Performance Estimates" level="0">
<item name = "Timing (ns)">
<section name = "" level="1">
<item name = "Summary"><table name="" hasTotal="0">
<keys size="4">Clock, Target, Estimated, Uncertainty</keys>
<column name="ap_clk">10.00, 7.68, 1.25</column>
</table>
</item>
</section>
</item>
<item name = "Latency (clock cycles)">
<section name = "" level="1">
<item name = "Summary"><table name="" hasTotal="0">
<keys size="6">, min, max, min, max, Type</keys>
<column name="">66, 66, 66, 66, none</column>
</table>
</item>
<item name = "Detail">
<section name = "" level="1">
<item name = "Instance"><table name="" hasTotal="0">
<keys size="7">Instance, Module, min, max, min, max, Type</keys>
</table>
</item>
<item name = "Loop"><table name="" hasTotal="0">
<keys size="8">Loop Name, min, max, Latency, achieved, target, Count, Pipelined</keys>
<column name="- Xpose_Col_Outer_Loop_Xpose_Col_Inner_Loop">64, 64, 2, 1, 1, 64, yes</column>
</table>
</item>
</section>
</item>
</section>
</item>
</section>

<section name = "Utilization Estimates" level="0">
<item name = "Summary"><table name="" hasTotal="1">
<keys size="5">Name, BRAM_18K, DSP48E, FF, LUT</keys>
<column name="DSP">-, -, -, -</column>
<column name="Expression">-, -, 0, 44</column>
<column name="FIFO">-, -, -, -</column>
<column name="Instance">-, -, -, -</column>
<column name="Memory">-, -, -, -</column>
<column name="Multiplexer">-, -, -, 20</column>
<column name="Register">-, -, 30, -</column>
<specialColumn name="Available">280, 220, 106400, 53200</specialColumn>
<specialColumn name="Utilization (%)">0, 0, ~0, ~0</specialColumn>
</table>
</item>
<item name = "Detail">
<section name = "" level="1">
<item name = "Instance"><table name="" hasTotal="1">
<keys size="6">Instance, Module, BRAM_18K, DSP48E, FF, LUT</keys>
</table>
</item>
<item name = "DSP48"><table name="" hasTotal="0">
<keys size="3">Instance, Module, Expression</keys>
</table>
</item>
<item name = "Memory"><table name="" hasTotal="1">
<keys size="9">Memory, Module, BRAM_18K, FF, LUT, Words, Bits, Banks, W*Bits*Banks</keys>
</table>
</item>
<item name = "FIFO"><table name="" hasTotal="1">
<keys size="7">Name, BRAM_18K, FF, LUT, Depth, Bits, Size:D*B</keys>
</table>
</item>
<item name = "Expression"><table name="" hasTotal="1">
<keys size="7">Variable Name, Operation, DSP48E, FF, LUT, Bitwidth P0, Bitwidth P1</keys>
<column name="i_fu_169_p2">+, 0, 0, 4, 4, 1</column>
<column name="indvar_flatten_next_fu_108_p2">+, 0, 0, 7, 7, 1</column>
<column name="j_fu_114_p2">+, 0, 0, 4, 4, 1</column>
<column name="tmp_2_fu_158_p2">+, 0, 0, 8, 8, 8</column>
<column name="tmp_3_fu_189_p2">+, 0, 0, 8, 8, 8</column>
<column name="exitcond_flatten_fu_102_p2">icmp, 0, 0, 3, 7, 8</column>
<column name="tmp_s_fu_120_p2">icmp, 0, 0, 2, 4, 5</column>
<column name="i_3_i_mid2_fu_126_p3">select, 0, 0, 4, 1, 1</column>
<column name="j_1_i_cast5_mid2_v_fu_134_p3">select, 0, 0, 4, 1, 4</column>
</table>
</item>
<item name = "Multiplexer"><table name="" hasTotal="1">
<keys size="5">Name, LUT, Input Size, Bits, Total Bits</keys>
<column name="ap_NS_fsm">1, 4, 1, 4</column>
<column name="i_3_i_reg_91">4, 2, 4, 8</column>
<column name="indvar_flatten_reg_69">7, 2, 7, 14</column>
<column name="j_1_i_phi_fu_84_p4">4, 2, 4, 8</column>
<column name="j_1_i_reg_80">4, 2, 4, 8</column>
</table>
</item>
<item name = "Register"><table name="" hasTotal="1">
<keys size="5">Name, FF, LUT, Bits, Const Bits</keys>
<column name="ap_CS_fsm">3, 0, 3, 0</column>
<column name="ap_done_reg">1, 0, 1, 0</column>
<column name="ap_enable_reg_pp0_iter0">1, 0, 1, 0</column>
<column name="ap_enable_reg_pp0_iter1">1, 0, 1, 0</column>
<column name="exitcond_flatten_reg_200">1, 0, 1, 0</column>
<column name="i_3_i_mid2_reg_209">4, 0, 4, 0</column>
<column name="i_3_i_reg_91">4, 0, 4, 0</column>
<column name="indvar_flatten_reg_69">7, 0, 7, 0</column>
<column name="j_1_i_cast5_mid2_v_reg_214">4, 0, 4, 0</column>
<column name="j_1_i_reg_80">4, 0, 4, 0</column>
</table>
</item>
</section>
</item>
</section>

<section name = "Interface" level="0">
<item name = "Summary"><table name="" hasTotal="0">
<keys size="6">RTL Ports, Dir, Bits, Protocol, Source Object, C Type</keys>
<column name="ap_clk">in, 1, ap_ctrl_hs, Loop_Xpose_Col_Outer, return value</column>
<column name="ap_rst">in, 1, ap_ctrl_hs, Loop_Xpose_Col_Outer, return value</column>
<column name="ap_start">in, 1, ap_ctrl_hs, Loop_Xpose_Col_Outer, return value</column>
<column name="ap_done">out, 1, ap_ctrl_hs, Loop_Xpose_Col_Outer, return value</column>
<column name="ap_continue">in, 1, ap_ctrl_hs, Loop_Xpose_Col_Outer, return value</column>
<column name="ap_idle">out, 1, ap_ctrl_hs, Loop_Xpose_Col_Outer, return value</column>
<column name="ap_ready">out, 1, ap_ctrl_hs, Loop_Xpose_Col_Outer, return value</column>
<column name="col_outbuf_i_address0">out, 6, ap_memory, col_outbuf_i, array</column>
<column name="col_outbuf_i_ce0">out, 1, ap_memory, col_outbuf_i, array</column>
<column name="col_outbuf_i_q0">in, 16, ap_memory, col_outbuf_i, array</column>
<column name="buf_2d_out_address0">out, 6, ap_memory, buf_2d_out, array</column>
<column name="buf_2d_out_ce0">out, 1, ap_memory, buf_2d_out, array</column>
<column name="buf_2d_out_we0">out, 1, ap_memory, buf_2d_out, array</column>
<column name="buf_2d_out_d0">out, 16, ap_memory, buf_2d_out, array</column>
</table>
</item>
</section>
</profile>
