<stg><name>Loop_Xpose_Col_Outer</name>


<trans_list>

<trans id="40" from="1" to="2">
<condition id="23">
<or_exp><and_exp></and_exp></or_exp>
</condition>
</trans>

<trans id="47" from="2" to="4">
<condition id="30">
<or_exp><and_exp><literal name="exitcond_flatten" val="1"/>
</and_exp></or_exp>
</condition>
</trans>

<trans id="48" from="2" to="3">
<condition id="32">
<or_exp><and_exp><literal name="exitcond_flatten" val="0"/>
</and_exp></or_exp>
</condition>
</trans>

<trans id="46" from="3" to="2">
<condition id="31">
<or_exp><and_exp></and_exp></or_exp>
</condition>
</trans>
</trans_list>



<state_list>

<state id="1" st_id="1">

<operation id="5" st_id="1" stage="1" lat="1">
<core>NULL</core>
<MemPortIdVec></MemPortIdVec>
<condition id="20">
<or_exp><and_exp></and_exp></or_exp>
</condition>

<Node id="3" bw="0" op_0_bw="0">
<![CDATA[
newFuncRoot:0  br label %0

]]></Node>
<StgValue><ssdm name=""/></StgValue>
</operation>
</state>

<state id="2" st_id="2">

<operation id="6" st_id="2" stage="1" lat="1">
<core>NULL</core>
<MemPortIdVec></MemPortIdVec>
<condition id="-1">
<or_exp><and_exp></and_exp></or_exp>
</condition>

<Node id="5" bw="7" op_0_bw="7" op_1_bw="0">
<![CDATA[
:0  %indvar_flatten = phi i7 [ 0, %newFuncRoot ], [ %indvar_flatten_next, %.preheader.i ]

]]></Node>
<StgValue><ssdm name="indvar_flatten"/></StgValue>
</operation>

<operation id="7" st_id="2" stage="1" lat="1">
<core>NULL</core>
<MemPortIdVec></MemPortIdVec>
<condition id="-1">
<or_exp><and_exp></and_exp></or_exp>
</condition>

<Node id="6" bw="4" op_0_bw="4" op_1_bw="0">
<![CDATA[
:1  %j_1_i = phi i4 [ 0, %newFuncRoot ], [ %j_1_i_cast5_mid2_v, %.preheader.i ]

]]></Node>
<StgValue><ssdm name="j_1_i"/></StgValue>
</operation>

<operation id="8" st_id="2" stage="1" lat="1">
<core>NULL</core>
<MemPortIdVec></MemPortIdVec>
<condition id="-1">
<or_exp><and_exp></and_exp></or_exp>
</condition>

<Node id="7" bw="4" op_0_bw="4" op_1_bw="0">
<![CDATA[
:2  %i_3_i = phi i4 [ 0, %newFuncRoot ], [ %i, %.preheader.i ]

]]></Node>
<StgValue><ssdm name="i_3_i"/></StgValue>
</operation>

<operation id="9" st_id="2" stage="1" lat="1">
<core>Cmp</core>
<MemPortIdVec></MemPortIdVec>
<condition id="-1">
<or_exp><and_exp></and_exp></or_exp>
</condition>

<Node id="8" bw="1" op_0_bw="7" op_1_bw="7">
<![CDATA[
:3  %exitcond_flatten = icmp eq i7 %indvar_flatten, -64

]]></Node>
<StgValue><ssdm name="exitcond_flatten"/></StgValue>
</operation>

<operation id="10" st_id="2" stage="1" lat="1">
<core>AddSub</core>
<MemPortIdVec></MemPortIdVec>
<condition id="-1">
<or_exp><and_exp></and_exp></or_exp>
</condition>

<Node id="9" bw="7" op_0_bw="7" op_1_bw="7">
<![CDATA[
:4  %indvar_flatten_next = add i7 %indvar_flatten, 1

]]></Node>
<StgValue><ssdm name="indvar_flatten_next"/></StgValue>
</operation>

<operation id="11" st_id="2" stage="1" lat="1">
<core>NULL</core>
<MemPortIdVec></MemPortIdVec>
<condition id="-1">
<or_exp><and_exp></and_exp></or_exp>
</condition>

<Node id="10" bw="0" op_0_bw="1" op_1_bw="0" op_2_bw="0">
<![CDATA[
:5  br i1 %exitcond_flatten, label %dct_2d.exit.exitStub, label %.preheader.i

]]></Node>
<StgValue><ssdm name=""/></StgValue>
</operation>

<operation id="12" st_id="2" stage="1" lat="1">
<core>AddSub</core>
<MemPortIdVec></MemPortIdVec>
<condition id="0">
<or_exp><and_exp><literal name="exitcond_flatten" val="0"/>
</and_exp></or_exp>
</condition>

<Node id="12" bw="4" op_0_bw="4" op_1_bw="4">
<![CDATA[
.preheader.i:0  %j = add i4 %j_1_i, 1

]]></Node>
<StgValue><ssdm name="j"/></StgValue>
</operation>

<operation id="13" st_id="2" stage="1" lat="1">
<core>Cmp</core>
<MemPortIdVec></MemPortIdVec>
<condition id="0">
<or_exp><and_exp><literal name="exitcond_flatten" val="0"/>
</and_exp></or_exp>
</condition>

<Node id="15" bw="1" op_0_bw="4" op_1_bw="4">
<![CDATA[
.preheader.i:3  %tmp_s = icmp eq i4 %i_3_i, -8

]]></Node>
<StgValue><ssdm name="tmp_s"/></StgValue>
</operation>

<operation id="14" st_id="2" stage="1" lat="1">
<core>Sel</core>
<MemPortIdVec></MemPortIdVec>
<condition id="0">
<or_exp><and_exp><literal name="exitcond_flatten" val="0"/>
</and_exp></or_exp>
</condition>

<Node id="16" bw="4" op_0_bw="1" op_1_bw="4" op_2_bw="4">
<![CDATA[
.preheader.i:4  %i_3_i_mid2 = select i1 %tmp_s, i4 0, i4 %i_3_i

]]></Node>
<StgValue><ssdm name="i_3_i_mid2"/></StgValue>
</operation>

<operation id="15" st_id="2" stage="1" lat="1">
<core>Sel</core>
<MemPortIdVec></MemPortIdVec>
<condition id="0">
<or_exp><and_exp><literal name="exitcond_flatten" val="0"/>
</and_exp></or_exp>
</condition>

<Node id="17" bw="4" op_0_bw="1" op_1_bw="4" op_2_bw="4">
<![CDATA[
.preheader.i:5  %j_1_i_cast5_mid2_v = select i1 %tmp_s, i4 %j, i4 %j_1_i

]]></Node>
<StgValue><ssdm name="j_1_i_cast5_mid2_v"/></StgValue>
</operation>

<operation id="16" st_id="2" stage="1" lat="1">
<core>NULL</core>
<MemPortIdVec></MemPortIdVec>
<condition id="0">
<or_exp><and_exp><literal name="exitcond_flatten" val="0"/>
</and_exp></or_exp>
</condition>

<Node id="18" bw="8" op_0_bw="4">
<![CDATA[
.preheader.i:6  %j_1_i_cast5_mid2_cas = zext i4 %j_1_i_cast5_mid2_v to i8

]]></Node>
<StgValue><ssdm name="j_1_i_cast5_mid2_cas"/></StgValue>
</operation>

<operation id="17" st_id="2" stage="1" lat="1">
<core>NULL</core>
<MemPortIdVec></MemPortIdVec>
<condition id="0">
<or_exp><and_exp><literal name="exitcond_flatten" val="0"/>
</and_exp></or_exp>
</condition>

<Node id="22" bw="7" op_0_bw="7" op_1_bw="4" op_2_bw="3">
<![CDATA[
.preheader.i:10  %tmp_1 = call i7 @_ssdm_op_BitConcatenate.i7.i4.i3(i4 %i_3_i_mid2, i3 0)

]]></Node>
<StgValue><ssdm name="tmp_1"/></StgValue>
</operation>

<operation id="18" st_id="2" stage="1" lat="1">
<core>NULL</core>
<MemPortIdVec></MemPortIdVec>
<condition id="0">
<or_exp><and_exp><literal name="exitcond_flatten" val="0"/>
</and_exp></or_exp>
</condition>

<Node id="23" bw="8" op_0_bw="7">
<![CDATA[
.preheader.i:11  %tmp_12_cast = zext i7 %tmp_1 to i8

]]></Node>
<StgValue><ssdm name="tmp_12_cast"/></StgValue>
</operation>

<operation id="19" st_id="2" stage="1" lat="1">
<core>AddSub</core>
<MemPortIdVec></MemPortIdVec>
<condition id="0">
<or_exp><and_exp><literal name="exitcond_flatten" val="0"/>
</and_exp></or_exp>
</condition>

<Node id="24" bw="8" op_0_bw="8" op_1_bw="8">
<![CDATA[
.preheader.i:12  %tmp_2 = add i8 %j_1_i_cast5_mid2_cas, %tmp_12_cast

]]></Node>
<StgValue><ssdm name="tmp_2"/></StgValue>
</operation>

<operation id="20" st_id="2" stage="1" lat="1">
<core>NULL</core>
<MemPortIdVec></MemPortIdVec>
<condition id="0">
<or_exp><and_exp><literal name="exitcond_flatten" val="0"/>
</and_exp></or_exp>
</condition>

<Node id="25" bw="32" op_0_bw="8">
<![CDATA[
.preheader.i:13  %tmp_13_cast = zext i8 %tmp_2 to i32

]]></Node>
<StgValue><ssdm name="tmp_13_cast"/></StgValue>
</operation>

<operation id="21" st_id="2" stage="1" lat="1">
<core>NULL</core>
<MemPortIdVec></MemPortIdVec>
<condition id="0">
<or_exp><and_exp><literal name="exitcond_flatten" val="0"/>
</and_exp></or_exp>
</condition>

<Node id="26" bw="6" op_0_bw="16" op_1_bw="32" op_2_bw="32">
<![CDATA[
.preheader.i:14  %col_outbuf_i_addr = getelementptr [64 x i16]* %col_outbuf_i, i32 0, i32 %tmp_13_cast

]]></Node>
<StgValue><ssdm name="col_outbuf_i_addr"/></StgValue>
</operation>

<operation id="22" st_id="2" stage="2" lat="2">
<core>RAM</core>
<MemPortIdVec>0 </MemPortIdVec>
<condition id="0">
<or_exp><and_exp><literal name="exitcond_flatten" val="0"/>
</and_exp></or_exp>
</condition>

<Node id="33" bw="16" op_0_bw="6">
<![CDATA[
.preheader.i:21  %col_outbuf_i_load = load i16* %col_outbuf_i_addr, align 2

]]></Node>
<StgValue><ssdm name="col_outbuf_i_load"/></StgValue>
</operation>

<operation id="23" st_id="2" stage="1" lat="1">
<core>AddSub</core>
<MemPortIdVec></MemPortIdVec>
<condition id="0">
<or_exp><and_exp><literal name="exitcond_flatten" val="0"/>
</and_exp></or_exp>
</condition>

<Node id="36" bw="4" op_0_bw="4" op_1_bw="4">
<![CDATA[
.preheader.i:24  %i = add i4 %i_3_i_mid2, 1

]]></Node>
<StgValue><ssdm name="i"/></StgValue>
</operation>
</state>

<state id="3" st_id="3">

<operation id="24" st_id="3" stage="1" lat="1">
<core>NULL</core>
<MemPortIdVec></MemPortIdVec>
<condition id="0">
<or_exp><and_exp><literal name="exitcond_flatten" val="0"/>
</and_exp></or_exp>
</condition>

<Node id="13" bw="0" op_0_bw="0" op_1_bw="0">
<![CDATA[
.preheader.i:1  call void (...)* @_ssdm_op_SpecLoopName([42 x i8]* @Xpose_Col_Outer_Loop)

]]></Node>
<StgValue><ssdm name=""/></StgValue>
</operation>

<operation id="25" st_id="3" stage="1" lat="1">
<core>NULL</core>
<MemPortIdVec></MemPortIdVec>
<condition id="0">
<or_exp><and_exp><literal name="exitcond_flatten" val="0"/>
</and_exp></or_exp>
</condition>

<Node id="14" bw="32" op_0_bw="32" op_1_bw="64" op_2_bw="64" op_3_bw="64">
<![CDATA[
.preheader.i:2  %empty = call i32 (...)* @_ssdm_op_SpecLoopTripCount(i64 64, i64 64, i64 64) nounwind

]]></Node>
<StgValue><ssdm name="empty"/></StgValue>
</operation>

<operation id="26" st_id="3" stage="1" lat="1">
<core>NULL</core>
<MemPortIdVec></MemPortIdVec>
<condition id="0">
<or_exp><and_exp><literal name="exitcond_flatten" val="0"/>
</and_exp></or_exp>
</condition>

<Node id="19" bw="7" op_0_bw="7" op_1_bw="4" op_2_bw="3">
<![CDATA[
.preheader.i:7  %tmp = call i7 @_ssdm_op_BitConcatenate.i7.i4.i3(i4 %j_1_i_cast5_mid2_v, i3 0)

]]></Node>
<StgValue><ssdm name="tmp"/></StgValue>
</operation>

<operation id="27" st_id="3" stage="1" lat="1">
<core>NULL</core>
<MemPortIdVec></MemPortIdVec>
<condition id="0">
<or_exp><and_exp><literal name="exitcond_flatten" val="0"/>
</and_exp></or_exp>
</condition>

<Node id="20" bw="8" op_0_bw="7">
<![CDATA[
.preheader.i:8  %tmp_10_cast = zext i7 %tmp to i8

]]></Node>
<StgValue><ssdm name="tmp_10_cast"/></StgValue>
</operation>

<operation id="28" st_id="3" stage="1" lat="1">
<core>NULL</core>
<MemPortIdVec></MemPortIdVec>
<condition id="0">
<or_exp><and_exp><literal name="exitcond_flatten" val="0"/>
</and_exp></or_exp>
</condition>

<Node id="21" bw="8" op_0_bw="4">
<![CDATA[
.preheader.i:9  %i_3_i_cast4_cast = zext i4 %i_3_i_mid2 to i8

]]></Node>
<StgValue><ssdm name="i_3_i_cast4_cast"/></StgValue>
</operation>

<operation id="29" st_id="3" stage="1" lat="1">
<core>AddSub</core>
<MemPortIdVec></MemPortIdVec>
<condition id="0">
<or_exp><and_exp><literal name="exitcond_flatten" val="0"/>
</and_exp></or_exp>
</condition>

<Node id="27" bw="8" op_0_bw="8" op_1_bw="8">
<![CDATA[
.preheader.i:15  %tmp_3 = add i8 %i_3_i_cast4_cast, %tmp_10_cast

]]></Node>
<StgValue><ssdm name="tmp_3"/></StgValue>
</operation>

<operation id="30" st_id="3" stage="1" lat="1">
<core>NULL</core>
<MemPortIdVec></MemPortIdVec>
<condition id="0">
<or_exp><and_exp><literal name="exitcond_flatten" val="0"/>
</and_exp></or_exp>
</condition>

<Node id="28" bw="32" op_0_bw="8">
<![CDATA[
.preheader.i:16  %tmp_14_cast = zext i8 %tmp_3 to i32

]]></Node>
<StgValue><ssdm name="tmp_14_cast"/></StgValue>
</operation>

<operation id="31" st_id="3" stage="1" lat="1">
<core>NULL</core>
<MemPortIdVec></MemPortIdVec>
<condition id="0">
<or_exp><and_exp><literal name="exitcond_flatten" val="0"/>
</and_exp></or_exp>
</condition>

<Node id="29" bw="6" op_0_bw="16" op_1_bw="32" op_2_bw="32">
<![CDATA[
.preheader.i:17  %buf_2d_out_addr = getelementptr [64 x i16]* %buf_2d_out, i32 0, i32 %tmp_14_cast

]]></Node>
<StgValue><ssdm name="buf_2d_out_addr"/></StgValue>
</operation>

<operation id="32" st_id="3" stage="1" lat="1">
<core>NULL</core>
<MemPortIdVec></MemPortIdVec>
<condition id="0">
<or_exp><and_exp><literal name="exitcond_flatten" val="0"/>
</and_exp></or_exp>
</condition>

<Node id="30" bw="0" op_0_bw="0" op_1_bw="0">
<![CDATA[
.preheader.i:18  call void (...)* @_ssdm_op_SpecLoopName([21 x i8]* @p_str9) nounwind

]]></Node>
<StgValue><ssdm name=""/></StgValue>
</operation>

<operation id="33" st_id="3" stage="1" lat="1">
<core>NULL</core>
<MemPortIdVec></MemPortIdVec>
<condition id="0">
<or_exp><and_exp><literal name="exitcond_flatten" val="0"/>
</and_exp></or_exp>
</condition>

<Node id="31" bw="32" op_0_bw="32" op_1_bw="0">
<![CDATA[
.preheader.i:19  %tmp_6 = call i32 (...)* @_ssdm_op_SpecRegionBegin([21 x i8]* @p_str9) nounwind

]]></Node>
<StgValue><ssdm name="tmp_6"/></StgValue>
</operation>

<operation id="34" st_id="3" stage="1" lat="1">
<core>NULL</core>
<MemPortIdVec></MemPortIdVec>
<condition id="0">
<or_exp><and_exp><literal name="exitcond_flatten" val="0"/>
</and_exp></or_exp>
</condition>

<Node id="32" bw="0" op_0_bw="0" op_1_bw="32" op_2_bw="32" op_3_bw="32" op_4_bw="32" op_5_bw="0">
<![CDATA[
.preheader.i:20  call void (...)* @_ssdm_op_SpecPipeline(i32 -1, i32 1, i32 1, i32 0, [1 x i8]* @p_str1) nounwind

]]></Node>
<StgValue><ssdm name=""/></StgValue>
</operation>

<operation id="35" st_id="3" stage="1" lat="2">
<core>RAM</core>
<MemPortIdVec>0 </MemPortIdVec>
<condition id="0">
<or_exp><and_exp><literal name="exitcond_flatten" val="0"/>
</and_exp></or_exp>
</condition>

<Node id="33" bw="16" op_0_bw="6">
<![CDATA[
.preheader.i:21  %col_outbuf_i_load = load i16* %col_outbuf_i_addr, align 2

]]></Node>
<StgValue><ssdm name="col_outbuf_i_load"/></StgValue>
</operation>

<operation id="36" st_id="3" stage="1" lat="1">
<core>RAM</core>
<MemPortIdVec>0 </MemPortIdVec>
<condition id="0">
<or_exp><and_exp><literal name="exitcond_flatten" val="0"/>
</and_exp></or_exp>
</condition>

<Node id="34" bw="0" op_0_bw="16" op_1_bw="6">
<![CDATA[
.preheader.i:22  store i16 %col_outbuf_i_load, i16* %buf_2d_out_addr, align 2

]]></Node>
<StgValue><ssdm name=""/></StgValue>
</operation>

<operation id="37" st_id="3" stage="1" lat="1">
<core>NULL</core>
<MemPortIdVec></MemPortIdVec>
<condition id="0">
<or_exp><and_exp><literal name="exitcond_flatten" val="0"/>
</and_exp></or_exp>
</condition>

<Node id="35" bw="32" op_0_bw="32" op_1_bw="0" op_2_bw="32">
<![CDATA[
.preheader.i:23  %empty_27 = call i32 (...)* @_ssdm_op_SpecRegionEnd([21 x i8]* @p_str9, i32 %tmp_6) nounwind

]]></Node>
<StgValue><ssdm name="empty_27"/></StgValue>
</operation>

<operation id="38" st_id="3" stage="1" lat="1">
<core>NULL</core>
<MemPortIdVec></MemPortIdVec>
<condition id="0">
<or_exp><and_exp><literal name="exitcond_flatten" val="0"/>
</and_exp></or_exp>
</condition>

<Node id="37" bw="0" op_0_bw="0">
<![CDATA[
.preheader.i:25  br label %0

]]></Node>
<StgValue><ssdm name=""/></StgValue>
</operation>
</state>

<state id="4" st_id="4">

<operation id="39" st_id="4" stage="1" lat="1">
<core>NULL</core>
<MemPortIdVec></MemPortIdVec>
<condition id="21">
<or_exp><and_exp></and_exp></or_exp>
</condition>

<Node id="39" bw="0">
<![CDATA[
dct_2d.exit.exitStub:0  ret void

]]></Node>
<StgValue><ssdm name=""/></StgValue>
</operation>
</state>
</state_list>


<ports>
<port id="49" name="col_outbuf_i" dir="0" iftype="1">
<core>RAM</core><StgValue><ssdm name="col_outbuf_i"/><MemPortTyVec>1 3 </MemPortTyVec>
</StgValue>
</port>
<port id="50" name="buf_2d_out" dir="1" iftype="1">
<core>RAM</core><StgValue><ssdm name="buf_2d_out"/><MemPortTyVec>0 3 </MemPortTyVec>
</StgValue>
</port>
</ports>


<dataflows>
<dataflow id="52" from="StgValue_51" to="indvar_flatten" fromId="51" toId="6">
<condition id="37">
<or_exp><and_exp></and_exp></or_exp>
</condition>
</dataflow>
<dataflow id="53" from="StgValue_5" to="indvar_flatten" fromId="5" toId="6">
</dataflow>
<dataflow id="54" from="indvar_flatten_next" to="indvar_flatten" fromId="10" toId="6">
<BackEdge/>
<condition id="38">
<or_exp><and_exp><literal name="exitcond_flatten" val="0"/>
</and_exp></or_exp>
</condition>
</dataflow>
<dataflow id="55" from="StgValue_38" to="indvar_flatten" fromId="38" toId="6">
<BackEdge/>
</dataflow>
<dataflow id="57" from="StgValue_56" to="j_1_i" fromId="56" toId="7">
<condition id="39">
<or_exp><and_exp></and_exp></or_exp>
</condition>
</dataflow>
<dataflow id="58" from="StgValue_5" to="j_1_i" fromId="5" toId="7">
</dataflow>
<dataflow id="59" from="j_1_i_cast5_mid2_v" to="j_1_i" fromId="15" toId="7">
<BackEdge/>
<condition id="40">
<or_exp><and_exp><literal name="exitcond_flatten" val="0"/>
</and_exp></or_exp>
</condition>
</dataflow>
<dataflow id="60" from="StgValue_38" to="j_1_i" fromId="38" toId="7">
<BackEdge/>
</dataflow>
<dataflow id="61" from="StgValue_56" to="i_3_i" fromId="56" toId="8">
<condition id="41">
<or_exp><and_exp></and_exp></or_exp>
</condition>
</dataflow>
<dataflow id="62" from="StgValue_5" to="i_3_i" fromId="5" toId="8">
</dataflow>
<dataflow id="63" from="i" to="i_3_i" fromId="23" toId="8">
<BackEdge/>
<condition id="42">
<or_exp><and_exp><literal name="exitcond_flatten" val="0"/>
</and_exp></or_exp>
</condition>
</dataflow>
<dataflow id="64" from="StgValue_38" to="i_3_i" fromId="38" toId="8">
<BackEdge/>
</dataflow>
<dataflow id="65" from="indvar_flatten" to="exitcond_flatten" fromId="6" toId="9">
</dataflow>
<dataflow id="67" from="StgValue_66" to="exitcond_flatten" fromId="66" toId="9">
</dataflow>
<dataflow id="68" from="indvar_flatten" to="indvar_flatten_next" fromId="6" toId="10">
</dataflow>
<dataflow id="70" from="StgValue_69" to="indvar_flatten_next" fromId="69" toId="10">
</dataflow>
<dataflow id="71" from="exitcond_flatten" to="StgValue_11" fromId="9" toId="11">
</dataflow>
<dataflow id="72" from="j_1_i" to="j" fromId="7" toId="12">
</dataflow>
<dataflow id="74" from="StgValue_73" to="j" fromId="73" toId="12">
</dataflow>
<dataflow id="75" from="i_3_i" to="tmp_s" fromId="8" toId="13">
</dataflow>
<dataflow id="77" from="StgValue_76" to="tmp_s" fromId="76" toId="13">
</dataflow>
<dataflow id="78" from="tmp_s" to="i_3_i_mid2" fromId="13" toId="14">
</dataflow>
<dataflow id="79" from="StgValue_56" to="i_3_i_mid2" fromId="56" toId="14">
</dataflow>
<dataflow id="80" from="i_3_i" to="i_3_i_mid2" fromId="8" toId="14">
</dataflow>
<dataflow id="81" from="tmp_s" to="j_1_i_cast5_mid2_v" fromId="13" toId="15">
</dataflow>
<dataflow id="82" from="j" to="j_1_i_cast5_mid2_v" fromId="12" toId="15">
</dataflow>
<dataflow id="83" from="j_1_i" to="j_1_i_cast5_mid2_v" fromId="7" toId="15">
</dataflow>
<dataflow id="84" from="j_1_i_cast5_mid2_v" to="j_1_i_cast5_mid2_cas" fromId="15" toId="16">
</dataflow>
<dataflow id="86" from="_ssdm_op_BitConcatenate.i7.i4.i3" to="tmp_1" fromId="85" toId="17">
</dataflow>
<dataflow id="87" from="i_3_i_mid2" to="tmp_1" fromId="14" toId="17">
</dataflow>
<dataflow id="89" from="StgValue_88" to="tmp_1" fromId="88" toId="17">
</dataflow>
<dataflow id="90" from="tmp_1" to="tmp_12_cast" fromId="17" toId="18">
</dataflow>
<dataflow id="91" from="j_1_i_cast5_mid2_cas" to="tmp_2" fromId="16" toId="19">
</dataflow>
<dataflow id="92" from="tmp_12_cast" to="tmp_2" fromId="18" toId="19">
</dataflow>
<dataflow id="93" from="tmp_2" to="tmp_13_cast" fromId="19" toId="20">
</dataflow>
<dataflow id="94" from="col_outbuf_i" to="col_outbuf_i_addr" fromId="49" toId="21">
</dataflow>
<dataflow id="96" from="StgValue_95" to="col_outbuf_i_addr" fromId="95" toId="21">
</dataflow>
<dataflow id="97" from="tmp_13_cast" to="col_outbuf_i_addr" fromId="20" toId="21">
</dataflow>
<dataflow id="98" from="col_outbuf_i_addr" to="col_outbuf_i_load" fromId="21" toId="22">
</dataflow>
<dataflow id="99" from="i_3_i_mid2" to="i" fromId="14" toId="23">
</dataflow>
<dataflow id="100" from="StgValue_73" to="i" fromId="73" toId="23">
</dataflow>
<dataflow id="102" from="_ssdm_op_SpecLoopName" to="StgValue_24" fromId="101" toId="24">
</dataflow>
<dataflow id="104" from="Xpose_Col_Outer_Loop" to="StgValue_24" fromId="103" toId="24">
</dataflow>
<dataflow id="106" from="_ssdm_op_SpecLoopTripCount" to="empty" fromId="105" toId="25">
</dataflow>
<dataflow id="108" from="StgValue_107" to="empty" fromId="107" toId="25">
</dataflow>
<dataflow id="109" from="StgValue_107" to="empty" fromId="107" toId="25">
</dataflow>
<dataflow id="110" from="StgValue_107" to="empty" fromId="107" toId="25">
</dataflow>
<dataflow id="111" from="_ssdm_op_BitConcatenate.i7.i4.i3" to="tmp" fromId="85" toId="26">
</dataflow>
<dataflow id="112" from="j_1_i_cast5_mid2_v" to="tmp" fromId="15" toId="26">
</dataflow>
<dataflow id="113" from="StgValue_88" to="tmp" fromId="88" toId="26">
</dataflow>
<dataflow id="114" from="tmp" to="tmp_10_cast" fromId="26" toId="27">
</dataflow>
<dataflow id="115" from="i_3_i_mid2" to="i_3_i_cast4_cast" fromId="14" toId="28">
</dataflow>
<dataflow id="116" from="i_3_i_cast4_cast" to="tmp_3" fromId="28" toId="29">
</dataflow>
<dataflow id="117" from="tmp_10_cast" to="tmp_3" fromId="27" toId="29">
</dataflow>
<dataflow id="118" from="tmp_3" to="tmp_14_cast" fromId="29" toId="30">
</dataflow>
<dataflow id="119" from="buf_2d_out" to="buf_2d_out_addr" fromId="50" toId="31">
</dataflow>
<dataflow id="120" from="StgValue_95" to="buf_2d_out_addr" fromId="95" toId="31">
</dataflow>
<dataflow id="121" from="tmp_14_cast" to="buf_2d_out_addr" fromId="30" toId="31">
</dataflow>
<dataflow id="122" from="_ssdm_op_SpecLoopName" to="StgValue_32" fromId="101" toId="32">
</dataflow>
<dataflow id="124" from="p_str9" to="StgValue_32" fromId="123" toId="32">
</dataflow>
<dataflow id="126" from="_ssdm_op_SpecRegionBegin" to="tmp_6" fromId="125" toId="33">
</dataflow>
<dataflow id="127" from="p_str9" to="tmp_6" fromId="123" toId="33">
</dataflow>
<dataflow id="129" from="_ssdm_op_SpecPipeline" to="StgValue_34" fromId="128" toId="34">
</dataflow>
<dataflow id="131" from="StgValue_130" to="StgValue_34" fromId="130" toId="34">
</dataflow>
<dataflow id="133" from="StgValue_132" to="StgValue_34" fromId="132" toId="34">
</dataflow>
<dataflow id="134" from="StgValue_132" to="StgValue_34" fromId="132" toId="34">
</dataflow>
<dataflow id="135" from="StgValue_95" to="StgValue_34" fromId="95" toId="34">
</dataflow>
<dataflow id="137" from="p_str1" to="StgValue_34" fromId="136" toId="34">
</dataflow>
<dataflow id="138" from="col_outbuf_i_addr" to="col_outbuf_i_load" fromId="21" toId="35">
</dataflow>
<dataflow id="139" from="col_outbuf_i_load" to="StgValue_36" fromId="35" toId="36">
</dataflow>
<dataflow id="140" from="buf_2d_out_addr" to="StgValue_36" fromId="31" toId="36">
</dataflow>
<dataflow id="142" from="_ssdm_op_SpecRegionEnd" to="empty_27" fromId="141" toId="37">
</dataflow>
<dataflow id="143" from="p_str9" to="empty_27" fromId="123" toId="37">
</dataflow>
<dataflow id="144" from="tmp_6" to="empty_27" fromId="33" toId="37">
</dataflow>
<dataflow id="145" from="exitcond_flatten" to="StgValue_2" fromId="9" toId="2">
</dataflow>
<dataflow id="146" from="exitcond_flatten" to="StgValue_3" fromId="9" toId="3">
</dataflow>
</dataflows>


</stg>
