<stg><name>Loop_Col_DCT_Loop_pr</name>


<trans_list>

<trans id="93" from="1" to="2">
<condition id="17">
<or_exp><and_exp></and_exp></or_exp>
</condition>
</trans>

<trans id="94" from="2" to="3">
<condition id="19">
<or_exp><and_exp><literal name="tmp_5" val="0"/>
</and_exp></or_exp>
</condition>
</trans>

<trans id="108" from="3" to="8">
<condition id="31">
<or_exp><and_exp><literal name="tmp_i" val="1"/>
</and_exp></or_exp>
</condition>
</trans>

<trans id="109" from="3" to="4">
<condition id="36">
<or_exp><and_exp><literal name="tmp_i" val="0"/>
</and_exp></or_exp>
</condition>
</trans>

<trans id="104" from="4" to="5">
<condition id="32">
<or_exp><and_exp></and_exp></or_exp>
</condition>
</trans>

<trans id="105" from="5" to="6">
<condition id="33">
<or_exp><and_exp></and_exp></or_exp>
</condition>
</trans>

<trans id="106" from="6" to="7">
<condition id="34">
<or_exp><and_exp></and_exp></or_exp>
</condition>
</trans>

<trans id="107" from="7" to="3">
<condition id="35">
<or_exp><and_exp></and_exp></or_exp>
</condition>
</trans>

<trans id="102" from="8" to="2">
<condition id="30">
<or_exp><and_exp></and_exp></or_exp>
</condition>
</trans>
</trans_list>



<state_list>

<state id="1" st_id="1">

<operation id="9" st_id="1" stage="1" lat="1">
<core>NULL</core>
<MemPortIdVec></MemPortIdVec>
<condition id="9">
<or_exp><and_exp></and_exp></or_exp>
</condition>

<Node id="4" bw="0" op_0_bw="0">
<![CDATA[
newFuncRoot:0  br label %.preheader1.i

]]></Node>
<StgValue><ssdm name=""/></StgValue>
</operation>
</state>

<state id="2" st_id="2">

<operation id="10" st_id="2" stage="1" lat="1">
<core>NULL</core>
<MemPortIdVec></MemPortIdVec>
<condition id="10">
<or_exp><and_exp></and_exp></or_exp>
</condition>

<Node id="6" bw="4" op_0_bw="4" op_1_bw="0">
<![CDATA[
.preheader1.i:0  %i_2_i = phi i4 [ 0, %newFuncRoot ], [ %i, %.preheader1.i.loopexit ]

]]></Node>
<StgValue><ssdm name="i_2_i"/></StgValue>
</operation>

<operation id="11" st_id="2" stage="1" lat="1">
<core>Cmp</core>
<MemPortIdVec></MemPortIdVec>
<condition id="10">
<or_exp><and_exp></and_exp></or_exp>
</condition>

<Node id="7" bw="1" op_0_bw="4" op_1_bw="4">
<![CDATA[
.preheader1.i:1  %tmp_5 = icmp eq i4 %i_2_i, -8

]]></Node>
<StgValue><ssdm name="tmp_5"/></StgValue>
</operation>

<operation id="12" st_id="2" stage="1" lat="1">
<core>AddSub</core>
<MemPortIdVec></MemPortIdVec>
<condition id="10">
<or_exp><and_exp></and_exp></or_exp>
</condition>

<Node id="8" bw="4" op_0_bw="4" op_1_bw="4">
<![CDATA[
.preheader1.i:2  %i = add i4 %i_2_i, 1

]]></Node>
<StgValue><ssdm name="i"/></StgValue>
</operation>

<operation id="13" st_id="2" stage="1" lat="1">
<core>NULL</core>
<MemPortIdVec></MemPortIdVec>
<condition id="10">
<or_exp><and_exp></and_exp></or_exp>
</condition>

<Node id="9" bw="0" op_0_bw="1" op_1_bw="0" op_2_bw="0">
<![CDATA[
.preheader1.i:3  br i1 %tmp_5, label %.preheader.i.exitStub, label %0

]]></Node>
<StgValue><ssdm name=""/></StgValue>
</operation>

<operation id="14" st_id="2" stage="1" lat="1">
<core>NULL</core>
<MemPortIdVec></MemPortIdVec>
<condition id="12">
<or_exp><and_exp><literal name="tmp_5" val="0"/>
</and_exp></or_exp>
</condition>

<Node id="11" bw="32" op_0_bw="32" op_1_bw="64" op_2_bw="64" op_3_bw="64">
<![CDATA[
:0  %empty = call i32 (...)* @_ssdm_op_SpecLoopTripCount(i64 8, i64 8, i64 8) nounwind

]]></Node>
<StgValue><ssdm name="empty"/></StgValue>
</operation>

<operation id="15" st_id="2" stage="1" lat="1">
<core>NULL</core>
<MemPortIdVec></MemPortIdVec>
<condition id="12">
<or_exp><and_exp><literal name="tmp_5" val="0"/>
</and_exp></or_exp>
</condition>

<Node id="12" bw="0" op_0_bw="0" op_1_bw="0">
<![CDATA[
:1  call void (...)* @_ssdm_op_SpecLoopName([13 x i8]* @p_str7) nounwind

]]></Node>
<StgValue><ssdm name=""/></StgValue>
</operation>

<operation id="16" st_id="2" stage="1" lat="1">
<core>NULL</core>
<MemPortIdVec></MemPortIdVec>
<condition id="12">
<or_exp><and_exp><literal name="tmp_5" val="0"/>
</and_exp></or_exp>
</condition>

<Node id="13" bw="32" op_0_bw="4">
<![CDATA[
:2  %i_2_i1_cast_i = zext i4 %i_2_i to i32

]]></Node>
<StgValue><ssdm name="i_2_i1_cast_i"/></StgValue>
</operation>

<operation id="17" st_id="2" stage="1" lat="1">
<core>NULL</core>
<MemPortIdVec></MemPortIdVec>
<condition id="12">
<or_exp><and_exp><literal name="tmp_5" val="0"/>
</and_exp></or_exp>
</condition>

<Node id="14" bw="7" op_0_bw="7" op_1_bw="4" op_2_bw="3">
<![CDATA[
:3  %tmp_s = call i7 @_ssdm_op_BitConcatenate.i7.i4.i3(i4 %i_2_i, i3 0)

]]></Node>
<StgValue><ssdm name="tmp_s"/></StgValue>
</operation>

<operation id="18" st_id="2" stage="1" lat="1">
<core>NULL</core>
<MemPortIdVec></MemPortIdVec>
<condition id="12">
<or_exp><and_exp><literal name="tmp_5" val="0"/>
</and_exp></or_exp>
</condition>

<Node id="15" bw="8" op_0_bw="7">
<![CDATA[
:4  %tmp_19_cast = zext i7 %tmp_s to i8

]]></Node>
<StgValue><ssdm name="tmp_19_cast"/></StgValue>
</operation>

<operation id="19" st_id="2" stage="1" lat="1">
<core>NULL</core>
<MemPortIdVec></MemPortIdVec>
<condition id="12">
<or_exp><and_exp><literal name="tmp_5" val="0"/>
</and_exp></or_exp>
</condition>

<Node id="16" bw="3" op_0_bw="128" op_1_bw="32" op_2_bw="32">
<![CDATA[
:5  %col_inbuf_addr = getelementptr [8 x i128]* %col_inbuf, i32 0, i32 %i_2_i1_cast_i

]]></Node>
<StgValue><ssdm name="col_inbuf_addr"/></StgValue>
</operation>

<operation id="20" st_id="2" stage="1" lat="1">
<core>NULL</core>
<MemPortIdVec></MemPortIdVec>
<condition id="12">
<or_exp><and_exp><literal name="tmp_5" val="0"/>
</and_exp></or_exp>
</condition>

<Node id="17" bw="0" op_0_bw="0">
<![CDATA[
:6  br label %1

]]></Node>
<StgValue><ssdm name=""/></StgValue>
</operation>

<operation id="21" st_id="2" stage="1" lat="1">
<core>NULL</core>
<MemPortIdVec></MemPortIdVec>
<condition id="14">
<or_exp><and_exp><literal name="tmp_5" val="1"/>
</and_exp></or_exp>
</condition>

<Node id="91" bw="0">
<![CDATA[
.preheader.i.exitStub:0  ret void

]]></Node>
<StgValue><ssdm name=""/></StgValue>
</operation>
</state>

<state id="3" st_id="3">

<operation id="22" st_id="3" stage="1" lat="1">
<core>NULL</core>
<MemPortIdVec></MemPortIdVec>
<condition id="-1">
<or_exp><and_exp></and_exp></or_exp>
</condition>

<Node id="19" bw="4" op_0_bw="4" op_1_bw="0">
<![CDATA[
:0  %k_i = phi i4 [ 0, %0 ], [ %k, %2 ]

]]></Node>
<StgValue><ssdm name="k_i"/></StgValue>
</operation>

<operation id="23" st_id="3" stage="1" lat="1">
<core>Cmp</core>
<MemPortIdVec></MemPortIdVec>
<condition id="-1">
<or_exp><and_exp></and_exp></or_exp>
</condition>

<Node id="20" bw="1" op_0_bw="4" op_1_bw="4">
<![CDATA[
:1  %tmp_i = icmp eq i4 %k_i, -8

]]></Node>
<StgValue><ssdm name="tmp_i"/></StgValue>
</operation>

<operation id="24" st_id="3" stage="1" lat="1">
<core>AddSub</core>
<MemPortIdVec></MemPortIdVec>
<condition id="-1">
<or_exp><and_exp></and_exp></or_exp>
</condition>

<Node id="21" bw="4" op_0_bw="4" op_1_bw="4">
<![CDATA[
:2  %k = add i4 %k_i, 1

]]></Node>
<StgValue><ssdm name="k"/></StgValue>
</operation>

<operation id="25" st_id="3" stage="1" lat="1">
<core>NULL</core>
<MemPortIdVec></MemPortIdVec>
<condition id="-1">
<or_exp><and_exp></and_exp></or_exp>
</condition>

<Node id="22" bw="0" op_0_bw="1" op_1_bw="0" op_2_bw="0">
<![CDATA[
:3  br i1 %tmp_i, label %.preheader1.i.loopexit, label %2

]]></Node>
<StgValue><ssdm name=""/></StgValue>
</operation>

<operation id="26" st_id="3" stage="1" lat="1">
<core>NULL</core>
<MemPortIdVec></MemPortIdVec>
<condition id="0">
<or_exp><and_exp><literal name="tmp_i" val="0"/>
</and_exp></or_exp>
</condition>

<Node id="24" bw="32" op_0_bw="4">
<![CDATA[
:0  %k_cast1_i = zext i4 %k_i to i32

]]></Node>
<StgValue><ssdm name="k_cast1_i"/></StgValue>
</operation>

<operation id="27" st_id="3" stage="1" lat="1">
<core>NULL</core>
<MemPortIdVec></MemPortIdVec>
<condition id="0">
<or_exp><and_exp><literal name="tmp_i" val="0"/>
</and_exp></or_exp>
</condition>

<Node id="25" bw="8" op_0_bw="4">
<![CDATA[
:1  %k_cast1_i_cast = zext i4 %k_i to i8

]]></Node>
<StgValue><ssdm name="k_cast1_i_cast"/></StgValue>
</operation>

<operation id="28" st_id="3" stage="1" lat="1">
<core>AddSub</core>
<MemPortIdVec></MemPortIdVec>
<condition id="0">
<or_exp><and_exp><literal name="tmp_i" val="0"/>
</and_exp></or_exp>
</condition>

<Node id="26" bw="8" op_0_bw="8" op_1_bw="8">
<![CDATA[
:2  %tmp_6 = add i8 %k_cast1_i_cast, %tmp_19_cast

]]></Node>
<StgValue><ssdm name="tmp_6"/></StgValue>
</operation>

<operation id="29" st_id="3" stage="1" lat="1">
<core>NULL</core>
<MemPortIdVec></MemPortIdVec>
<condition id="0">
<or_exp><and_exp><literal name="tmp_i" val="0"/>
</and_exp></or_exp>
</condition>

<Node id="33" bw="3" op_0_bw="127" op_1_bw="32" op_2_bw="32">
<![CDATA[
:9  %dct_coeff_table_addr = getelementptr [8 x i127]* @dct_coeff_table, i32 0, i32 %k_cast1_i

]]></Node>
<StgValue><ssdm name="dct_coeff_table_addr"/></StgValue>
</operation>

<operation id="30" st_id="3" stage="2" lat="2">
<core>ROM_nP</core>
<MemPortIdVec>0 </MemPortIdVec>
<condition id="0">
<or_exp><and_exp><literal name="tmp_i" val="0"/>
</and_exp></or_exp>
</condition>

<Node id="34" bw="127" op_0_bw="3">
<![CDATA[
:10  %dct_coeff_table_load = load i127* %dct_coeff_table_addr, align 16

]]></Node>
<StgValue><ssdm name="dct_coeff_table_load"/></StgValue>
</operation>

<operation id="31" st_id="3" stage="2" lat="2">
<core>RAM</core>
<MemPortIdVec>0 </MemPortIdVec>
<condition id="0">
<or_exp><and_exp><literal name="tmp_i" val="0"/>
</and_exp></or_exp>
</condition>

<Node id="37" bw="128" op_0_bw="3">
<![CDATA[
:13  %col_inbuf_load = load i128* %col_inbuf_addr, align 8

]]></Node>
<StgValue><ssdm name="col_inbuf_load"/></StgValue>
</operation>
</state>

<state id="4" st_id="4">

<operation id="32" st_id="4" stage="1" lat="2">
<core>ROM_nP</core>
<MemPortIdVec>0 </MemPortIdVec>
<condition id="0">
<or_exp><and_exp><literal name="tmp_i" val="0"/>
</and_exp></or_exp>
</condition>

<Node id="34" bw="127" op_0_bw="3">
<![CDATA[
:10  %dct_coeff_table_load = load i127* %dct_coeff_table_addr, align 16

]]></Node>
<StgValue><ssdm name="dct_coeff_table_load"/></StgValue>
</operation>

<operation id="33" st_id="4" stage="1" lat="1">
<core>NULL</core>
<MemPortIdVec></MemPortIdVec>
<condition id="0">
<or_exp><and_exp><literal name="tmp_i" val="0"/>
</and_exp></or_exp>
</condition>

<Node id="35" bw="16" op_0_bw="127">
<![CDATA[
:11  %tmp_51 = trunc i127 %dct_coeff_table_load to i16

]]></Node>
<StgValue><ssdm name="tmp_51"/></StgValue>
</operation>

<operation id="34" st_id="4" stage="1" lat="2">
<core>RAM</core>
<MemPortIdVec>0 </MemPortIdVec>
<condition id="0">
<or_exp><and_exp><literal name="tmp_i" val="0"/>
</and_exp></or_exp>
</condition>

<Node id="37" bw="128" op_0_bw="3">
<![CDATA[
:13  %col_inbuf_load = load i128* %col_inbuf_addr, align 8

]]></Node>
<StgValue><ssdm name="col_inbuf_load"/></StgValue>
</operation>

<operation id="35" st_id="4" stage="1" lat="1">
<core>NULL</core>
<MemPortIdVec></MemPortIdVec>
<condition id="0">
<or_exp><and_exp><literal name="tmp_i" val="0"/>
</and_exp></or_exp>
</condition>

<Node id="38" bw="16" op_0_bw="128">
<![CDATA[
:14  %tmp_52 = trunc i128 %col_inbuf_load to i16

]]></Node>
<StgValue><ssdm name="tmp_52"/></StgValue>
</operation>

<operation id="36" st_id="4" stage="1" lat="1">
<core>NULL</core>
<MemPortIdVec></MemPortIdVec>
<condition id="0">
<or_exp><and_exp><literal name="tmp_i" val="0"/>
</and_exp></or_exp>
</condition>

<Node id="41" bw="16" op_0_bw="16" op_1_bw="127" op_2_bw="32" op_3_bw="32">
<![CDATA[
:17  %tmp_6_i = call i16 @_ssdm_op_PartSelect.i16.i127.i32.i32(i127 %dct_coeff_table_load, i32 16, i32 31) nounwind

]]></Node>
<StgValue><ssdm name="tmp_6_i"/></StgValue>
</operation>

<operation id="37" st_id="4" stage="1" lat="1">
<core>NULL</core>
<MemPortIdVec></MemPortIdVec>
<condition id="0">
<or_exp><and_exp><literal name="tmp_i" val="0"/>
</and_exp></or_exp>
</condition>

<Node id="43" bw="16" op_0_bw="16" op_1_bw="128" op_2_bw="9" op_3_bw="9">
<![CDATA[
:19  %tmp_7_i = call i16 @_ssdm_op_PartSelect.i16.i128.i9.i9(i128 %col_inbuf_load, i9 16, i9 31) nounwind

]]></Node>
<StgValue><ssdm name="tmp_7_i"/></StgValue>
</operation>

<operation id="38" st_id="4" stage="1" lat="1">
<core>NULL</core>
<MemPortIdVec></MemPortIdVec>
<condition id="0">
<or_exp><and_exp><literal name="tmp_i" val="0"/>
</and_exp></or_exp>
</condition>

<Node id="46" bw="16" op_0_bw="16" op_1_bw="127" op_2_bw="32" op_3_bw="32">
<![CDATA[
:22  %tmp_8_i = call i16 @_ssdm_op_PartSelect.i16.i127.i32.i32(i127 %dct_coeff_table_load, i32 32, i32 47) nounwind

]]></Node>
<StgValue><ssdm name="tmp_8_i"/></StgValue>
</operation>

<operation id="39" st_id="4" stage="1" lat="1">
<core>NULL</core>
<MemPortIdVec></MemPortIdVec>
<condition id="0">
<or_exp><and_exp><literal name="tmp_i" val="0"/>
</and_exp></or_exp>
</condition>

<Node id="48" bw="16" op_0_bw="16" op_1_bw="128" op_2_bw="9" op_3_bw="9">
<![CDATA[
:24  %tmp_10_i = call i16 @_ssdm_op_PartSelect.i16.i128.i9.i9(i128 %col_inbuf_load, i9 32, i9 47) nounwind

]]></Node>
<StgValue><ssdm name="tmp_10_i"/></StgValue>
</operation>

<operation id="40" st_id="4" stage="1" lat="1">
<core>NULL</core>
<MemPortIdVec></MemPortIdVec>
<condition id="0">
<or_exp><and_exp><literal name="tmp_i" val="0"/>
</and_exp></or_exp>
</condition>

<Node id="51" bw="16" op_0_bw="16" op_1_bw="127" op_2_bw="32" op_3_bw="32">
<![CDATA[
:27  %tmp_11_i = call i16 @_ssdm_op_PartSelect.i16.i127.i32.i32(i127 %dct_coeff_table_load, i32 48, i32 63) nounwind

]]></Node>
<StgValue><ssdm name="tmp_11_i"/></StgValue>
</operation>

<operation id="41" st_id="4" stage="1" lat="1">
<core>NULL</core>
<MemPortIdVec></MemPortIdVec>
<condition id="0">
<or_exp><and_exp><literal name="tmp_i" val="0"/>
</and_exp></or_exp>
</condition>

<Node id="53" bw="16" op_0_bw="16" op_1_bw="128" op_2_bw="9" op_3_bw="9">
<![CDATA[
:29  %tmp_12_i = call i16 @_ssdm_op_PartSelect.i16.i128.i9.i9(i128 %col_inbuf_load, i9 48, i9 63) nounwind

]]></Node>
<StgValue><ssdm name="tmp_12_i"/></StgValue>
</operation>

<operation id="42" st_id="4" stage="1" lat="1">
<core>NULL</core>
<MemPortIdVec></MemPortIdVec>
<condition id="0">
<or_exp><and_exp><literal name="tmp_i" val="0"/>
</and_exp></or_exp>
</condition>

<Node id="56" bw="16" op_0_bw="16" op_1_bw="127" op_2_bw="32" op_3_bw="32">
<![CDATA[
:32  %tmp_13_i = call i16 @_ssdm_op_PartSelect.i16.i127.i32.i32(i127 %dct_coeff_table_load, i32 64, i32 79) nounwind

]]></Node>
<StgValue><ssdm name="tmp_13_i"/></StgValue>
</operation>

<operation id="43" st_id="4" stage="1" lat="1">
<core>NULL</core>
<MemPortIdVec></MemPortIdVec>
<condition id="0">
<or_exp><and_exp><literal name="tmp_i" val="0"/>
</and_exp></or_exp>
</condition>

<Node id="58" bw="16" op_0_bw="16" op_1_bw="128" op_2_bw="9" op_3_bw="9">
<![CDATA[
:34  %tmp_14_i = call i16 @_ssdm_op_PartSelect.i16.i128.i9.i9(i128 %col_inbuf_load, i9 64, i9 79) nounwind

]]></Node>
<StgValue><ssdm name="tmp_14_i"/></StgValue>
</operation>

<operation id="44" st_id="4" stage="1" lat="1">
<core>NULL</core>
<MemPortIdVec></MemPortIdVec>
<condition id="0">
<or_exp><and_exp><literal name="tmp_i" val="0"/>
</and_exp></or_exp>
</condition>

<Node id="61" bw="16" op_0_bw="16" op_1_bw="127" op_2_bw="32" op_3_bw="32">
<![CDATA[
:37  %tmp_15_i = call i16 @_ssdm_op_PartSelect.i16.i127.i32.i32(i127 %dct_coeff_table_load, i32 80, i32 95) nounwind

]]></Node>
<StgValue><ssdm name="tmp_15_i"/></StgValue>
</operation>

<operation id="45" st_id="4" stage="1" lat="1">
<core>NULL</core>
<MemPortIdVec></MemPortIdVec>
<condition id="0">
<or_exp><and_exp><literal name="tmp_i" val="0"/>
</and_exp></or_exp>
</condition>

<Node id="63" bw="16" op_0_bw="16" op_1_bw="128" op_2_bw="9" op_3_bw="9">
<![CDATA[
:39  %tmp_16_i = call i16 @_ssdm_op_PartSelect.i16.i128.i9.i9(i128 %col_inbuf_load, i9 80, i9 95) nounwind

]]></Node>
<StgValue><ssdm name="tmp_16_i"/></StgValue>
</operation>

<operation id="46" st_id="4" stage="1" lat="1">
<core>NULL</core>
<MemPortIdVec></MemPortIdVec>
<condition id="0">
<or_exp><and_exp><literal name="tmp_i" val="0"/>
</and_exp></or_exp>
</condition>

<Node id="66" bw="16" op_0_bw="16" op_1_bw="127" op_2_bw="32" op_3_bw="32">
<![CDATA[
:42  %tmp_17_i = call i16 @_ssdm_op_PartSelect.i16.i127.i32.i32(i127 %dct_coeff_table_load, i32 96, i32 111) nounwind

]]></Node>
<StgValue><ssdm name="tmp_17_i"/></StgValue>
</operation>

<operation id="47" st_id="4" stage="1" lat="1">
<core>NULL</core>
<MemPortIdVec></MemPortIdVec>
<condition id="0">
<or_exp><and_exp><literal name="tmp_i" val="0"/>
</and_exp></or_exp>
</condition>

<Node id="68" bw="16" op_0_bw="16" op_1_bw="128" op_2_bw="9" op_3_bw="9">
<![CDATA[
:44  %tmp_18_i = call i16 @_ssdm_op_PartSelect.i16.i128.i9.i9(i128 %col_inbuf_load, i9 96, i9 111) nounwind

]]></Node>
<StgValue><ssdm name="tmp_18_i"/></StgValue>
</operation>

<operation id="48" st_id="4" stage="1" lat="1">
<core>NULL</core>
<MemPortIdVec></MemPortIdVec>
<condition id="0">
<or_exp><and_exp><literal name="tmp_i" val="0"/>
</and_exp></or_exp>
</condition>

<Node id="71" bw="15" op_0_bw="15" op_1_bw="127" op_2_bw="32" op_3_bw="32">
<![CDATA[
:47  %tmp_2 = call i15 @_ssdm_op_PartSelect.i15.i127.i32.i32(i127 %dct_coeff_table_load, i32 112, i32 126) nounwind

]]></Node>
<StgValue><ssdm name="tmp_2"/></StgValue>
</operation>

<operation id="49" st_id="4" stage="1" lat="1">
<core>NULL</core>
<MemPortIdVec></MemPortIdVec>
<condition id="0">
<or_exp><and_exp><literal name="tmp_i" val="0"/>
</and_exp></or_exp>
</condition>

<Node id="73" bw="16" op_0_bw="16" op_1_bw="128" op_2_bw="9" op_3_bw="9">
<![CDATA[
:49  %tmp_20_i = call i16 @_ssdm_op_PartSelect.i16.i128.i9.i9(i128 %col_inbuf_load, i9 112, i9 127) nounwind

]]></Node>
<StgValue><ssdm name="tmp_20_i"/></StgValue>
</operation>
</state>

<state id="5" st_id="5">

<operation id="50" st_id="5" stage="1" lat="1">
<core>NULL</core>
<MemPortIdVec></MemPortIdVec>
<condition id="0">
<or_exp><and_exp><literal name="tmp_i" val="0"/>
</and_exp></or_exp>
</condition>

<Node id="36" bw="29" op_0_bw="16">
<![CDATA[
:12  %coeff_cast_i = sext i16 %tmp_51 to i29

]]></Node>
<StgValue><ssdm name="coeff_cast_i"/></StgValue>
</operation>

<operation id="51" st_id="5" stage="1" lat="1">
<core>NULL</core>
<MemPortIdVec></MemPortIdVec>
<condition id="0">
<or_exp><and_exp><literal name="tmp_i" val="0"/>
</and_exp></or_exp>
</condition>

<Node id="39" bw="29" op_0_bw="16">
<![CDATA[
:15  %tmp_2_cast_i = sext i16 %tmp_52 to i29

]]></Node>
<StgValue><ssdm name="tmp_2_cast_i"/></StgValue>
</operation>

<operation id="52" st_id="5" stage="1" lat="1">
<core>DSP48</core>
<MemPortIdVec></MemPortIdVec>
<condition id="0">
<or_exp><and_exp><literal name="tmp_i" val="0"/>
</and_exp></or_exp>
</condition>

<Node id="40" bw="29" op_0_bw="29" op_1_bw="29">
<![CDATA[
:16  %tmp_3_i = mul i29 %coeff_cast_i, %tmp_2_cast_i

]]></Node>
<StgValue><ssdm name="tmp_3_i"/></StgValue>
</operation>

<operation id="53" st_id="5" stage="1" lat="1">
<core>NULL</core>
<MemPortIdVec></MemPortIdVec>
<condition id="0">
<or_exp><and_exp><literal name="tmp_i" val="0"/>
</and_exp></or_exp>
</condition>

<Node id="47" bw="29" op_0_bw="16">
<![CDATA[
:23  %coeff_2_cast_i = sext i16 %tmp_8_i to i29

]]></Node>
<StgValue><ssdm name="coeff_2_cast_i"/></StgValue>
</operation>

<operation id="54" st_id="5" stage="1" lat="1">
<core>NULL</core>
<MemPortIdVec></MemPortIdVec>
<condition id="0">
<or_exp><and_exp><literal name="tmp_i" val="0"/>
</and_exp></or_exp>
</condition>

<Node id="49" bw="29" op_0_bw="16">
<![CDATA[
:25  %tmp_2_2_cast_i = sext i16 %tmp_10_i to i29

]]></Node>
<StgValue><ssdm name="tmp_2_2_cast_i"/></StgValue>
</operation>

<operation id="55" st_id="5" stage="1" lat="1">
<core>DSP48</core>
<MemPortIdVec></MemPortIdVec>
<condition id="0">
<or_exp><and_exp><literal name="tmp_i" val="0"/>
</and_exp></or_exp>
</condition>

<Node id="50" bw="29" op_0_bw="29" op_1_bw="29">
<![CDATA[
:26  %tmp_3_2_i = mul i29 %coeff_2_cast_i, %tmp_2_2_cast_i

]]></Node>
<StgValue><ssdm name="tmp_3_2_i"/></StgValue>
</operation>

<operation id="56" st_id="5" stage="1" lat="1">
<core>NULL</core>
<MemPortIdVec></MemPortIdVec>
<condition id="0">
<or_exp><and_exp><literal name="tmp_i" val="0"/>
</and_exp></or_exp>
</condition>

<Node id="57" bw="29" op_0_bw="16">
<![CDATA[
:33  %coeff_4_cast_i = sext i16 %tmp_13_i to i29

]]></Node>
<StgValue><ssdm name="coeff_4_cast_i"/></StgValue>
</operation>

<operation id="57" st_id="5" stage="1" lat="1">
<core>NULL</core>
<MemPortIdVec></MemPortIdVec>
<condition id="0">
<or_exp><and_exp><literal name="tmp_i" val="0"/>
</and_exp></or_exp>
</condition>

<Node id="59" bw="29" op_0_bw="16">
<![CDATA[
:35  %tmp_2_4_cast_i = sext i16 %tmp_14_i to i29

]]></Node>
<StgValue><ssdm name="tmp_2_4_cast_i"/></StgValue>
</operation>

<operation id="58" st_id="5" stage="1" lat="1">
<core>DSP48</core>
<MemPortIdVec></MemPortIdVec>
<condition id="0">
<or_exp><and_exp><literal name="tmp_i" val="0"/>
</and_exp></or_exp>
</condition>

<Node id="60" bw="29" op_0_bw="29" op_1_bw="29">
<![CDATA[
:36  %tmp_3_4_i = mul i29 %coeff_4_cast_i, %tmp_2_4_cast_i

]]></Node>
<StgValue><ssdm name="tmp_3_4_i"/></StgValue>
</operation>

<operation id="59" st_id="5" stage="1" lat="1">
<core>NULL</core>
<MemPortIdVec></MemPortIdVec>
<condition id="0">
<or_exp><and_exp><literal name="tmp_i" val="0"/>
</and_exp></or_exp>
</condition>

<Node id="67" bw="29" op_0_bw="16">
<![CDATA[
:43  %coeff_6_cast_i = sext i16 %tmp_17_i to i29

]]></Node>
<StgValue><ssdm name="coeff_6_cast_i"/></StgValue>
</operation>

<operation id="60" st_id="5" stage="1" lat="1">
<core>NULL</core>
<MemPortIdVec></MemPortIdVec>
<condition id="0">
<or_exp><and_exp><literal name="tmp_i" val="0"/>
</and_exp></or_exp>
</condition>

<Node id="69" bw="29" op_0_bw="16">
<![CDATA[
:45  %tmp_2_6_cast_i = sext i16 %tmp_18_i to i29

]]></Node>
<StgValue><ssdm name="tmp_2_6_cast_i"/></StgValue>
</operation>

<operation id="61" st_id="5" stage="1" lat="1">
<core>DSP48</core>
<MemPortIdVec></MemPortIdVec>
<condition id="0">
<or_exp><and_exp><literal name="tmp_i" val="0"/>
</and_exp></or_exp>
</condition>

<Node id="70" bw="29" op_0_bw="29" op_1_bw="29">
<![CDATA[
:46  %tmp_3_6_i = mul i29 %coeff_6_cast_i, %tmp_2_6_cast_i

]]></Node>
<StgValue><ssdm name="tmp_3_6_i"/></StgValue>
</operation>

<operation id="62" st_id="5" stage="1" lat="1">
<core>NULL</core>
<MemPortIdVec></MemPortIdVec>
<condition id="0">
<or_exp><and_exp><literal name="tmp_i" val="0"/>
</and_exp></or_exp>
</condition>

<Node id="72" bw="29" op_0_bw="15">
<![CDATA[
:48  %coeff_7_cast_i = sext i15 %tmp_2 to i29

]]></Node>
<StgValue><ssdm name="coeff_7_cast_i"/></StgValue>
</operation>

<operation id="63" st_id="5" stage="1" lat="1">
<core>NULL</core>
<MemPortIdVec></MemPortIdVec>
<condition id="0">
<or_exp><and_exp><literal name="tmp_i" val="0"/>
</and_exp></or_exp>
</condition>

<Node id="74" bw="29" op_0_bw="16">
<![CDATA[
:50  %tmp_2_7_cast_i = sext i16 %tmp_20_i to i29

]]></Node>
<StgValue><ssdm name="tmp_2_7_cast_i"/></StgValue>
</operation>

<operation id="64" st_id="5" stage="1" lat="1">
<core>DSP48</core>
<MemPortIdVec></MemPortIdVec>
<condition id="0">
<or_exp><and_exp><literal name="tmp_i" val="0"/>
</and_exp></or_exp>
</condition>

<Node id="75" bw="29" op_0_bw="29" op_1_bw="29">
<![CDATA[
:51  %tmp_3_7_i = mul i29 %tmp_2_7_cast_i, %coeff_7_cast_i

]]></Node>
<StgValue><ssdm name="tmp_3_7_i"/></StgValue>
</operation>

<operation id="65" st_id="5" stage="1" lat="1">
<core>DSP48</core>
<MemPortIdVec></MemPortIdVec>
<condition id="0">
<or_exp><and_exp><literal name="tmp_i" val="0"/>
</and_exp></or_exp>
</condition>

<Node id="80" bw="29" op_0_bw="29" op_1_bw="29">
<![CDATA[
:56  %tmp6 = add i29 4096, %tmp_3_7_i

]]></Node>
<StgValue><ssdm name="tmp6"/></StgValue>
</operation>

<operation id="66" st_id="5" stage="1" lat="1">
<core>DSP48</core>
<MemPortIdVec></MemPortIdVec>
<condition id="0">
<or_exp><and_exp><literal name="tmp_i" val="0"/>
</and_exp></or_exp>
</condition>

<Node id="81" bw="29" op_0_bw="29" op_1_bw="29">
<![CDATA[
:57  %tmp5 = add i29 %tmp6, %tmp_3_6_i

]]></Node>
<StgValue><ssdm name="tmp5"/></StgValue>
</operation>
</state>

<state id="6" st_id="6">

<operation id="67" st_id="6" stage="1" lat="1">
<core>NULL</core>
<MemPortIdVec></MemPortIdVec>
<condition id="0">
<or_exp><and_exp><literal name="tmp_i" val="0"/>
</and_exp></or_exp>
</condition>

<Node id="42" bw="29" op_0_bw="16">
<![CDATA[
:18  %coeff_1_cast_i = sext i16 %tmp_6_i to i29

]]></Node>
<StgValue><ssdm name="coeff_1_cast_i"/></StgValue>
</operation>

<operation id="68" st_id="6" stage="1" lat="1">
<core>NULL</core>
<MemPortIdVec></MemPortIdVec>
<condition id="0">
<or_exp><and_exp><literal name="tmp_i" val="0"/>
</and_exp></or_exp>
</condition>

<Node id="44" bw="29" op_0_bw="16">
<![CDATA[
:20  %tmp_2_1_cast_i = sext i16 %tmp_7_i to i29

]]></Node>
<StgValue><ssdm name="tmp_2_1_cast_i"/></StgValue>
</operation>

<operation id="69" st_id="6" stage="1" lat="1">
<core>DSP48</core>
<MemPortIdVec></MemPortIdVec>
<condition id="0">
<or_exp><and_exp><literal name="tmp_i" val="0"/>
</and_exp></or_exp>
</condition>

<Node id="45" bw="29" op_0_bw="29" op_1_bw="29">
<![CDATA[
:21  %tmp_3_1_i = mul i29 %coeff_1_cast_i, %tmp_2_1_cast_i

]]></Node>
<StgValue><ssdm name="tmp_3_1_i"/></StgValue>
</operation>

<operation id="70" st_id="6" stage="1" lat="1">
<core>NULL</core>
<MemPortIdVec></MemPortIdVec>
<condition id="0">
<or_exp><and_exp><literal name="tmp_i" val="0"/>
</and_exp></or_exp>
</condition>

<Node id="52" bw="29" op_0_bw="16">
<![CDATA[
:28  %coeff_3_cast_i = sext i16 %tmp_11_i to i29

]]></Node>
<StgValue><ssdm name="coeff_3_cast_i"/></StgValue>
</operation>

<operation id="71" st_id="6" stage="1" lat="1">
<core>NULL</core>
<MemPortIdVec></MemPortIdVec>
<condition id="0">
<or_exp><and_exp><literal name="tmp_i" val="0"/>
</and_exp></or_exp>
</condition>

<Node id="54" bw="29" op_0_bw="16">
<![CDATA[
:30  %tmp_2_3_cast_i = sext i16 %tmp_12_i to i29

]]></Node>
<StgValue><ssdm name="tmp_2_3_cast_i"/></StgValue>
</operation>

<operation id="72" st_id="6" stage="1" lat="1">
<core>DSP48</core>
<MemPortIdVec></MemPortIdVec>
<condition id="0">
<or_exp><and_exp><literal name="tmp_i" val="0"/>
</and_exp></or_exp>
</condition>

<Node id="55" bw="29" op_0_bw="29" op_1_bw="29">
<![CDATA[
:31  %tmp_3_3_i = mul i29 %coeff_3_cast_i, %tmp_2_3_cast_i

]]></Node>
<StgValue><ssdm name="tmp_3_3_i"/></StgValue>
</operation>

<operation id="73" st_id="6" stage="1" lat="1">
<core>NULL</core>
<MemPortIdVec></MemPortIdVec>
<condition id="0">
<or_exp><and_exp><literal name="tmp_i" val="0"/>
</and_exp></or_exp>
</condition>

<Node id="62" bw="29" op_0_bw="16">
<![CDATA[
:38  %coeff_5_cast_i = sext i16 %tmp_15_i to i29

]]></Node>
<StgValue><ssdm name="coeff_5_cast_i"/></StgValue>
</operation>

<operation id="74" st_id="6" stage="1" lat="1">
<core>NULL</core>
<MemPortIdVec></MemPortIdVec>
<condition id="0">
<or_exp><and_exp><literal name="tmp_i" val="0"/>
</and_exp></or_exp>
</condition>

<Node id="64" bw="29" op_0_bw="16">
<![CDATA[
:40  %tmp_2_5_cast_i = sext i16 %tmp_16_i to i29

]]></Node>
<StgValue><ssdm name="tmp_2_5_cast_i"/></StgValue>
</operation>

<operation id="75" st_id="6" stage="1" lat="1">
<core>DSP48</core>
<MemPortIdVec></MemPortIdVec>
<condition id="0">
<or_exp><and_exp><literal name="tmp_i" val="0"/>
</and_exp></or_exp>
</condition>

<Node id="65" bw="29" op_0_bw="29" op_1_bw="29">
<![CDATA[
:41  %tmp_3_5_i = mul i29 %coeff_5_cast_i, %tmp_2_5_cast_i

]]></Node>
<StgValue><ssdm name="tmp_3_5_i"/></StgValue>
</operation>

<operation id="76" st_id="6" stage="1" lat="1">
<core>DSP48</core>
<MemPortIdVec></MemPortIdVec>
<condition id="0">
<or_exp><and_exp><literal name="tmp_i" val="0"/>
</and_exp></or_exp>
</condition>

<Node id="76" bw="29" op_0_bw="29" op_1_bw="29">
<![CDATA[
:52  %tmp1 = add i29 %tmp_3_i, %tmp_3_1_i

]]></Node>
<StgValue><ssdm name="tmp1"/></StgValue>
</operation>

<operation id="77" st_id="6" stage="1" lat="1">
<core>DSP48</core>
<MemPortIdVec></MemPortIdVec>
<condition id="0">
<or_exp><and_exp><literal name="tmp_i" val="0"/>
</and_exp></or_exp>
</condition>

<Node id="77" bw="29" op_0_bw="29" op_1_bw="29">
<![CDATA[
:53  %tmp2 = add i29 %tmp_3_2_i, %tmp_3_3_i

]]></Node>
<StgValue><ssdm name="tmp2"/></StgValue>
</operation>

<operation id="78" st_id="6" stage="1" lat="1">
<core>TAddSub</core>
<MemPortIdVec></MemPortIdVec>
<condition id="0">
<or_exp><and_exp><literal name="tmp_i" val="0"/>
</and_exp></or_exp>
</condition>

<Node id="78" bw="29" op_0_bw="29" op_1_bw="29">
<![CDATA[
:54  %tmp = add i29 %tmp2, %tmp1

]]></Node>
<StgValue><ssdm name="tmp"/></StgValue>
</operation>

<operation id="79" st_id="6" stage="1" lat="1">
<core>DSP48</core>
<MemPortIdVec></MemPortIdVec>
<condition id="0">
<or_exp><and_exp><literal name="tmp_i" val="0"/>
</and_exp></or_exp>
</condition>

<Node id="79" bw="29" op_0_bw="29" op_1_bw="29">
<![CDATA[
:55  %tmp4 = add i29 %tmp_3_4_i, %tmp_3_5_i

]]></Node>
<StgValue><ssdm name="tmp4"/></StgValue>
</operation>

<operation id="80" st_id="6" stage="1" lat="1">
<core>AddSub</core>
<MemPortIdVec></MemPortIdVec>
<condition id="0">
<or_exp><and_exp><literal name="tmp_i" val="0"/>
</and_exp></or_exp>
</condition>

<Node id="82" bw="29" op_0_bw="29" op_1_bw="29">
<![CDATA[
:58  %tmp3 = add i29 %tmp5, %tmp4

]]></Node>
<StgValue><ssdm name="tmp3"/></StgValue>
</operation>

<operation id="81" st_id="6" stage="1" lat="1">
<core>TAddSub</core>
<MemPortIdVec></MemPortIdVec>
<condition id="0">
<or_exp><and_exp><literal name="tmp_i" val="0"/>
</and_exp></or_exp>
</condition>

<Node id="83" bw="29" op_0_bw="29" op_1_bw="29">
<![CDATA[
:59  %tmp_9_i = add i29 %tmp3, %tmp

]]></Node>
<StgValue><ssdm name="tmp_9_i"/></StgValue>
</operation>

<operation id="82" st_id="6" stage="1" lat="1">
<core>NULL</core>
<MemPortIdVec></MemPortIdVec>
<condition id="0">
<or_exp><and_exp><literal name="tmp_i" val="0"/>
</and_exp></or_exp>
</condition>

<Node id="84" bw="16" op_0_bw="16" op_1_bw="29" op_2_bw="32" op_3_bw="32">
<![CDATA[
:60  %tmp_1_i = call i16 @_ssdm_op_PartSelect.i16.i29.i32.i32(i29 %tmp_9_i, i32 13, i32 28)

]]></Node>
<StgValue><ssdm name="tmp_1_i"/></StgValue>
</operation>
</state>

<state id="7" st_id="7">

<operation id="83" st_id="7" stage="1" lat="1">
<core>NULL</core>
<MemPortIdVec></MemPortIdVec>
<condition id="0">
<or_exp><and_exp><literal name="tmp_i" val="0"/>
</and_exp></or_exp>
</condition>

<Node id="27" bw="32" op_0_bw="8">
<![CDATA[
:3  %tmp_20_cast = zext i8 %tmp_6 to i32

]]></Node>
<StgValue><ssdm name="tmp_20_cast"/></StgValue>
</operation>

<operation id="84" st_id="7" stage="1" lat="1">
<core>NULL</core>
<MemPortIdVec></MemPortIdVec>
<condition id="0">
<or_exp><and_exp><literal name="tmp_i" val="0"/>
</and_exp></or_exp>
</condition>

<Node id="28" bw="6" op_0_bw="16" op_1_bw="32" op_2_bw="32">
<![CDATA[
:4  %col_outbuf_i_addr = getelementptr [64 x i16]* %col_outbuf_i, i32 0, i32 %tmp_20_cast

]]></Node>
<StgValue><ssdm name="col_outbuf_i_addr"/></StgValue>
</operation>

<operation id="85" st_id="7" stage="1" lat="1">
<core>NULL</core>
<MemPortIdVec></MemPortIdVec>
<condition id="0">
<or_exp><and_exp><literal name="tmp_i" val="0"/>
</and_exp></or_exp>
</condition>

<Node id="29" bw="32" op_0_bw="32" op_1_bw="64" op_2_bw="64" op_3_bw="64">
<![CDATA[
:5  %empty_30 = call i32 (...)* @_ssdm_op_SpecLoopTripCount(i64 8, i64 8, i64 8) nounwind

]]></Node>
<StgValue><ssdm name="empty_30"/></StgValue>
</operation>

<operation id="86" st_id="7" stage="1" lat="1">
<core>NULL</core>
<MemPortIdVec></MemPortIdVec>
<condition id="0">
<or_exp><and_exp><literal name="tmp_i" val="0"/>
</and_exp></or_exp>
</condition>

<Node id="30" bw="0" op_0_bw="0" op_1_bw="0">
<![CDATA[
:6  call void (...)* @_ssdm_op_SpecLoopName([15 x i8]* @p_str2) nounwind

]]></Node>
<StgValue><ssdm name=""/></StgValue>
</operation>

<operation id="87" st_id="7" stage="1" lat="1">
<core>NULL</core>
<MemPortIdVec></MemPortIdVec>
<condition id="0">
<or_exp><and_exp><literal name="tmp_i" val="0"/>
</and_exp></or_exp>
</condition>

<Node id="31" bw="32" op_0_bw="32" op_1_bw="0">
<![CDATA[
:7  %tmp_2_i = call i32 (...)* @_ssdm_op_SpecRegionBegin([15 x i8]* @p_str2) nounwind

]]></Node>
<StgValue><ssdm name="tmp_2_i"/></StgValue>
</operation>

<operation id="88" st_id="7" stage="1" lat="1">
<core>NULL</core>
<MemPortIdVec></MemPortIdVec>
<condition id="0">
<or_exp><and_exp><literal name="tmp_i" val="0"/>
</and_exp></or_exp>
</condition>

<Node id="32" bw="0" op_0_bw="0" op_1_bw="32" op_2_bw="32" op_3_bw="32" op_4_bw="32" op_5_bw="0">
<![CDATA[
:8  call void (...)* @_ssdm_op_SpecPipeline(i32 -1, i32 1, i32 1, i32 0, [1 x i8]* @p_str1) nounwind

]]></Node>
<StgValue><ssdm name=""/></StgValue>
</operation>

<operation id="89" st_id="7" stage="1" lat="1">
<core>RAM</core>
<MemPortIdVec>0 </MemPortIdVec>
<condition id="0">
<or_exp><and_exp><literal name="tmp_i" val="0"/>
</and_exp></or_exp>
</condition>

<Node id="85" bw="0" op_0_bw="16" op_1_bw="6">
<![CDATA[
:61  store i16 %tmp_1_i, i16* %col_outbuf_i_addr, align 2

]]></Node>
<StgValue><ssdm name=""/></StgValue>
</operation>

<operation id="90" st_id="7" stage="1" lat="1">
<core>NULL</core>
<MemPortIdVec></MemPortIdVec>
<condition id="0">
<or_exp><and_exp><literal name="tmp_i" val="0"/>
</and_exp></or_exp>
</condition>

<Node id="86" bw="32" op_0_bw="32" op_1_bw="0" op_2_bw="32">
<![CDATA[
:62  %empty_31 = call i32 (...)* @_ssdm_op_SpecRegionEnd([15 x i8]* @p_str2, i32 %tmp_2_i) nounwind

]]></Node>
<StgValue><ssdm name="empty_31"/></StgValue>
</operation>

<operation id="91" st_id="7" stage="1" lat="1">
<core>NULL</core>
<MemPortIdVec></MemPortIdVec>
<condition id="0">
<or_exp><and_exp><literal name="tmp_i" val="0"/>
</and_exp></or_exp>
</condition>

<Node id="87" bw="0" op_0_bw="0">
<![CDATA[
:63  br label %1

]]></Node>
<StgValue><ssdm name=""/></StgValue>
</operation>
</state>

<state id="8" st_id="8">

<operation id="92" st_id="8" stage="1" lat="1">
<core>NULL</core>
<MemPortIdVec></MemPortIdVec>
<condition id="15">
<or_exp><and_exp></and_exp></or_exp>
</condition>

<Node id="89" bw="0" op_0_bw="0">
<![CDATA[
.preheader1.i.loopexit:0  br label %.preheader1.i

]]></Node>
<StgValue><ssdm name=""/></StgValue>
</operation>
</state>
</state_list>


<ports>
<port id="110" name="col_inbuf" dir="0" iftype="1">
<core>RAM</core><StgValue><ssdm name="col_inbuf"/><MemPortTyVec>1 3 </MemPortTyVec>
</StgValue>
</port>
<port id="111" name="col_outbuf_i" dir="1" iftype="1">
<core>RAM</core><StgValue><ssdm name="col_outbuf_i"/><MemPortTyVec>0 3 </MemPortTyVec>
</StgValue>
</port>
<port id="112" name="dct_coeff_table" dir="0" iftype="1">
<core>ROM_nP</core><StgValue><ssdm name="dct_coeff_table"/><MemPortTyVec>1 </MemPortTyVec>
</StgValue>
</port>
</ports>


<dataflows>
<dataflow id="114" from="StgValue_113" to="i_2_i" fromId="113" toId="10">
<condition id="45">
<or_exp><and_exp></and_exp></or_exp>
</condition>
</dataflow>
<dataflow id="115" from="StgValue_9" to="i_2_i" fromId="9" toId="10">
</dataflow>
<dataflow id="116" from="i" to="i_2_i" fromId="12" toId="10">
<BackEdge/>
<condition id="46">
<or_exp><and_exp></and_exp></or_exp>
</condition>
</dataflow>
<dataflow id="117" from="StgValue_92" to="i_2_i" fromId="92" toId="10">
<BackEdge/>
</dataflow>
<dataflow id="118" from="i_2_i" to="tmp_5" fromId="10" toId="11">
</dataflow>
<dataflow id="120" from="StgValue_119" to="tmp_5" fromId="119" toId="11">
</dataflow>
<dataflow id="121" from="i_2_i" to="i" fromId="10" toId="12">
</dataflow>
<dataflow id="123" from="StgValue_122" to="i" fromId="122" toId="12">
</dataflow>
<dataflow id="124" from="tmp_5" to="StgValue_13" fromId="11" toId="13">
</dataflow>
<dataflow id="126" from="_ssdm_op_SpecLoopTripCount" to="empty" fromId="125" toId="14">
</dataflow>
<dataflow id="128" from="StgValue_127" to="empty" fromId="127" toId="14">
</dataflow>
<dataflow id="129" from="StgValue_127" to="empty" fromId="127" toId="14">
</dataflow>
<dataflow id="130" from="StgValue_127" to="empty" fromId="127" toId="14">
</dataflow>
<dataflow id="132" from="_ssdm_op_SpecLoopName" to="StgValue_15" fromId="131" toId="15">
</dataflow>
<dataflow id="134" from="p_str7" to="StgValue_15" fromId="133" toId="15">
</dataflow>
<dataflow id="135" from="i_2_i" to="i_2_i1_cast_i" fromId="10" toId="16">
</dataflow>
<dataflow id="137" from="_ssdm_op_BitConcatenate.i7.i4.i3" to="tmp_s" fromId="136" toId="17">
</dataflow>
<dataflow id="138" from="i_2_i" to="tmp_s" fromId="10" toId="17">
</dataflow>
<dataflow id="140" from="StgValue_139" to="tmp_s" fromId="139" toId="17">
</dataflow>
<dataflow id="141" from="tmp_s" to="tmp_19_cast" fromId="17" toId="18">
</dataflow>
<dataflow id="142" from="col_inbuf" to="col_inbuf_addr" fromId="110" toId="19">
</dataflow>
<dataflow id="144" from="StgValue_143" to="col_inbuf_addr" fromId="143" toId="19">
</dataflow>
<dataflow id="145" from="i_2_i1_cast_i" to="col_inbuf_addr" fromId="16" toId="19">
</dataflow>
<dataflow id="146" from="StgValue_113" to="k_i" fromId="113" toId="22">
<condition id="47">
<or_exp><and_exp><literal name="tmp_5" val="0"/>
</and_exp></or_exp>
</condition>
</dataflow>
<dataflow id="147" from="StgValue_20" to="k_i" fromId="20" toId="22">
</dataflow>
<dataflow id="148" from="k" to="k_i" fromId="24" toId="22">
<BackEdge/>
<condition id="48">
<or_exp><and_exp><literal name="tmp_i" val="0"/>
</and_exp></or_exp>
</condition>
</dataflow>
<dataflow id="149" from="StgValue_91" to="k_i" fromId="91" toId="22">
<BackEdge/>
</dataflow>
<dataflow id="150" from="k_i" to="tmp_i" fromId="22" toId="23">
</dataflow>
<dataflow id="151" from="StgValue_119" to="tmp_i" fromId="119" toId="23">
</dataflow>
<dataflow id="152" from="k_i" to="k" fromId="22" toId="24">
</dataflow>
<dataflow id="153" from="StgValue_122" to="k" fromId="122" toId="24">
</dataflow>
<dataflow id="154" from="tmp_i" to="StgValue_25" fromId="23" toId="25">
</dataflow>
<dataflow id="155" from="k_i" to="k_cast1_i" fromId="22" toId="26">
</dataflow>
<dataflow id="156" from="k_i" to="k_cast1_i_cast" fromId="22" toId="27">
</dataflow>
<dataflow id="157" from="k_cast1_i_cast" to="tmp_6" fromId="27" toId="28">
</dataflow>
<dataflow id="158" from="tmp_19_cast" to="tmp_6" fromId="18" toId="28">
</dataflow>
<dataflow id="159" from="dct_coeff_table" to="dct_coeff_table_addr" fromId="112" toId="29">
</dataflow>
<dataflow id="160" from="StgValue_143" to="dct_coeff_table_addr" fromId="143" toId="29">
</dataflow>
<dataflow id="161" from="k_cast1_i" to="dct_coeff_table_addr" fromId="26" toId="29">
</dataflow>
<dataflow id="162" from="dct_coeff_table_addr" to="dct_coeff_table_load" fromId="29" toId="30">
</dataflow>
<dataflow id="163" from="col_inbuf_addr" to="col_inbuf_load" fromId="19" toId="31">
</dataflow>
<dataflow id="164" from="dct_coeff_table_addr" to="dct_coeff_table_load" fromId="29" toId="32">
</dataflow>
<dataflow id="165" from="dct_coeff_table_load" to="tmp_51" fromId="32" toId="33">
</dataflow>
<dataflow id="166" from="col_inbuf_addr" to="col_inbuf_load" fromId="19" toId="34">
</dataflow>
<dataflow id="167" from="col_inbuf_load" to="tmp_52" fromId="34" toId="35">
</dataflow>
<dataflow id="169" from="_ssdm_op_PartSelect.i16.i127.i32.i32" to="tmp_6_i" fromId="168" toId="36">
</dataflow>
<dataflow id="170" from="dct_coeff_table_load" to="tmp_6_i" fromId="32" toId="36">
</dataflow>
<dataflow id="172" from="StgValue_171" to="tmp_6_i" fromId="171" toId="36">
</dataflow>
<dataflow id="174" from="StgValue_173" to="tmp_6_i" fromId="173" toId="36">
</dataflow>
<dataflow id="176" from="_ssdm_op_PartSelect.i16.i128.i9.i9" to="tmp_7_i" fromId="175" toId="37">
</dataflow>
<dataflow id="177" from="col_inbuf_load" to="tmp_7_i" fromId="34" toId="37">
</dataflow>
<dataflow id="179" from="StgValue_178" to="tmp_7_i" fromId="178" toId="37">
</dataflow>
<dataflow id="181" from="StgValue_180" to="tmp_7_i" fromId="180" toId="37">
</dataflow>
<dataflow id="182" from="_ssdm_op_PartSelect.i16.i127.i32.i32" to="tmp_8_i" fromId="168" toId="38">
</dataflow>
<dataflow id="183" from="dct_coeff_table_load" to="tmp_8_i" fromId="32" toId="38">
</dataflow>
<dataflow id="185" from="StgValue_184" to="tmp_8_i" fromId="184" toId="38">
</dataflow>
<dataflow id="187" from="StgValue_186" to="tmp_8_i" fromId="186" toId="38">
</dataflow>
<dataflow id="188" from="_ssdm_op_PartSelect.i16.i128.i9.i9" to="tmp_10_i" fromId="175" toId="39">
</dataflow>
<dataflow id="189" from="col_inbuf_load" to="tmp_10_i" fromId="34" toId="39">
</dataflow>
<dataflow id="191" from="StgValue_190" to="tmp_10_i" fromId="190" toId="39">
</dataflow>
<dataflow id="193" from="StgValue_192" to="tmp_10_i" fromId="192" toId="39">
</dataflow>
<dataflow id="194" from="_ssdm_op_PartSelect.i16.i127.i32.i32" to="tmp_11_i" fromId="168" toId="40">
</dataflow>
<dataflow id="195" from="dct_coeff_table_load" to="tmp_11_i" fromId="32" toId="40">
</dataflow>
<dataflow id="197" from="StgValue_196" to="tmp_11_i" fromId="196" toId="40">
</dataflow>
<dataflow id="199" from="StgValue_198" to="tmp_11_i" fromId="198" toId="40">
</dataflow>
<dataflow id="200" from="_ssdm_op_PartSelect.i16.i128.i9.i9" to="tmp_12_i" fromId="175" toId="41">
</dataflow>
<dataflow id="201" from="col_inbuf_load" to="tmp_12_i" fromId="34" toId="41">
</dataflow>
<dataflow id="203" from="StgValue_202" to="tmp_12_i" fromId="202" toId="41">
</dataflow>
<dataflow id="205" from="StgValue_204" to="tmp_12_i" fromId="204" toId="41">
</dataflow>
<dataflow id="206" from="_ssdm_op_PartSelect.i16.i127.i32.i32" to="tmp_13_i" fromId="168" toId="42">
</dataflow>
<dataflow id="207" from="dct_coeff_table_load" to="tmp_13_i" fromId="32" toId="42">
</dataflow>
<dataflow id="209" from="StgValue_208" to="tmp_13_i" fromId="208" toId="42">
</dataflow>
<dataflow id="211" from="StgValue_210" to="tmp_13_i" fromId="210" toId="42">
</dataflow>
<dataflow id="212" from="_ssdm_op_PartSelect.i16.i128.i9.i9" to="tmp_14_i" fromId="175" toId="43">
</dataflow>
<dataflow id="213" from="col_inbuf_load" to="tmp_14_i" fromId="34" toId="43">
</dataflow>
<dataflow id="215" from="StgValue_214" to="tmp_14_i" fromId="214" toId="43">
</dataflow>
<dataflow id="217" from="StgValue_216" to="tmp_14_i" fromId="216" toId="43">
</dataflow>
<dataflow id="218" from="_ssdm_op_PartSelect.i16.i127.i32.i32" to="tmp_15_i" fromId="168" toId="44">
</dataflow>
<dataflow id="219" from="dct_coeff_table_load" to="tmp_15_i" fromId="32" toId="44">
</dataflow>
<dataflow id="221" from="StgValue_220" to="tmp_15_i" fromId="220" toId="44">
</dataflow>
<dataflow id="223" from="StgValue_222" to="tmp_15_i" fromId="222" toId="44">
</dataflow>
<dataflow id="224" from="_ssdm_op_PartSelect.i16.i128.i9.i9" to="tmp_16_i" fromId="175" toId="45">
</dataflow>
<dataflow id="225" from="col_inbuf_load" to="tmp_16_i" fromId="34" toId="45">
</dataflow>
<dataflow id="227" from="StgValue_226" to="tmp_16_i" fromId="226" toId="45">
</dataflow>
<dataflow id="229" from="StgValue_228" to="tmp_16_i" fromId="228" toId="45">
</dataflow>
<dataflow id="230" from="_ssdm_op_PartSelect.i16.i127.i32.i32" to="tmp_17_i" fromId="168" toId="46">
</dataflow>
<dataflow id="231" from="dct_coeff_table_load" to="tmp_17_i" fromId="32" toId="46">
</dataflow>
<dataflow id="233" from="StgValue_232" to="tmp_17_i" fromId="232" toId="46">
</dataflow>
<dataflow id="235" from="StgValue_234" to="tmp_17_i" fromId="234" toId="46">
</dataflow>
<dataflow id="236" from="_ssdm_op_PartSelect.i16.i128.i9.i9" to="tmp_18_i" fromId="175" toId="47">
</dataflow>
<dataflow id="237" from="col_inbuf_load" to="tmp_18_i" fromId="34" toId="47">
</dataflow>
<dataflow id="239" from="StgValue_238" to="tmp_18_i" fromId="238" toId="47">
</dataflow>
<dataflow id="241" from="StgValue_240" to="tmp_18_i" fromId="240" toId="47">
</dataflow>
<dataflow id="243" from="_ssdm_op_PartSelect.i15.i127.i32.i32" to="tmp_2" fromId="242" toId="48">
</dataflow>
<dataflow id="244" from="dct_coeff_table_load" to="tmp_2" fromId="32" toId="48">
</dataflow>
<dataflow id="246" from="StgValue_245" to="tmp_2" fromId="245" toId="48">
</dataflow>
<dataflow id="248" from="StgValue_247" to="tmp_2" fromId="247" toId="48">
</dataflow>
<dataflow id="249" from="_ssdm_op_PartSelect.i16.i128.i9.i9" to="tmp_20_i" fromId="175" toId="49">
</dataflow>
<dataflow id="250" from="col_inbuf_load" to="tmp_20_i" fromId="34" toId="49">
</dataflow>
<dataflow id="252" from="StgValue_251" to="tmp_20_i" fromId="251" toId="49">
</dataflow>
<dataflow id="254" from="StgValue_253" to="tmp_20_i" fromId="253" toId="49">
</dataflow>
<dataflow id="255" from="tmp_51" to="coeff_cast_i" fromId="33" toId="50">
</dataflow>
<dataflow id="256" from="tmp_52" to="tmp_2_cast_i" fromId="35" toId="51">
</dataflow>
<dataflow id="257" from="coeff_cast_i" to="tmp_3_i" fromId="50" toId="52">
</dataflow>
<dataflow id="258" from="tmp_2_cast_i" to="tmp_3_i" fromId="51" toId="52">
</dataflow>
<dataflow id="259" from="tmp_8_i" to="coeff_2_cast_i" fromId="38" toId="53">
</dataflow>
<dataflow id="260" from="tmp_10_i" to="tmp_2_2_cast_i" fromId="39" toId="54">
</dataflow>
<dataflow id="261" from="coeff_2_cast_i" to="tmp_3_2_i" fromId="53" toId="55">
</dataflow>
<dataflow id="262" from="tmp_2_2_cast_i" to="tmp_3_2_i" fromId="54" toId="55">
</dataflow>
<dataflow id="263" from="tmp_13_i" to="coeff_4_cast_i" fromId="42" toId="56">
</dataflow>
<dataflow id="264" from="tmp_14_i" to="tmp_2_4_cast_i" fromId="43" toId="57">
</dataflow>
<dataflow id="265" from="coeff_4_cast_i" to="tmp_3_4_i" fromId="56" toId="58">
</dataflow>
<dataflow id="266" from="tmp_2_4_cast_i" to="tmp_3_4_i" fromId="57" toId="58">
</dataflow>
<dataflow id="267" from="tmp_17_i" to="coeff_6_cast_i" fromId="46" toId="59">
</dataflow>
<dataflow id="268" from="tmp_18_i" to="tmp_2_6_cast_i" fromId="47" toId="60">
</dataflow>
<dataflow id="269" from="coeff_6_cast_i" to="tmp_3_6_i" fromId="59" toId="61">
</dataflow>
<dataflow id="270" from="tmp_2_6_cast_i" to="tmp_3_6_i" fromId="60" toId="61">
</dataflow>
<dataflow id="271" from="tmp_2" to="coeff_7_cast_i" fromId="48" toId="62">
</dataflow>
<dataflow id="272" from="tmp_20_i" to="tmp_2_7_cast_i" fromId="49" toId="63">
</dataflow>
<dataflow id="273" from="tmp_2_7_cast_i" to="tmp_3_7_i" fromId="63" toId="64">
</dataflow>
<dataflow id="274" from="coeff_7_cast_i" to="tmp_3_7_i" fromId="62" toId="64">
</dataflow>
<dataflow id="276" from="StgValue_275" to="tmp6" fromId="275" toId="65">
</dataflow>
<dataflow id="277" from="tmp_3_7_i" to="tmp6" fromId="64" toId="65">
</dataflow>
<dataflow id="278" from="tmp6" to="tmp5" fromId="65" toId="66">
</dataflow>
<dataflow id="279" from="tmp_3_6_i" to="tmp5" fromId="61" toId="66">
</dataflow>
<dataflow id="280" from="tmp_6_i" to="coeff_1_cast_i" fromId="36" toId="67">
</dataflow>
<dataflow id="281" from="tmp_7_i" to="tmp_2_1_cast_i" fromId="37" toId="68">
</dataflow>
<dataflow id="282" from="coeff_1_cast_i" to="tmp_3_1_i" fromId="67" toId="69">
</dataflow>
<dataflow id="283" from="tmp_2_1_cast_i" to="tmp_3_1_i" fromId="68" toId="69">
</dataflow>
<dataflow id="284" from="tmp_11_i" to="coeff_3_cast_i" fromId="40" toId="70">
</dataflow>
<dataflow id="285" from="tmp_12_i" to="tmp_2_3_cast_i" fromId="41" toId="71">
</dataflow>
<dataflow id="286" from="coeff_3_cast_i" to="tmp_3_3_i" fromId="70" toId="72">
</dataflow>
<dataflow id="287" from="tmp_2_3_cast_i" to="tmp_3_3_i" fromId="71" toId="72">
</dataflow>
<dataflow id="288" from="tmp_15_i" to="coeff_5_cast_i" fromId="44" toId="73">
</dataflow>
<dataflow id="289" from="tmp_16_i" to="tmp_2_5_cast_i" fromId="45" toId="74">
</dataflow>
<dataflow id="290" from="coeff_5_cast_i" to="tmp_3_5_i" fromId="73" toId="75">
</dataflow>
<dataflow id="291" from="tmp_2_5_cast_i" to="tmp_3_5_i" fromId="74" toId="75">
</dataflow>
<dataflow id="292" from="tmp_3_i" to="tmp1" fromId="52" toId="76">
</dataflow>
<dataflow id="293" from="tmp_3_1_i" to="tmp1" fromId="69" toId="76">
</dataflow>
<dataflow id="294" from="tmp_3_2_i" to="tmp2" fromId="55" toId="77">
</dataflow>
<dataflow id="295" from="tmp_3_3_i" to="tmp2" fromId="72" toId="77">
</dataflow>
<dataflow id="296" from="tmp2" to="tmp" fromId="77" toId="78">
</dataflow>
<dataflow id="297" from="tmp1" to="tmp" fromId="76" toId="78">
</dataflow>
<dataflow id="298" from="tmp_3_4_i" to="tmp4" fromId="58" toId="79">
</dataflow>
<dataflow id="299" from="tmp_3_5_i" to="tmp4" fromId="75" toId="79">
</dataflow>
<dataflow id="300" from="tmp5" to="tmp3" fromId="66" toId="80">
</dataflow>
<dataflow id="301" from="tmp4" to="tmp3" fromId="79" toId="80">
</dataflow>
<dataflow id="302" from="tmp3" to="tmp_9_i" fromId="80" toId="81">
</dataflow>
<dataflow id="303" from="tmp" to="tmp_9_i" fromId="78" toId="81">
</dataflow>
<dataflow id="305" from="_ssdm_op_PartSelect.i16.i29.i32.i32" to="tmp_1_i" fromId="304" toId="82">
</dataflow>
<dataflow id="306" from="tmp_9_i" to="tmp_1_i" fromId="81" toId="82">
</dataflow>
<dataflow id="308" from="StgValue_307" to="tmp_1_i" fromId="307" toId="82">
</dataflow>
<dataflow id="310" from="StgValue_309" to="tmp_1_i" fromId="309" toId="82">
</dataflow>
<dataflow id="311" from="tmp_6" to="tmp_20_cast" fromId="28" toId="83">
</dataflow>
<dataflow id="312" from="col_outbuf_i" to="col_outbuf_i_addr" fromId="111" toId="84">
</dataflow>
<dataflow id="313" from="StgValue_143" to="col_outbuf_i_addr" fromId="143" toId="84">
</dataflow>
<dataflow id="314" from="tmp_20_cast" to="col_outbuf_i_addr" fromId="83" toId="84">
</dataflow>
<dataflow id="315" from="_ssdm_op_SpecLoopTripCount" to="empty_30" fromId="125" toId="85">
</dataflow>
<dataflow id="316" from="StgValue_127" to="empty_30" fromId="127" toId="85">
</dataflow>
<dataflow id="317" from="StgValue_127" to="empty_30" fromId="127" toId="85">
</dataflow>
<dataflow id="318" from="StgValue_127" to="empty_30" fromId="127" toId="85">
</dataflow>
<dataflow id="319" from="_ssdm_op_SpecLoopName" to="StgValue_86" fromId="131" toId="86">
</dataflow>
<dataflow id="321" from="p_str2" to="StgValue_86" fromId="320" toId="86">
</dataflow>
<dataflow id="323" from="_ssdm_op_SpecRegionBegin" to="tmp_2_i" fromId="322" toId="87">
</dataflow>
<dataflow id="324" from="p_str2" to="tmp_2_i" fromId="320" toId="87">
</dataflow>
<dataflow id="326" from="_ssdm_op_SpecPipeline" to="StgValue_88" fromId="325" toId="88">
</dataflow>
<dataflow id="328" from="StgValue_327" to="StgValue_88" fromId="327" toId="88">
</dataflow>
<dataflow id="330" from="StgValue_329" to="StgValue_88" fromId="329" toId="88">
</dataflow>
<dataflow id="331" from="StgValue_329" to="StgValue_88" fromId="329" toId="88">
</dataflow>
<dataflow id="332" from="StgValue_143" to="StgValue_88" fromId="143" toId="88">
</dataflow>
<dataflow id="334" from="p_str1" to="StgValue_88" fromId="333" toId="88">
</dataflow>
<dataflow id="335" from="tmp_1_i" to="StgValue_89" fromId="82" toId="89">
</dataflow>
<dataflow id="336" from="col_outbuf_i_addr" to="StgValue_89" fromId="84" toId="89">
</dataflow>
<dataflow id="338" from="_ssdm_op_SpecRegionEnd" to="empty_31" fromId="337" toId="90">
</dataflow>
<dataflow id="339" from="p_str2" to="empty_31" fromId="320" toId="90">
</dataflow>
<dataflow id="340" from="tmp_2_i" to="empty_31" fromId="87" toId="90">
</dataflow>
<dataflow id="341" from="tmp_5" to="StgValue_2" fromId="11" toId="2">
</dataflow>
<dataflow id="342" from="tmp_i" to="StgValue_3" fromId="23" toId="3">
</dataflow>
<dataflow id="343" from="tmp_i" to="StgValue_4" fromId="23" toId="4">
</dataflow>
<dataflow id="344" from="tmp_i" to="StgValue_5" fromId="23" toId="5">
</dataflow>
<dataflow id="345" from="tmp_i" to="StgValue_6" fromId="23" toId="6">
</dataflow>
<dataflow id="346" from="tmp_i" to="StgValue_7" fromId="23" toId="7">
</dataflow>
<dataflow id="347" from="tmp_5" to="StgValue_3" fromId="11" toId="3">
</dataflow>
<dataflow id="348" from="tmp_5" to="StgValue_4" fromId="11" toId="4">
</dataflow>
<dataflow id="349" from="tmp_5" to="StgValue_5" fromId="11" toId="5">
</dataflow>
<dataflow id="350" from="tmp_5" to="StgValue_6" fromId="11" toId="6">
</dataflow>
<dataflow id="351" from="tmp_5" to="StgValue_7" fromId="11" toId="7">
</dataflow>
</dataflows>


</stg>
