<profile>

<section name = "Vivado HLS Report for 'rgb2yuv'" level="0">
<item name = "Date">Fri Nov 01 16:08:08 2024
</item>
<item name = "Version">2016.3 (Build 1682563 on Mon Oct 10 19:41:59 MDT 2016)</item>
<item name = "Project">yuv_filter.prj</item>
<item name = "Solution">solution1</item>
<item name = "Product family">zynq</item>
<item name = "Target device">xc7z020clg484-1</item>
</section>

<section name = "Performance Estimates" level="0">
<item name = "Timing (ns)">
<section name = "" level="1">
<item name = "Summary"><table name="" hasTotal="0">
<keys size="4">Clock, Target, Estimated, Uncertainty</keys>
<column name="ap_clk">10.00, 8.34, 1.25</column>
</table>
</item>
</section>
</item>
<item name = "Latency (clock cycles)">
<section name = "" level="1">
<item name = "Summary"><table name="" hasTotal="0">
<keys size="6">, min, max, min, max, Type</keys>
<column name="">320401, 19664641, 320401, 19664641, none</column>
</table>
</item>
<item name = "Detail">
<section name = "" level="1">
<item name = "Instance"><table name="" hasTotal="0">
<keys size="7">Instance, Module, min, max, min, max, Type</keys>
</table>
</item>
<item name = "Loop"><table name="" hasTotal="0">
<keys size="8">Loop Name, min, max, Latency, achieved, target, Count, Pipelined</keys>
<column name="- RGB2YUV_LOOP_X">320400, 19664640, 1602 ~ 10242, -, -, 200 ~ 1920, no</column>
<column name=" + RGB2YUV_LOOP_Y">1600, 10240, 8, -, -, 200 ~ 1280, no</column>
</table>
</item>
</section>
</item>
</section>
</item>
</section>
</profile>
