<profile>

<section name = "Vivado HLS Report for 'yuv2rgb'" level="0">
<item name = "Date">Fri Nov 01 16:08:09 2024
</item>
<item name = "Version">2016.3 (Build 1682563 on Mon Oct 10 19:41:59 MDT 2016)</item>
<item name = "Project">yuv_filter.prj</item>
<item name = "Solution">solution1</item>
<item name = "Product family">zynq</item>
<item name = "Target device">xc7z020clg484-1</item>
</section>

<section name = "Performance Estimates" level="0">
<item name = "Timing (ns)">
<section name = "" level="1">
<item name = "Summary"><table name="" hasTotal="0">
<keys size="4">Clock, Target, Estimated, Uncertainty</keys>
<column name="ap_clk">10.00, 11.19, 1.25</column>
</table>
</item>
</section>
</item>
<item name = "Latency (clock cycles)">
<section name = "" level="1">
<item name = "Summary"><table name="" hasTotal="0">
<keys size="6">, min, max, min, max, Type</keys>
<column name="">320401, 19664641, 320401, 19664641, none</column>
</table>
</item>
<item name = "Detail">
<section name = "" level="1">
<item name = "Instance"><table name="" hasTotal="0">
<keys size="7">Instance, Module, min, max, min, max, Type</keys>
</table>
</item>
<item name = "Loop"><table name="" hasTotal="0">
<keys size="8">Loop Name, min, max, Latency, achieved, target, Count, Pipelined</keys>
<column name="- YUV2RGB_LOOP_X">320400, 19664640, 1602 ~ 10242, -, -, 200 ~ 1920, no</column>
<column name=" + YUV2RGB_LOOP_Y">1600, 10240, 8, -, -, 200 ~ 1280, no</column>
</table>
</item>
</section>
</item>
</section>
</item>
</section>

<section name = "Utilization Estimates" level="0">
<item name = "Summary"><table name="" hasTotal="1">
<keys size="5">Name, BRAM_18K, DSP48E, FF, LUT</keys>
<column name="DSP">-, 3, -, -</column>
<column name="Expression">-, 1, 0, 202</column>
<column name="FIFO">-, -, -, -</column>
<column name="Instance">-, -, -, -</column>
<column name="Memory">-, -, -, -</column>
<column name="Multiplexer">-, -, -, 36</column>
<column name="Register">-, -, 203, -</column>
<specialColumn name="Available">280, 220, 106400, 53200</specialColumn>
<specialColumn name="Utilization (%)">0, 1, ~0, ~0</specialColumn>
</table>
</item>
<item name = "Detail">
<section name = "" level="1">
<item name = "Instance"><table name="" hasTotal="1">
<keys size="6">Instance, Module, BRAM_18K, DSP48E, FF, LUT</keys>
</table>
</item>
<item name = "DSP48"><table name="" hasTotal="0">
<keys size="3">Instance, Module, Expression</keys>
<column name="yuv_filter_ama_adeOg_U11">yuv_filter_ama_adeOg, i0 + i1 * (i2 + i3)</column>
<column name="yuv_filter_mac_mufYi_U12">yuv_filter_mac_mufYi, i0 + i1 * i2</column>
<column name="yuv_filter_mac_mug8j_U13">yuv_filter_mac_mug8j, i0 * i1 + i2</column>
</table>
</item>
<item name = "Memory"><table name="" hasTotal="1">
<keys size="9">Memory, Module, BRAM_18K, FF, LUT, Words, Bits, Banks, W*Bits*Banks</keys>
</table>
</item>
<item name = "FIFO"><table name="" hasTotal="1">
<keys size="7">Name, BRAM_18K, FF, LUT, Depth, Bits, Size:D*B</keys>
</table>
</item>
<item name = "Expression"><table name="" hasTotal="1">
<keys size="7">Variable Name, Operation, DSP48E, FF, LUT, Bitwidth P0, Bitwidth P1</keys>
<column name="tmp_13_fu_309_p2">*, 1, 0, 0, 9, 8</column>
<column name="tmp2_fu_460_p2">+, 0, 0, 18, 18, 18</column>
<column name="tmp_14_fu_377_p2">+, 0, 0, 18, 18, 18</column>
<column name="tmp_18_fu_469_p2">+, 0, 0, 19, 19, 19</column>
<column name="tmp_6_fu_280_p2">+, 0, 0, 23, 23, 23</column>
<column name="tmp_s_fu_249_p2">+, 0, 0, 23, 23, 23</column>
<column name="x_1_fu_219_p2">+, 0, 0, 16, 16, 1</column>
<column name="y_1_fu_270_p2">+, 0, 0, 16, 16, 1</column>
<column name="exitcond1_fu_214_p2">icmp, 0, 0, 6, 16, 16</column>
<column name="exitcond_fu_265_p2">icmp, 0, 0, 6, 16, 16</column>
<column name="icmp1_fu_485_p2">icmp, 0, 0, 2, 3, 1</column>
<column name="icmp9_fu_392_p2">icmp, 0, 0, 1, 2, 1</column>
<column name="icmp_fu_327_p2">icmp, 0, 0, 1, 2, 1</column>
<column name="tmp_11_fu_357_p2">or, 0, 0, 1, 1, 1</column>
<column name="tmp_17_fu_424_p2">or, 0, 0, 1, 1, 1</column>
<column name="tmp_21_fu_517_p2">or, 0, 0, 1, 1, 1</column>
<column name="B_fu_523_p3">select, 0, 0, 8, 1, 8</column>
<column name="G_fu_430_p3">select, 0, 0, 8, 1, 8</column>
<column name="R_fu_363_p3">select, 0, 0, 8, 1, 8</column>
<column name="p_phitmp2_fu_416_p3">select, 0, 0, 2, 1, 2</column>
<column name="p_phitmp3_fu_509_p3">select, 0, 0, 2, 1, 2</column>
<column name="p_phitmp_fu_349_p3">select, 0, 0, 2, 1, 2</column>
<column name="D_fu_294_p2">xor, 0, 0, 10, 8, 9</column>
<column name="E_fu_300_p2">xor, 0, 0, 10, 8, 9</column>
</table>
</item>
<item name = "Multiplexer"><table name="" hasTotal="1">
<keys size="5">Name, LUT, Input Size, Bits, Total Bits</keys>
<column name="ap_NS_fsm">4, 11, 1, 11</column>
<column name="x_reg_192">16, 2, 16, 32</column>
<column name="y_reg_203">16, 2, 16, 32</column>
</table>
</item>
<item name = "Register"><table name="" hasTotal="1">
<keys size="5">Name, FF, LUT, Bits, Const Bits</keys>
<column name="B_reg_659">8, 0, 8, 0</column>
<column name="D_reg_625">8, 0, 8, 0</column>
<column name="E_reg_632">8, 0, 8, 0</column>
<column name="G_reg_654">8, 0, 8, 0</column>
<column name="R_reg_649">8, 0, 8, 0</column>
<column name="V_reg_620">8, 0, 8, 0</column>
<column name="Y_reg_615">8, 0, 8, 0</column>
<column name="ap_CS_fsm">10, 0, 10, 0</column>
<column name="tmp_13_reg_644">17, 0, 17, 0</column>
<column name="tmp_21_cast_reg_592">23, 0, 32, 9</column>
<column name="tmp_3_reg_637">18, 0, 18, 0</column>
<column name="tmp_s_reg_579">15, 0, 23, 8</column>
<column name="x_1_reg_574">16, 0, 16, 0</column>
<column name="x_reg_192">16, 0, 16, 0</column>
<column name="y_1_reg_587">16, 0, 16, 0</column>
<column name="y_reg_203">16, 0, 16, 0</column>
</table>
</item>
</section>
</item>
</section>

<section name = "Interface" level="0">
<item name = "Summary"><table name="" hasTotal="0">
<keys size="6">RTL Ports, Dir, Bits, Protocol, Source Object, C Type</keys>
<column name="ap_clk">in, 1, ap_ctrl_hs, yuv2rgb, return value</column>
<column name="ap_rst">in, 1, ap_ctrl_hs, yuv2rgb, return value</column>
<column name="ap_start">in, 1, ap_ctrl_hs, yuv2rgb, return value</column>
<column name="ap_done">out, 1, ap_ctrl_hs, yuv2rgb, return value</column>
<column name="ap_idle">out, 1, ap_ctrl_hs, yuv2rgb, return value</column>
<column name="ap_ready">out, 1, ap_ctrl_hs, yuv2rgb, return value</column>
<column name="ap_return_0">out, 16, ap_ctrl_hs, yuv2rgb, return value</column>
<column name="ap_return_1">out, 16, ap_ctrl_hs, yuv2rgb, return value</column>
<column name="in_channels_ch1_address0">out, 22, ap_memory, in_channels_ch1, array</column>
<column name="in_channels_ch1_ce0">out, 1, ap_memory, in_channels_ch1, array</column>
<column name="in_channels_ch1_q0">in, 8, ap_memory, in_channels_ch1, array</column>
<column name="in_channels_ch2_address0">out, 22, ap_memory, in_channels_ch2, array</column>
<column name="in_channels_ch2_ce0">out, 1, ap_memory, in_channels_ch2, array</column>
<column name="in_channels_ch2_q0">in, 8, ap_memory, in_channels_ch2, array</column>
<column name="in_channels_ch3_address0">out, 22, ap_memory, in_channels_ch3, array</column>
<column name="in_channels_ch3_ce0">out, 1, ap_memory, in_channels_ch3, array</column>
<column name="in_channels_ch3_q0">in, 8, ap_memory, in_channels_ch3, array</column>
<column name="in_width_read">in, 16, ap_none, in_width_read, scalar</column>
<column name="in_height_read">in, 16, ap_none, in_height_read, scalar</column>
<column name="out_channels_ch1_address0">out, 22, ap_memory, out_channels_ch1, array</column>
<column name="out_channels_ch1_ce0">out, 1, ap_memory, out_channels_ch1, array</column>
<column name="out_channels_ch1_we0">out, 1, ap_memory, out_channels_ch1, array</column>
<column name="out_channels_ch1_d0">out, 8, ap_memory, out_channels_ch1, array</column>
<column name="out_channels_ch2_address0">out, 22, ap_memory, out_channels_ch2, array</column>
<column name="out_channels_ch2_ce0">out, 1, ap_memory, out_channels_ch2, array</column>
<column name="out_channels_ch2_we0">out, 1, ap_memory, out_channels_ch2, array</column>
<column name="out_channels_ch2_d0">out, 8, ap_memory, out_channels_ch2, array</column>
<column name="out_channels_ch3_address0">out, 22, ap_memory, out_channels_ch3, array</column>
<column name="out_channels_ch3_ce0">out, 1, ap_memory, out_channels_ch3, array</column>
<column name="out_channels_ch3_we0">out, 1, ap_memory, out_channels_ch3, array</column>
<column name="out_channels_ch3_d0">out, 8, ap_memory, out_channels_ch3, array</column>
</table>
</item>
</section>
</profile>
