<profile>

<section name = "Vivado HLS Report for 'yuv_filter'" level="0">
<item name = "Date">Fri Nov 01 16:08:09 2024
</item>
<item name = "Version">2016.3 (Build 1682563 on Mon Oct 10 19:41:59 MDT 2016)</item>
<item name = "Project">yuv_filter.prj</item>
<item name = "Solution">solution1</item>
<item name = "Product family">zynq</item>
<item name = "Target device">xc7z020clg484-1</item>
</section>

<section name = "Performance Estimates" level="0">
<item name = "Timing (ns)">
<section name = "" level="1">
<item name = "Summary"><table name="" hasTotal="0">
<keys size="4">Clock, Target, Estimated, Uncertainty</keys>
<column name="ap_clk">10.00, 11.19, 1.25</column>
</table>
</item>
</section>
</item>
<item name = "Latency (clock cycles)">
<section name = "" level="1">
<item name = "Summary"><table name="" hasTotal="0">
<keys size="6">, min, max, min, max, Type</keys>
<column name="">921205, 56536325, 921206, 56536326, none</column>
</table>
</item>
<item name = "Detail">
<section name = "" level="1">
<item name = "Instance"><table name="" hasTotal="0">
<keys size="7">Instance, Module, min, max, min, max, Type</keys>
<column name="grp_rgb2yuv_fu_244">rgb2yuv, 320401, 19664641, 320401, 19664641, none</column>
<column name="grp_yuv2rgb_fu_264">yuv2rgb, 320401, 19664641, 320401, 19664641, none</column>
</table>
</item>
<item name = "Loop"><table name="" hasTotal="0">
<keys size="8">Loop Name, min, max, Latency, achieved, target, Count, Pipelined</keys>
<column name="- YUV_SCALE_LOOP_X">280400, 17207040, 1402 ~ 8962, -, -, 200 ~ 1920, no</column>
<column name=" + YUV_SCALE_LOOP_Y">1400, 8960, 7, -, -, 200 ~ 1280, no</column>
</table>
</item>
</section>
</item>
</section>
</item>
</section>

<section name = "Utilization Estimates" level="0">
<item name = "Summary"><table name="" hasTotal="1">
<keys size="5">Name, BRAM_18K, DSP48E, FF, LUT</keys>
<column name="DSP">-, -, -, -</column>
<column name="Expression">-, 3, 0, 90</column>
<column name="FIFO">-, -, -, -</column>
<column name="Instance">-, 9, 401, 491</column>
<column name="Memory">12288, -, 96, 0</column>
<column name="Multiplexer">-, -, -, 179</column>
<column name="Register">-, -, 219, -</column>
<specialColumn name="Available">280, 220, 106400, 53200</specialColumn>
<specialColumn name="Utilization (%)">4388, 5, ~0, 1</specialColumn>
</table>
</item>
<item name = "Detail">
<section name = "" level="1">
<item name = "Instance"><table name="" hasTotal="1">
<keys size="6">Instance, Module, BRAM_18K, DSP48E, FF, LUT</keys>
<column name="grp_rgb2yuv_fu_244">rgb2yuv, 0, 5, 198, 253</column>
<column name="grp_yuv2rgb_fu_264">yuv2rgb, 0, 4, 203, 238</column>
</table>
</item>
<item name = "DSP48"><table name="" hasTotal="0">
<keys size="3">Instance, Module, Expression</keys>
</table>
</item>
<item name = "Memory"><table name="" hasTotal="1">
<keys size="9">Memory, Module, BRAM_18K, FF, LUT, Words, Bits, Banks, W*Bits*Banks</keys>
<column name="p_yuv_channels_ch1_U">yuv_filter_p_yuv_hbi, 2048, 16, 0, 2457600, 8, 1, 19660800</column>
<column name="p_yuv_channels_ch2_U">yuv_filter_p_yuv_hbi, 2048, 16, 0, 2457600, 8, 1, 19660800</column>
<column name="p_yuv_channels_ch3_U">yuv_filter_p_yuv_hbi, 2048, 16, 0, 2457600, 8, 1, 19660800</column>
<column name="p_scale_channels_ch1_U">yuv_filter_p_yuv_hbi, 2048, 16, 0, 2457600, 8, 1, 19660800</column>
<column name="p_scale_channels_ch2_U">yuv_filter_p_yuv_hbi, 2048, 16, 0, 2457600, 8, 1, 19660800</column>
<column name="p_scale_channels_ch3_U">yuv_filter_p_yuv_hbi, 2048, 16, 0, 2457600, 8, 1, 19660800</column>
</table>
</item>
<item name = "FIFO"><table name="" hasTotal="1">
<keys size="7">Name, BRAM_18K, FF, LUT, Depth, Bits, Size:D*B</keys>
</table>
</item>
<item name = "Expression"><table name="" hasTotal="1">
<keys size="7">Variable Name, Operation, DSP48E, FF, LUT, Bitwidth P0, Bitwidth P1</keys>
<column name="tmp_7_i_fu_370_p2">*, 1, 0, 0, 8, 8</column>
<column name="tmp_8_i_fu_386_p2">*, 1, 0, 0, 8, 8</column>
<column name="tmp_i_fu_378_p2">*, 1, 0, 0, 8, 8</column>
<column name="tmp_2_fu_334_p2">+, 0, 0, 23, 23, 23</column>
<column name="tmp_3_fu_355_p2">+, 0, 0, 23, 23, 23</column>
<column name="x_fu_304_p2">+, 0, 0, 16, 16, 1</column>
<column name="y_fu_345_p2">+, 0, 0, 16, 16, 1</column>
<column name="exitcond1_i_fu_299_p2">icmp, 0, 0, 6, 16, 16</column>
<column name="exitcond_i_fu_340_p2">icmp, 0, 0, 6, 16, 16</column>
</table>
</item>
<item name = "Multiplexer"><table name="" hasTotal="1">
<keys size="5">Name, LUT, Input Size, Bits, Total Bits</keys>
<column name="ap_NS_fsm">6, 12, 1, 12</column>
<column name="p_scale_channels_ch1_address0">22, 3, 22, 66</column>
<column name="p_scale_channels_ch1_ce0">1, 3, 1, 3</column>
<column name="p_scale_channels_ch2_address0">22, 3, 22, 66</column>
<column name="p_scale_channels_ch2_ce0">1, 3, 1, 3</column>
<column name="p_scale_channels_ch3_address0">22, 3, 22, 66</column>
<column name="p_scale_channels_ch3_ce0">1, 3, 1, 3</column>
<column name="p_yuv_channels_ch1_address0">22, 3, 22, 66</column>
<column name="p_yuv_channels_ch1_ce0">1, 3, 1, 3</column>
<column name="p_yuv_channels_ch1_we0">1, 2, 1, 2</column>
<column name="p_yuv_channels_ch2_address0">22, 3, 22, 66</column>
<column name="p_yuv_channels_ch2_ce0">1, 3, 1, 3</column>
<column name="p_yuv_channels_ch2_we0">1, 2, 1, 2</column>
<column name="p_yuv_channels_ch3_address0">22, 3, 22, 66</column>
<column name="p_yuv_channels_ch3_ce0">1, 3, 1, 3</column>
<column name="p_yuv_channels_ch3_we0">1, 2, 1, 2</column>
<column name="x_i_reg_222">16, 2, 16, 32</column>
<column name="y_i_reg_233">16, 2, 16, 32</column>
</table>
</item>
<item name = "Register"><table name="" hasTotal="1">
<keys size="5">Name, FF, LUT, Bits, Const Bits</keys>
<column name="U_reg_516">8, 0, 8, 0</column>
<column name="V_reg_521">8, 0, 8, 0</column>
<column name="Y_reg_511">8, 0, 8, 0</column>
<column name="ap_CS_fsm">11, 0, 11, 0</column>
<column name="ap_reg_grp_rgb2yuv_fu_244_ap_start">1, 0, 1, 0</column>
<column name="ap_reg_grp_yuv2rgb_fu_264_ap_start">1, 0, 1, 0</column>
<column name="p_yuv_height_reg_447">16, 0, 16, 0</column>
<column name="p_yuv_width_reg_441">16, 0, 16, 0</column>
<column name="tmp_10_i_reg_526">8, 0, 8, 0</column>
<column name="tmp_11_i_reg_531">8, 0, 8, 0</column>
<column name="tmp_12_i_reg_536">8, 0, 8, 0</column>
<column name="tmp_1_i_cast_reg_458">8, 0, 15, 7</column>
<column name="tmp_2_i_cast_reg_463">8, 0, 15, 7</column>
<column name="tmp_2_reg_476">15, 0, 23, 8</column>
<column name="tmp_3_cast_reg_489">23, 0, 32, 9</column>
<column name="tmp_i_cast_reg_453">8, 0, 15, 7</column>
<column name="x_i_reg_222">16, 0, 16, 0</column>
<column name="x_reg_471">16, 0, 16, 0</column>
<column name="y_i_reg_233">16, 0, 16, 0</column>
<column name="y_reg_484">16, 0, 16, 0</column>
</table>
</item>
</section>
</item>
</section>

<section name = "Interface" level="0">
<item name = "Summary"><table name="" hasTotal="0">
<keys size="6">RTL Ports, Dir, Bits, Protocol, Source Object, C Type</keys>
<column name="ap_clk">in, 1, ap_ctrl_hs, yuv_filter, return value</column>
<column name="ap_rst">in, 1, ap_ctrl_hs, yuv_filter, return value</column>
<column name="ap_start">in, 1, ap_ctrl_hs, yuv_filter, return value</column>
<column name="ap_done">out, 1, ap_ctrl_hs, yuv_filter, return value</column>
<column name="ap_idle">out, 1, ap_ctrl_hs, yuv_filter, return value</column>
<column name="ap_ready">out, 1, ap_ctrl_hs, yuv_filter, return value</column>
<column name="in_channels_ch1_address0">out, 22, ap_memory, in_channels_ch1, array</column>
<column name="in_channels_ch1_ce0">out, 1, ap_memory, in_channels_ch1, array</column>
<column name="in_channels_ch1_q0">in, 8, ap_memory, in_channels_ch1, array</column>
<column name="in_channels_ch2_address0">out, 22, ap_memory, in_channels_ch2, array</column>
<column name="in_channels_ch2_ce0">out, 1, ap_memory, in_channels_ch2, array</column>
<column name="in_channels_ch2_q0">in, 8, ap_memory, in_channels_ch2, array</column>
<column name="in_channels_ch3_address0">out, 22, ap_memory, in_channels_ch3, array</column>
<column name="in_channels_ch3_ce0">out, 1, ap_memory, in_channels_ch3, array</column>
<column name="in_channels_ch3_q0">in, 8, ap_memory, in_channels_ch3, array</column>
<column name="in_width">in, 16, ap_none, in_width, pointer</column>
<column name="in_height">in, 16, ap_none, in_height, pointer</column>
<column name="out_channels_ch1_address0">out, 22, ap_memory, out_channels_ch1, array</column>
<column name="out_channels_ch1_ce0">out, 1, ap_memory, out_channels_ch1, array</column>
<column name="out_channels_ch1_we0">out, 1, ap_memory, out_channels_ch1, array</column>
<column name="out_channels_ch1_d0">out, 8, ap_memory, out_channels_ch1, array</column>
<column name="out_channels_ch2_address0">out, 22, ap_memory, out_channels_ch2, array</column>
<column name="out_channels_ch2_ce0">out, 1, ap_memory, out_channels_ch2, array</column>
<column name="out_channels_ch2_we0">out, 1, ap_memory, out_channels_ch2, array</column>
<column name="out_channels_ch2_d0">out, 8, ap_memory, out_channels_ch2, array</column>
<column name="out_channels_ch3_address0">out, 22, ap_memory, out_channels_ch3, array</column>
<column name="out_channels_ch3_ce0">out, 1, ap_memory, out_channels_ch3, array</column>
<column name="out_channels_ch3_we0">out, 1, ap_memory, out_channels_ch3, array</column>
<column name="out_channels_ch3_d0">out, 8, ap_memory, out_channels_ch3, array</column>
<column name="out_width">out, 16, ap_vld, out_width, pointer</column>
<column name="out_width_ap_vld">out, 1, ap_vld, out_width, pointer</column>
<column name="out_height">out, 16, ap_vld, out_height, pointer</column>
<column name="out_height_ap_vld">out, 1, ap_vld, out_height, pointer</column>
<column name="Y_scale">in, 8, ap_none, Y_scale, scalar</column>
<column name="U_scale">in, 8, ap_none, U_scale, scalar</column>
<column name="V_scale">in, 8, ap_none, V_scale, scalar</column>
</table>
</item>
</section>
</profile>
