<?xml version="1.0" encoding="UTF-8"?>
<vivadoHLSLog:LogRoot xmlns:vivadoHLSLog="www.xilinx.com/vivadoHLSLog">
  <errorLogs>
    <logs>
      <synLog/>
      <simLog/>
      <mgLog/>
      <packageLog/>
      <csimLog/>
    </logs>
  </errorLogs>
  <warningLogs>
    <logs>
      <synLog>
        <logs message="WARNING: [RTGEN 206-101] RTL name 'dct_mac_muladd_16eOg' is changed to 'dct_mac_muladd_16eOg_x' due to conflict." projectName="dct.prj" solutionName="solution7" date="2024-11-01T17:03:36.202-0400" type="Warning"/>
        <logs message="WARNING: [RTGEN 206-101] RTL name 'dct_mac_muladd_16dEe' is changed to 'dct_mac_muladd_16dEe_x' due to conflict." projectName="dct.prj" solutionName="solution7" date="2024-11-01T17:03:36.200-0400" type="Warning"/>
        <logs message="WARNING: [RTGEN 206-101] RTL name 'dct_mul_mul_16s_1cud' is changed to 'dct_mul_mul_16s_1cud_x' due to conflict." projectName="dct.prj" solutionName="solution7" date="2024-11-01T17:03:36.198-0400" type="Warning"/>
        <logs message="WARNING: [SCHED 204-21] The critical path consists of the following:&#xD;&#xA;&#x9;'mul' operation ('tmp_3_5_i', dct.c:17) (3.36 ns)&#xD;&#xA;&#x9;'add' operation ('tmp4', dct.c:19) (3.02 ns)&#xD;&#xA;&#x9;'add' operation ('tmp3', dct.c:19) (2.44 ns)&#xD;&#xA;&#x9;'add' operation ('tmp_9_i', dct.c:19) (1.97 ns)" projectName="dct.prj" solutionName="solution7" date="2024-11-01T17:03:35.692-0400" type="Warning"/>
        <logs message="WARNING: [SCHED 204-21] Estimated clock period (10.8ns) exceeds the target (target clock period: 10ns, clock uncertainty: 1.25ns, effective delay budget: 8.75ns)." projectName="dct.prj" solutionName="solution7" date="2024-11-01T17:03:35.690-0400" type="Warning"/>
        <logs message="WARNING: [SCHED 204-68] Unable to enforce a carried dependence constraint (II = 1, distance = 1, offset = 1)&#xD;&#xA;   between 'store' operation (dct.c:40->dct.c:87) of variable 'tmp_48', dct.c:40->dct.c:87 on array 'col_inbuf' and 'load' operation ('col_inbuf_load', dct.c:40->dct.c:87) on array 'col_inbuf'." projectName="dct.prj" solutionName="solution7" date="2024-11-01T17:03:35.630-0400" type="Warning"/>
        <logs message="WARNING: [SCHED 204-21] The critical path consists of the following:&#xD;&#xA;&#x9;'mul' operation ('tmp_3_5_i', dct.c:17) (3.36 ns)&#xD;&#xA;&#x9;'add' operation ('tmp5', dct.c:19) (3.02 ns)&#xD;&#xA;&#x9;'add' operation ('tmp4', dct.c:19) (2.44 ns)&#xD;&#xA;&#x9;'add' operation ('tmp_9_i', dct.c:19) (1.97 ns)" projectName="dct.prj" solutionName="solution7" date="2024-11-01T17:03:35.583-0400" type="Warning"/>
        <logs message="WARNING: [SCHED 204-21] Estimated clock period (10.8ns) exceeds the target (target clock period: 10ns, clock uncertainty: 1.25ns, effective delay budget: 8.75ns)." projectName="dct.prj" solutionName="solution7" date="2024-11-01T17:03:35.582-0400" type="Warning"/>
        <logs message="WARNING: [SCHED 204-68] Unable to enforce a carried dependence constraint (II = 1, distance = 1, offset = 1)&#xD;&#xA;   between 'store' operation (dct.c:62) of variable 'tmp_26', dct.c:62 on array 'buf_r' and 'load' operation ('buf_load', dct.c:62) on array 'buf_r'." projectName="dct.prj" solutionName="solution7" date="2024-11-01T17:03:35.523-0400" type="Warning"/>
        <logs message="WARNING: [SYN 201-107] Renaming port name 'dct/output' to 'dct/output_r' to avoid the conflict with HDL keywords or other object names." projectName="dct.prj" solutionName="solution7" date="2024-11-01T17:03:35.511-0400" type="Warning"/>
        <logs message="WARNING: [SYN 201-107] Renaming port name 'dct/input' to 'dct/input_r' to avoid the conflict with HDL keywords or other object names." projectName="dct.prj" solutionName="solution7" date="2024-11-01T17:03:35.508-0400" type="Warning"/>
        <logs message="WARNING: [XFORM 203-631] Renaming function 'Loop_Xpose_Col_Outer_Loop_proc' (dct.c:48:63) into Loop_Xpose_Col_Outer." projectName="dct.prj" solutionName="solution7" date="2024-11-01T17:03:35.500-0400" type="Warning"/>
        <logs message="WARNING: [XFORM 203-631] Renaming function 'Loop_Col_DCT_Loop_proc' (dct.c:13:61) into Loop_Col_DCT_Loop_pr." projectName="dct.prj" solutionName="solution7" date="2024-11-01T17:03:35.378-0400" type="Warning"/>
        <logs message="WARNING: [XFORM 203-631] Renaming function 'Loop_Xpose_Row_Outer_Loop_proc' (dct.c:37:63) into Loop_Xpose_Row_Outer." projectName="dct.prj" solutionName="solution7" date="2024-11-01T17:03:35.376-0400" type="Warning"/>
        <logs message="WARNING: [XFORM 203-631] Renaming function 'Loop_Row_DCT_Loop_proc' (dct.c:13:61) into Loop_Row_DCT_Loop_pr." projectName="dct.prj" solutionName="solution7" date="2024-11-01T17:03:35.374-0400" type="Warning"/>
        <logs message="WARNING: [XFORM 203-542] the outer loop is not a perfect loop." projectName="dct.prj" solutionName="solution7" date="2024-11-01T17:03:35.372-0400" type="Warning"/>
        <logs message="WARNING: [XFORM 203-542] Cannot flatten a loop nest 'Col_DCT_Loop' (dct.c:43:67) in function 'Loop_Col_DCT_Loop_proc' : " projectName="dct.prj" solutionName="solution7" date="2024-11-01T17:03:35.347-0400" type="Warning"/>
        <logs message="WARNING: [XFORM 203-542] the outer loop is not a perfect loop." projectName="dct.prj" solutionName="solution7" date="2024-11-01T17:03:35.345-0400" type="Warning"/>
        <logs message="WARNING: [XFORM 203-542] Cannot flatten a loop nest 'Row_DCT_Loop' (dct.c:32:66) in function 'Loop_Row_DCT_Loop_proc' : " projectName="dct.prj" solutionName="solution7" date="2024-11-01T17:03:35.342-0400" type="Warning"/>
        <logs message="WARNING: [XFORM 203-713] All the elements of global array 'col_inbuf' (dct.c:27) should be updated in process function 'Loop_Xpose_Row_Outer_Loop_proc' (dct.c:37:63), otherwise it may not be synthesized correctly." projectName="dct.prj" solutionName="solution7" date="2024-11-01T17:03:35.213-0400" type="Warning"/>
        <logs message="WARNING: [XFORM 203-713] All the elements of global array 'buf_2d_in' (dct.c:81) should be updated in process function 'read_data' (dct.c:54), otherwise it may not be synthesized correctly." projectName="dct.prj" solutionName="solution7" date="2024-11-01T17:03:35.211-0400" type="Warning"/>
        <logs message="WARNING: [XFORM 203-713] All the elements of global array 'col_outbuf.i' should be updated in process function 'Loop_Col_DCT_Loop_proc' (dct.c:43:61), otherwise it may not be synthesized correctly." projectName="dct.prj" solutionName="solution7" date="2024-11-01T17:03:35.209-0400" type="Warning"/>
        <logs message="WARNING: [XFORM 203-713] All the elements of global array 'row_outbuf.i' should be updated in process function 'Loop_Row_DCT_Loop_proc' (dct.c:32:60), otherwise it may not be synthesized correctly." projectName="dct.prj" solutionName="solution7" date="2024-11-01T17:03:35.207-0400" type="Warning"/>
        <logs message="WARNING: [RTGEN 206-101] RTL name 'dct_mac_muladd_14mb6' is changed to 'dct_mac_muladd_14mb6_x' due to conflict." projectName="dct.prj" solutionName="solution6" date="2024-11-01T17:01:43.778-0400" type="Warning"/>
        <logs message="WARNING: [RTGEN 206-101] RTL name 'dct_mac_muladd_15lbW' is changed to 'dct_mac_muladd_15lbW_x' due to conflict." projectName="dct.prj" solutionName="solution6" date="2024-11-01T17:01:43.776-0400" type="Warning"/>
        <logs message="WARNING: [RTGEN 206-101] RTL name 'dct_mac_muladd_15kbM' is changed to 'dct_mac_muladd_15kbM_x' due to conflict." projectName="dct.prj" solutionName="solution6" date="2024-11-01T17:01:43.774-0400" type="Warning"/>
        <logs message="WARNING: [RTGEN 206-101] RTL name 'dct_mul_mul_15s_1jbC' is changed to 'dct_mul_mul_15s_1jbC_x' due to conflict." projectName="dct.prj" solutionName="solution6" date="2024-11-01T17:01:43.772-0400" type="Warning"/>
        <logs message="WARNING: [SCHED 204-21] The critical path consists of the following:&#xD;&#xA;&#x9;'mul' operation ('tmp_3_i', dct.c:17->dct.c:44->dct.c:87) (3.36 ns)&#xD;&#xA;&#x9;'add' operation ('tmp1', dct.c:19->dct.c:44->dct.c:87) (3.02 ns)&#xD;&#xA;&#x9;'add' operation ('tmp', dct.c:19->dct.c:44->dct.c:87) (2.44 ns)&#xD;&#xA;&#x9;'add' operation ('tmp_9_i', dct.c:19->dct.c:44->dct.c:87) (1.97 ns)" projectName="dct.prj" solutionName="solution6" date="2024-11-01T17:01:43.223-0400" type="Warning"/>
        <logs message="WARNING: [SCHED 204-21] Estimated clock period (10.8ns) exceeds the target (target clock period: 10ns, clock uncertainty: 1.25ns, effective delay budget: 8.75ns)." projectName="dct.prj" solutionName="solution6" date="2024-11-01T17:01:43.220-0400" type="Warning"/>
        <logs message="WARNING: [SCHED 204-21] The critical path consists of the following:&#xD;&#xA;&#x9;'mul' operation ('tmp_3_i', dct.c:17->dct.c:33->dct.c:87) (3.36 ns)&#xD;&#xA;&#x9;'add' operation ('tmp2', dct.c:19->dct.c:33->dct.c:87) (3.02 ns)&#xD;&#xA;&#x9;'add' operation ('tmp1', dct.c:19->dct.c:33->dct.c:87) (2.44 ns)&#xD;&#xA;&#x9;'add' operation ('tmp_9_i', dct.c:19->dct.c:33->dct.c:87) (1.97 ns)" projectName="dct.prj" solutionName="solution6" date="2024-11-01T17:01:43.113-0400" type="Warning"/>
        <logs message="WARNING: [SCHED 204-21] Estimated clock period (10.8ns) exceeds the target (target clock period: 10ns, clock uncertainty: 1.25ns, effective delay budget: 8.75ns)." projectName="dct.prj" solutionName="solution6" date="2024-11-01T17:01:43.110-0400" type="Warning"/>
        <logs message="WARNING: [SYN 201-107] Renaming port name 'dct/output' to 'dct/output_r' to avoid the conflict with HDL keywords or other object names." projectName="dct.prj" solutionName="solution6" date="2024-11-01T17:01:43.044-0400" type="Warning"/>
        <logs message="WARNING: [SYN 201-107] Renaming port name 'dct/input' to 'dct/input_r' to avoid the conflict with HDL keywords or other object names." projectName="dct.prj" solutionName="solution6" date="2024-11-01T17:01:43.042-0400" type="Warning"/>
        <logs message="WARNING: [XFORM 203-631] Renaming function 'Loop_Xpose_Col_Outer_Loop_proc' (dct.c:48:63) into Loop_Xpose_Col_Outer." projectName="dct.prj" solutionName="solution6" date="2024-11-01T17:01:43.033-0400" type="Warning"/>
        <logs message="WARNING: [XFORM 203-631] Renaming function 'Loop_Col_DCT_Loop_proc' (dct.c:13:61) into Loop_Col_DCT_Loop_pr." projectName="dct.prj" solutionName="solution6" date="2024-11-01T17:01:42.932-0400" type="Warning"/>
        <logs message="WARNING: [XFORM 203-631] Renaming function 'Loop_Xpose_Row_Outer_Loop_proc' (dct.c:37:63) into Loop_Xpose_Row_Outer." projectName="dct.prj" solutionName="solution6" date="2024-11-01T17:01:42.930-0400" type="Warning"/>
        <logs message="WARNING: [XFORM 203-631] Renaming function 'Loop_Row_DCT_Loop_proc' (dct.c:13:61) into Loop_Row_DCT_Loop_pr." projectName="dct.prj" solutionName="solution6" date="2024-11-01T17:01:42.929-0400" type="Warning"/>
        <logs message="WARNING: [XFORM 203-542] the outer loop is not a perfect loop." projectName="dct.prj" solutionName="solution6" date="2024-11-01T17:01:42.927-0400" type="Warning"/>
        <logs message="WARNING: [XFORM 203-542] Cannot flatten a loop nest 'Col_DCT_Loop' (dct.c:43:67) in function 'Loop_Col_DCT_Loop_proc' : " projectName="dct.prj" solutionName="solution6" date="2024-11-01T17:01:42.915-0400" type="Warning"/>
        <logs message="WARNING: [XFORM 203-542] the outer loop is not a perfect loop." projectName="dct.prj" solutionName="solution6" date="2024-11-01T17:01:42.913-0400" type="Warning"/>
        <logs message="WARNING: [XFORM 203-542] Cannot flatten a loop nest 'Row_DCT_Loop' (dct.c:32:66) in function 'Loop_Row_DCT_Loop_proc' : " projectName="dct.prj" solutionName="solution6" date="2024-11-01T17:01:42.911-0400" type="Warning"/>
        <logs message="WARNING: [XFORM 203-713] All the elements of global array 'row_outbuf.i' should be updated in process function 'Loop_Row_DCT_Loop_proc' (dct.c:32:60), otherwise it may not be synthesized correctly." projectName="dct.prj" solutionName="solution6" date="2024-11-01T17:01:42.815-0400" type="Warning"/>
        <logs message="WARNING: [XFORM 203-713] All the elements of global array 'col_inbuf[1]' (dct.c:27) should be updated in process function 'Loop_Xpose_Row_Outer_Loop_proc' (dct.c:37:63), otherwise it may not be synthesized correctly." projectName="dct.prj" solutionName="solution6" date="2024-11-01T17:01:42.813-0400" type="Warning"/>
        <logs message="WARNING: [XFORM 203-713] All the elements of global array 'buf_2d_in[1]' (dct.c:81) should be updated in process function 'read_data' (dct.c:54), otherwise it may not be synthesized correctly." projectName="dct.prj" solutionName="solution6" date="2024-11-01T17:01:42.811-0400" type="Warning"/>
        <logs message="WARNING: [XFORM 203-713] All the elements of global array 'col_inbuf[0]' (dct.c:27) should be updated in process function 'Loop_Xpose_Row_Outer_Loop_proc' (dct.c:37:63), otherwise it may not be synthesized correctly." projectName="dct.prj" solutionName="solution6" date="2024-11-01T17:01:42.809-0400" type="Warning"/>
        <logs message="WARNING: [XFORM 203-713] All the elements of global array 'buf_2d_in[5]' (dct.c:81) should be updated in process function 'read_data' (dct.c:54), otherwise it may not be synthesized correctly." projectName="dct.prj" solutionName="solution6" date="2024-11-01T17:01:42.807-0400" type="Warning"/>
        <logs message="WARNING: [XFORM 203-713] All the elements of global array 'col_outbuf.i' should be updated in process function 'Loop_Col_DCT_Loop_proc' (dct.c:43:61), otherwise it may not be synthesized correctly." projectName="dct.prj" solutionName="solution6" date="2024-11-01T17:01:42.804-0400" type="Warning"/>
        <logs message="WARNING: [XFORM 203-713] All the elements of global array 'buf_2d_in[7]' (dct.c:81) should be updated in process function 'read_data' (dct.c:54), otherwise it may not be synthesized correctly." projectName="dct.prj" solutionName="solution6" date="2024-11-01T17:01:42.802-0400" type="Warning"/>
        <logs message="WARNING: [XFORM 203-713] All the elements of global array 'buf_2d_in[6]' (dct.c:81) should be updated in process function 'read_data' (dct.c:54), otherwise it may not be synthesized correctly." projectName="dct.prj" solutionName="solution6" date="2024-11-01T17:01:42.800-0400" type="Warning"/>
        <logs message="WARNING: [XFORM 203-713] All the elements of global array 'buf_2d_in[4]' (dct.c:81) should be updated in process function 'read_data' (dct.c:54), otherwise it may not be synthesized correctly." projectName="dct.prj" solutionName="solution6" date="2024-11-01T17:01:42.798-0400" type="Warning"/>
        <logs message="WARNING: [XFORM 203-713] All the elements of global array 'buf_2d_in[3]' (dct.c:81) should be updated in process function 'read_data' (dct.c:54), otherwise it may not be synthesized correctly." projectName="dct.prj" solutionName="solution6" date="2024-11-01T17:01:42.796-0400" type="Warning"/>
        <logs message="WARNING: [XFORM 203-713] All the elements of global array 'buf_2d_in[2]' (dct.c:81) should be updated in process function 'read_data' (dct.c:54), otherwise it may not be synthesized correctly." projectName="dct.prj" solutionName="solution6" date="2024-11-01T17:01:42.794-0400" type="Warning"/>
        <logs message="WARNING: [XFORM 203-713] All the elements of global array 'buf_2d_in[0]' (dct.c:81) should be updated in process function 'read_data' (dct.c:54), otherwise it may not be synthesized correctly." projectName="dct.prj" solutionName="solution6" date="2024-11-01T17:01:42.792-0400" type="Warning"/>
        <logs message="WARNING: [XFORM 203-713] All the elements of global array 'col_inbuf[2]' (dct.c:27) should be updated in process function 'Loop_Xpose_Row_Outer_Loop_proc' (dct.c:37:63), otherwise it may not be synthesized correctly." projectName="dct.prj" solutionName="solution6" date="2024-11-01T17:01:42.790-0400" type="Warning"/>
        <logs message="WARNING: [XFORM 203-713] All the elements of global array 'col_inbuf[5]' (dct.c:27) should be updated in process function 'Loop_Xpose_Row_Outer_Loop_proc' (dct.c:37:63), otherwise it may not be synthesized correctly." projectName="dct.prj" solutionName="solution6" date="2024-11-01T17:01:42.788-0400" type="Warning"/>
        <logs message="WARNING: [XFORM 203-713] All the elements of global array 'col_inbuf[4]' (dct.c:27) should be updated in process function 'Loop_Xpose_Row_Outer_Loop_proc' (dct.c:37:63), otherwise it may not be synthesized correctly." projectName="dct.prj" solutionName="solution6" date="2024-11-01T17:01:42.786-0400" type="Warning"/>
        <logs message="WARNING: [XFORM 203-713] All the elements of global array 'col_inbuf[6]' (dct.c:27) should be updated in process function 'Loop_Xpose_Row_Outer_Loop_proc' (dct.c:37:63), otherwise it may not be synthesized correctly." projectName="dct.prj" solutionName="solution6" date="2024-11-01T17:01:42.784-0400" type="Warning"/>
        <logs message="WARNING: [XFORM 203-713] All the elements of global array 'col_inbuf[7]' (dct.c:27) should be updated in process function 'Loop_Xpose_Row_Outer_Loop_proc' (dct.c:37:63), otherwise it may not be synthesized correctly." projectName="dct.prj" solutionName="solution6" date="2024-11-01T17:01:42.782-0400" type="Warning"/>
        <logs message="WARNING: [XFORM 203-713] All the elements of global array 'col_inbuf[3]' (dct.c:27) should be updated in process function 'Loop_Xpose_Row_Outer_Loop_proc' (dct.c:37:63), otherwise it may not be synthesized correctly." projectName="dct.prj" solutionName="solution6" date="2024-11-01T17:01:42.780-0400" type="Warning"/>
        <logs message="WARNING: [SCHED 204-21] The critical path consists of the following:&#xD;&#xA;&#x9;'mul' operation ('tmp_7', dct.c:17) (3.36 ns)&#xD;&#xA;&#x9;'add' operation ('tmp2', dct.c:19) (3.02 ns)&#xD;&#xA;&#x9;'add' operation ('tmp1', dct.c:19) (2.44 ns)&#xD;&#xA;&#x9;'add' operation ('tmp_3', dct.c:19) (1.97 ns)" projectName="dct.prj" solutionName="solution5" date="2024-11-01T16:59:49.518-0400" type="Warning"/>
        <logs message="WARNING: [SCHED 204-21] Estimated clock period (10.8ns) exceeds the target (target clock period: 10ns, clock uncertainty: 1.25ns, effective delay budget: 8.75ns)." projectName="dct.prj" solutionName="solution5" date="2024-11-01T16:59:49.515-0400" type="Warning"/>
        <logs message="WARNING: [SYN 201-107] Renaming port name 'dct/output' to 'dct/output_r' to avoid the conflict with HDL keywords or other object names." projectName="dct.prj" solutionName="solution5" date="2024-11-01T16:59:49.450-0400" type="Warning"/>
        <logs message="WARNING: [SYN 201-107] Renaming port name 'dct/input' to 'dct/input_r' to avoid the conflict with HDL keywords or other object names." projectName="dct.prj" solutionName="solution5" date="2024-11-01T16:59:49.448-0400" type="Warning"/>
        <logs message="WARNING: [XFORM 203-713] All the elements of global array 'buf_2d_in[7]' (dct.c:81) should be updated in process function 'read_data' (dct.c:54), otherwise it may not be synthesized correctly." projectName="dct.prj" solutionName="solution5" date="2024-11-01T16:59:49.211-0400" type="Warning"/>
        <logs message="WARNING: [XFORM 203-713] All the elements of global array 'buf_2d_in[5]' (dct.c:81) should be updated in process function 'read_data' (dct.c:54), otherwise it may not be synthesized correctly." projectName="dct.prj" solutionName="solution5" date="2024-11-01T16:59:49.209-0400" type="Warning"/>
        <logs message="WARNING: [XFORM 203-713] All the elements of global array 'buf_2d_in[2]' (dct.c:81) should be updated in process function 'read_data' (dct.c:54), otherwise it may not be synthesized correctly." projectName="dct.prj" solutionName="solution5" date="2024-11-01T16:59:49.207-0400" type="Warning"/>
        <logs message="WARNING: [XFORM 203-713] All the elements of global array 'buf_2d_in[0]' (dct.c:81) should be updated in process function 'read_data' (dct.c:54), otherwise it may not be synthesized correctly." projectName="dct.prj" solutionName="solution5" date="2024-11-01T16:59:49.203-0400" type="Warning"/>
        <logs message="WARNING: [XFORM 203-713] All the elements of global array 'buf_2d_in[6]' (dct.c:81) should be updated in process function 'read_data' (dct.c:54), otherwise it may not be synthesized correctly." projectName="dct.prj" solutionName="solution5" date="2024-11-01T16:59:49.201-0400" type="Warning"/>
        <logs message="WARNING: [XFORM 203-713] All the elements of global array 'buf_2d_in[4]' (dct.c:81) should be updated in process function 'read_data' (dct.c:54), otherwise it may not be synthesized correctly." projectName="dct.prj" solutionName="solution5" date="2024-11-01T16:59:49.199-0400" type="Warning"/>
        <logs message="WARNING: [XFORM 203-713] All the elements of global array 'buf_2d_in[3]' (dct.c:81) should be updated in process function 'read_data' (dct.c:54), otherwise it may not be synthesized correctly." projectName="dct.prj" solutionName="solution5" date="2024-11-01T16:59:49.196-0400" type="Warning"/>
        <logs message="WARNING: [XFORM 203-713] All the elements of global array 'buf_2d_in[1]' (dct.c:81) should be updated in process function 'read_data' (dct.c:54), otherwise it may not be synthesized correctly." projectName="dct.prj" solutionName="solution5" date="2024-11-01T16:59:49.194-0400" type="Warning"/>
        <logs message="WARNING: [SCHED 204-21] The critical path consists of the following:&#xD;&#xA;&#x9;'mul' operation ('tmp_7', dct.c:17) (3.36 ns)&#xD;&#xA;&#x9;'add' operation ('tmp2', dct.c:19) (3.02 ns)&#xD;&#xA;&#x9;'add' operation ('tmp1', dct.c:19) (2.44 ns)&#xD;&#xA;&#x9;'add' operation ('tmp_3', dct.c:19) (1.97 ns)" projectName="dct.prj" solutionName="solution4" date="2024-11-01T16:58:31.547-0400" type="Warning"/>
        <logs message="WARNING: [SCHED 204-21] Estimated clock period (10.8ns) exceeds the target (target clock period: 10ns, clock uncertainty: 1.25ns, effective delay budget: 8.75ns)." projectName="dct.prj" solutionName="solution4" date="2024-11-01T16:58:31.545-0400" type="Warning"/>
        <logs message="WARNING: [SYN 201-107] Renaming port name 'dct/output' to 'dct/output_r' to avoid the conflict with HDL keywords or other object names." projectName="dct.prj" solutionName="solution4" date="2024-11-01T16:58:31.482-0400" type="Warning"/>
        <logs message="WARNING: [SYN 201-107] Renaming port name 'dct/input' to 'dct/input_r' to avoid the conflict with HDL keywords or other object names." projectName="dct.prj" solutionName="solution4" date="2024-11-01T16:58:31.479-0400" type="Warning"/>
        <logs message="WARNING: [SCHED 204-21] The critical path consists of the following:&#xD;&#xA;&#x9;'mul' operation ('tmp_7_7', dct.c:17) (3.36 ns)&#xD;&#xA;&#x9;'add' operation ('tmp7', dct.c:19) (3.02 ns)&#xD;&#xA;&#x9;'add' operation ('tmp6', dct.c:19) (3.02 ns)" projectName="dct.prj" solutionName="solution3" date="2024-11-01T16:54:13.826-0400" type="Warning"/>
        <logs message="WARNING: [SCHED 204-21] Estimated clock period (9.4ns) exceeds the target (target clock period: 10ns, clock uncertainty: 1.25ns, effective delay budget: 8.75ns)." projectName="dct.prj" solutionName="solution3" date="2024-11-01T16:54:13.823-0400" type="Warning"/>
        <logs message="WARNING: [SCHED 204-69] Unable to schedule 'load' operation ('src_load_5', dct.c:17) on array 'src' due to limited memory ports." projectName="dct.prj" solutionName="solution3" date="2024-11-01T16:54:13.820-0400" type="Warning"/>
        <logs message="WARNING: [SYN 201-107] Renaming port name 'dct/output' to 'dct/output_r' to avoid the conflict with HDL keywords or other object names." projectName="dct.prj" solutionName="solution3" date="2024-11-01T16:54:13.798-0400" type="Warning"/>
        <logs message="WARNING: [SYN 201-107] Renaming port name 'dct/input' to 'dct/input_r' to avoid the conflict with HDL keywords or other object names." projectName="dct.prj" solutionName="solution3" date="2024-11-01T16:54:13.796-0400" type="Warning"/>
        <logs message="WARNING: [SYN 201-107] Renaming port name 'dct/output' to 'dct/output_r' to avoid the conflict with HDL keywords or other object names." projectName="dct.prj" solutionName="solution2" date="2024-11-01T16:48:15.963-0400" type="Warning"/>
        <logs message="WARNING: [SYN 201-107] Renaming port name 'dct/input' to 'dct/input_r' to avoid the conflict with HDL keywords or other object names." projectName="dct.prj" solutionName="solution2" date="2024-11-01T16:48:15.960-0400" type="Warning"/>
        <logs message="WARNING: [XFORM 203-542] the outer loop is not a perfect loop because there is nontrivial logic in the loop latch." projectName="dct.prj" solutionName="solution2" date="2024-11-01T16:48:15.758-0400" type="Warning"/>
        <logs message="WARNING: [XFORM 203-542] Cannot flatten a loop nest 'DCT_Outer_Loop' (dct.c:13:67) in function 'dct_1d' : " projectName="dct.prj" solutionName="solution2" date="2024-11-01T16:48:15.755-0400" type="Warning"/>
        <logs message="WARNING: [SYN 201-107] Renaming port name 'dct/output' to 'dct/output_r' to avoid the conflict with HDL keywords or other object names." projectName="dct.prj" solutionName="solution1" date="2024-11-01T16:36:42.349-0400" type="Warning"/>
        <logs message="WARNING: [SYN 201-107] Renaming port name 'dct/input' to 'dct/input_r' to avoid the conflict with HDL keywords or other object names." projectName="dct.prj" solutionName="solution1" date="2024-11-01T16:36:42.347-0400" type="Warning"/>
      </synLog>
      <simLog/>
      <mgLog/>
      <packageLog/>
      <csimLog/>
    </logs>
  </warningLogs>
</vivadoHLSLog:LogRoot>
