<profile>

<section name = "Vivado HLS Report for 'dct_2d'" level="0">
<item name = "Date">Fri Nov 01 16:54:14 2024
</item>
<item name = "Version">2016.3 (Build 1682563 on Mon Oct 10 19:41:59 MDT 2016)</item>
<item name = "Project">dct.prj</item>
<item name = "Solution">solution3</item>
<item name = "Product family">zynq</item>
<item name = "Target device">xc7z020clg484-1</item>
</section>

<section name = "Performance Estimates" level="0">
<item name = "Timing (ns)">
<section name = "" level="1">
<item name = "Summary"><table name="" hasTotal="0">
<keys size="4">Clock, Target, Estimated, Uncertainty</keys>
<column name="ap_clk">10.00, 9.40, 1.25</column>
</table>
</item>
</section>
</item>
<item name = "Latency (clock cycles)">
<section name = "" level="1">
<item name = "Summary"><table name="" hasTotal="0">
<keys size="6">, min, max, min, max, Type</keys>
<column name="">742, 742, 742, 742, none</column>
</table>
</item>
<item name = "Detail">
<section name = "" level="1">
<item name = "Instance"><table name="" hasTotal="0">
<keys size="7">Instance, Module, min, max, min, max, Type</keys>
<column name="grp_dct_1d2_fu_221">dct_1d2, 36, 36, 36, 36, none</column>
</table>
</item>
<item name = "Loop"><table name="" hasTotal="0">
<keys size="8">Loop Name, min, max, Latency, achieved, target, Count, Pipelined</keys>
<column name="- Row_DCT_Loop">304, 304, 38, -, -, 8, no</column>
<column name="- Xpose_Row_Outer_Loop_Xpose_Row_Inner_Loop">64, 64, 2, 1, 1, 64, yes</column>
<column name="- Col_DCT_Loop">304, 304, 38, -, -, 8, no</column>
<column name="- Xpose_Col_Outer_Loop_Xpose_Col_Inner_Loop">64, 64, 2, 1, 1, 64, yes</column>
</table>
</item>
</section>
</item>
</section>
</item>
</section>

<section name = "Utilization Estimates" level="0">
<item name = "Summary"><table name="" hasTotal="1">
<keys size="5">Name, BRAM_18K, DSP48E, FF, LUT</keys>
<column name="DSP">-, -, -, -</column>
<column name="Expression">-, -, 0, 100</column>
<column name="FIFO">-, -, -, -</column>
<column name="Instance">0, 8, 539, 165</column>
<column name="Memory">3, -, 0, 0</column>
<column name="Multiplexer">-, -, -, 114</column>
<column name="Register">-, -, 78, -</column>
<specialColumn name="Available">280, 220, 106400, 53200</specialColumn>
<specialColumn name="Utilization (%)">1, 3, ~0, ~0</specialColumn>
</table>
</item>
<item name = "Detail">
<section name = "" level="1">
<item name = "Instance"><table name="" hasTotal="1">
<keys size="6">Instance, Module, BRAM_18K, DSP48E, FF, LUT</keys>
<column name="grp_dct_1d2_fu_221">dct_1d2, 0, 8, 539, 165</column>
</table>
</item>
<item name = "DSP48"><table name="" hasTotal="0">
<keys size="3">Instance, Module, Expression</keys>
</table>
</item>
<item name = "Memory"><table name="" hasTotal="1">
<keys size="9">Memory, Module, BRAM_18K, FF, LUT, Words, Bits, Banks, W*Bits*Banks</keys>
<column name="col_inbuf_U">dct_2d_col_inbuf, 1, 0, 0, 64, 16, 1, 1024</column>
<column name="row_outbuf_U">dct_2d_row_outbuf, 1, 0, 0, 64, 16, 1, 1024</column>
<column name="col_outbuf_U">dct_2d_row_outbuf, 1, 0, 0, 64, 16, 1, 1024</column>
</table>
</item>
<item name = "FIFO"><table name="" hasTotal="1">
<keys size="7">Name, BRAM_18K, FF, LUT, Depth, Bits, Size:D*B</keys>
</table>
</item>
<item name = "Expression"><table name="" hasTotal="1">
<keys size="7">Variable Name, Operation, DSP48E, FF, LUT, Bitwidth P0, Bitwidth P1</keys>
<column name="i_4_fu_256_p2">+, 0, 0, 4, 4, 1</column>
<column name="i_5_fu_366_p2">+, 0, 0, 4, 4, 1</column>
<column name="i_6_fu_329_p2">+, 0, 0, 4, 4, 1</column>
<column name="i_7_fu_439_p2">+, 0, 0, 4, 4, 1</column>
<column name="indvar_flatten_next1_fu_378_p2">+, 0, 0, 7, 7, 1</column>
<column name="indvar_flatten_next_fu_268_p2">+, 0, 0, 7, 7, 1</column>
<column name="j_2_fu_274_p2">+, 0, 0, 4, 4, 1</column>
<column name="j_3_fu_384_p2">+, 0, 0, 4, 4, 1</column>
<column name="tmp_10_fu_459_p2">+, 0, 0, 8, 8, 8</column>
<column name="tmp_12_fu_428_p2">+, 0, 0, 8, 8, 8</column>
<column name="tmp_2_fu_349_p2">+, 0, 0, 8, 8, 8</column>
<column name="tmp_8_fu_318_p2">+, 0, 0, 8, 8, 8</column>
<column name="exitcond_flatten1_fu_372_p2">icmp, 0, 0, 3, 7, 8</column>
<column name="exitcond_flatten_fu_262_p2">icmp, 0, 0, 3, 7, 8</column>
<column name="tmp_4_fu_390_p2">icmp, 0, 0, 2, 4, 5</column>
<column name="tmp_9_fu_360_p2">icmp, 0, 0, 2, 4, 5</column>
<column name="tmp_fu_250_p2">icmp, 0, 0, 2, 4, 5</column>
<column name="tmp_s_fu_280_p2">icmp, 0, 0, 2, 4, 5</column>
<column name="i_1_mid2_fu_286_p3">select, 0, 0, 4, 1, 1</column>
<column name="i_3_mid2_fu_396_p3">select, 0, 0, 4, 1, 1</column>
<column name="j_1_cast2_mid2_v_fu_404_p3">select, 0, 0, 4, 1, 4</column>
<column name="j_cast5_mid2_v_fu_294_p3">select, 0, 0, 4, 1, 4</column>
</table>
</item>
<item name = "Multiplexer"><table name="" hasTotal="1">
<keys size="5">Name, LUT, Input Size, Bits, Total Bits</keys>
<column name="ap_NS_fsm">4, 10, 1, 10</column>
<column name="col_inbuf_address0">6, 3, 6, 18</column>
<column name="col_inbuf_ce0">1, 3, 1, 3</column>
<column name="col_inbuf_ce1">1, 2, 1, 2</column>
<column name="col_outbuf_address0">6, 3, 6, 18</column>
<column name="col_outbuf_ce0">1, 3, 1, 3</column>
<column name="col_outbuf_we0">1, 2, 1, 2</column>
<column name="grp_dct_1d2_fu_221_i_2">4, 3, 4, 12</column>
<column name="grp_dct_1d2_fu_221_i_21">4, 3, 4, 12</column>
<column name="grp_dct_1d2_fu_221_src_q0">16, 3, 16, 48</column>
<column name="grp_dct_1d2_fu_221_src_q1">16, 3, 16, 48</column>
<column name="i_1_reg_165">4, 2, 4, 8</column>
<column name="i_2_reg_176">4, 2, 4, 8</column>
<column name="i_3_reg_210">4, 2, 4, 8</column>
<column name="i_reg_131">4, 2, 4, 8</column>
<column name="indvar_flatten1_reg_188">7, 2, 7, 14</column>
<column name="indvar_flatten_reg_143">7, 2, 7, 14</column>
<column name="j_1_phi_fu_203_p4">4, 2, 4, 8</column>
<column name="j_1_reg_199">4, 2, 4, 8</column>
<column name="j_phi_fu_158_p4">4, 2, 4, 8</column>
<column name="j_reg_154">4, 2, 4, 8</column>
<column name="row_outbuf_address0">6, 3, 6, 18</column>
<column name="row_outbuf_ce0">1, 3, 1, 3</column>
<column name="row_outbuf_we0">1, 2, 1, 2</column>
</table>
</item>
<item name = "Register"><table name="" hasTotal="1">
<keys size="5">Name, FF, LUT, Bits, Const Bits</keys>
<column name="ap_CS_fsm">9, 0, 9, 0</column>
<column name="ap_enable_reg_pp0_iter0">1, 0, 1, 0</column>
<column name="ap_enable_reg_pp0_iter1">1, 0, 1, 0</column>
<column name="ap_enable_reg_pp1_iter0">1, 0, 1, 0</column>
<column name="ap_enable_reg_pp1_iter1">1, 0, 1, 0</column>
<column name="ap_reg_grp_dct_1d2_fu_221_ap_start">1, 0, 1, 0</column>
<column name="exitcond_flatten1_reg_518">1, 0, 1, 0</column>
<column name="exitcond_flatten_reg_479">1, 0, 1, 0</column>
<column name="i_1_mid2_reg_488">4, 0, 4, 0</column>
<column name="i_1_reg_165">4, 0, 4, 0</column>
<column name="i_2_reg_176">4, 0, 4, 0</column>
<column name="i_3_mid2_reg_527">4, 0, 4, 0</column>
<column name="i_3_reg_210">4, 0, 4, 0</column>
<column name="i_4_reg_474">4, 0, 4, 0</column>
<column name="i_5_reg_513">4, 0, 4, 0</column>
<column name="i_reg_131">4, 0, 4, 0</column>
<column name="indvar_flatten1_reg_188">7, 0, 7, 0</column>
<column name="indvar_flatten_reg_143">7, 0, 7, 0</column>
<column name="j_1_cast2_mid2_v_reg_532">4, 0, 4, 0</column>
<column name="j_1_reg_199">4, 0, 4, 0</column>
<column name="j_cast5_mid2_v_reg_493">4, 0, 4, 0</column>
<column name="j_reg_154">4, 0, 4, 0</column>
</table>
</item>
</section>
</item>
</section>

<section name = "Interface" level="0">
<item name = "Summary"><table name="" hasTotal="0">
<keys size="6">RTL Ports, Dir, Bits, Protocol, Source Object, C Type</keys>
<column name="ap_clk">in, 1, ap_ctrl_hs, dct_2d, return value</column>
<column name="ap_rst">in, 1, ap_ctrl_hs, dct_2d, return value</column>
<column name="ap_start">in, 1, ap_ctrl_hs, dct_2d, return value</column>
<column name="ap_done">out, 1, ap_ctrl_hs, dct_2d, return value</column>
<column name="ap_idle">out, 1, ap_ctrl_hs, dct_2d, return value</column>
<column name="ap_ready">out, 1, ap_ctrl_hs, dct_2d, return value</column>
<column name="in_block_address0">out, 6, ap_memory, in_block, array</column>
<column name="in_block_ce0">out, 1, ap_memory, in_block, array</column>
<column name="in_block_q0">in, 16, ap_memory, in_block, array</column>
<column name="in_block_address1">out, 6, ap_memory, in_block, array</column>
<column name="in_block_ce1">out, 1, ap_memory, in_block, array</column>
<column name="in_block_q1">in, 16, ap_memory, in_block, array</column>
<column name="out_block_address0">out, 6, ap_memory, out_block, array</column>
<column name="out_block_ce0">out, 1, ap_memory, out_block, array</column>
<column name="out_block_we0">out, 1, ap_memory, out_block, array</column>
<column name="out_block_d0">out, 16, ap_memory, out_block, array</column>
</table>
</item>
</section>
</profile>
