<stg><name>dct_2d</name>


<trans_list>

<trans id="104" from="1" to="2">
<condition id="56">
<or_exp><and_exp></and_exp></or_exp>
</condition>
</trans>

<trans id="105" from="2" to="3">
<condition id="57">
<or_exp><and_exp><literal name="tmp" val="0"/>
</and_exp></or_exp>
</condition>
</trans>

<trans id="108" from="2" to="4">
<condition id="62">
<or_exp><and_exp><literal name="tmp" val="1"/>
</and_exp></or_exp>
</condition>
</trans>

<trans id="107" from="3" to="2">
<condition id="60">
<or_exp><and_exp></and_exp></or_exp>
</condition>
</trans>

<trans id="124" from="4" to="6">
<condition id="83">
<or_exp><and_exp><literal name="exitcond_flatten" val="1"/>
</and_exp></or_exp>
</condition>
</trans>

<trans id="125" from="4" to="5">
<condition id="85">
<or_exp><and_exp><literal name="exitcond_flatten" val="0"/>
</and_exp></or_exp>
</condition>
</trans>

<trans id="123" from="5" to="4">
<condition id="84">
<or_exp><and_exp></and_exp></or_exp>
</condition>
</trans>

<trans id="113" from="6" to="7">
<condition id="70">
<or_exp><and_exp></and_exp></or_exp>
</condition>
</trans>

<trans id="114" from="7" to="8">
<condition id="71">
<or_exp><and_exp><literal name="tmp_9" val="0"/>
</and_exp></or_exp>
</condition>
</trans>

<trans id="117" from="7" to="9">
<condition id="76">
<or_exp><and_exp><literal name="tmp_9" val="1"/>
</and_exp></or_exp>
</condition>
</trans>

<trans id="116" from="8" to="7">
<condition id="74">
<or_exp><and_exp></and_exp></or_exp>
</condition>
</trans>

<trans id="128" from="9" to="11">
<condition id="86">
<or_exp><and_exp><literal name="exitcond_flatten1" val="1"/>
</and_exp></or_exp>
</condition>
</trans>

<trans id="129" from="9" to="10">
<condition id="88">
<or_exp><and_exp><literal name="exitcond_flatten1" val="0"/>
</and_exp></or_exp>
</condition>
</trans>

<trans id="127" from="10" to="9">
<condition id="87">
<or_exp><and_exp></and_exp></or_exp>
</condition>
</trans>
</trans_list>



<state_list>

<state id="1" st_id="1">

<operation id="12" st_id="1" stage="1" lat="1">
<core>RAM</core>
<MemPortIdVec></MemPortIdVec>
<condition id="40">
<or_exp><and_exp></and_exp></or_exp>
</condition>

<Node id="11" bw="16" op_0_bw="32">
<![CDATA[
:0  %row_outbuf = alloca [64 x i16], align 2

]]></Node>
<StgValue><ssdm name="row_outbuf"/><MemPortTyVec>2 3 </MemPortTyVec>
</StgValue>
</operation>

<operation id="13" st_id="1" stage="1" lat="1">
<core>RAM</core>
<MemPortIdVec></MemPortIdVec>
<condition id="40">
<or_exp><and_exp></and_exp></or_exp>
</condition>

<Node id="12" bw="16" op_0_bw="32">
<![CDATA[
:1  %col_outbuf = alloca [64 x i16], align 2

]]></Node>
<StgValue><ssdm name="col_outbuf"/><MemPortTyVec>2 3 </MemPortTyVec>
</StgValue>
</operation>

<operation id="14" st_id="1" stage="1" lat="1">
<core>RAM</core>
<MemPortIdVec></MemPortIdVec>
<condition id="40">
<or_exp><and_exp></and_exp></or_exp>
</condition>

<Node id="13" bw="16" op_0_bw="32">
<![CDATA[
:2  %col_inbuf = alloca [64 x i16], align 2

]]></Node>
<StgValue><ssdm name="col_inbuf"/><MemPortTyVec>2 1 </MemPortTyVec>
</StgValue>
</operation>

<operation id="15" st_id="1" stage="1" lat="1">
<core>NULL</core>
<MemPortIdVec></MemPortIdVec>
<condition id="40">
<or_exp><and_exp></and_exp></or_exp>
</condition>

<Node id="14" bw="0" op_0_bw="0">
<![CDATA[
:3  br label %1

]]></Node>
<StgValue><ssdm name=""/></StgValue>
</operation>
</state>

<state id="2" st_id="2">

<operation id="16" st_id="2" stage="1" lat="1">
<core>NULL</core>
<MemPortIdVec></MemPortIdVec>
<condition id="41">
<or_exp><and_exp></and_exp></or_exp>
</condition>

<Node id="16" bw="4" op_0_bw="4" op_1_bw="0">
<![CDATA[
:0  %i = phi i4 [ 0, %0 ], [ %i_4, %2 ]

]]></Node>
<StgValue><ssdm name="i"/></StgValue>
</operation>

<operation id="17" st_id="2" stage="1" lat="1">
<core>Cmp</core>
<MemPortIdVec></MemPortIdVec>
<condition id="41">
<or_exp><and_exp></and_exp></or_exp>
</condition>

<Node id="17" bw="1" op_0_bw="4" op_1_bw="4">
<![CDATA[
:1  %tmp = icmp eq i4 %i, -8

]]></Node>
<StgValue><ssdm name="tmp"/></StgValue>
</operation>

<operation id="18" st_id="2" stage="1" lat="1">
<core>NULL</core>
<MemPortIdVec></MemPortIdVec>
<condition id="41">
<or_exp><and_exp></and_exp></or_exp>
</condition>

<Node id="18" bw="32" op_0_bw="32" op_1_bw="64" op_2_bw="64" op_3_bw="64">
<![CDATA[
:2  %empty = call i32 (...)* @_ssdm_op_SpecLoopTripCount(i64 8, i64 8, i64 8)

]]></Node>
<StgValue><ssdm name="empty"/></StgValue>
</operation>

<operation id="19" st_id="2" stage="1" lat="1">
<core>AddSub</core>
<MemPortIdVec></MemPortIdVec>
<condition id="41">
<or_exp><and_exp></and_exp></or_exp>
</condition>

<Node id="19" bw="4" op_0_bw="4" op_1_bw="4">
<![CDATA[
:3  %i_4 = add i4 %i, 1

]]></Node>
<StgValue><ssdm name="i_4"/></StgValue>
</operation>

<operation id="20" st_id="2" stage="1" lat="1">
<core>NULL</core>
<MemPortIdVec></MemPortIdVec>
<condition id="41">
<or_exp><and_exp></and_exp></or_exp>
</condition>

<Node id="20" bw="0" op_0_bw="1" op_1_bw="0" op_2_bw="0">
<![CDATA[
:4  br i1 %tmp, label %.preheader2.preheader.preheader, label %2

]]></Node>
<StgValue><ssdm name=""/></StgValue>
</operation>

<operation id="21" st_id="2" stage="2" lat="2">
<core></core>
<MemPortIdVec></MemPortIdVec>
<condition id="43">
<or_exp><and_exp><literal name="tmp" val="0"/>
</and_exp></or_exp>
</condition>

<Node id="23" bw="0" op_0_bw="0" op_1_bw="16" op_2_bw="4" op_3_bw="16" op_4_bw="4">
<![CDATA[
:1  call fastcc void @dct_1d2([64 x i16]* %in_block, i4 %i, [64 x i16]* %row_outbuf, i4 %i)

]]></Node>
<StgValue><ssdm name=""/></StgValue>
</operation>

<operation id="22" st_id="2" stage="1" lat="1">
<core>NULL</core>
<MemPortIdVec></MemPortIdVec>
<condition id="45">
<or_exp><and_exp><literal name="tmp" val="1"/>
</and_exp></or_exp>
</condition>

<Node id="26" bw="0" op_0_bw="0">
<![CDATA[
.preheader2.preheader.preheader:0  br label %.preheader2.preheader

]]></Node>
<StgValue><ssdm name=""/></StgValue>
</operation>
</state>

<state id="3" st_id="3">

<operation id="23" st_id="3" stage="1" lat="1">
<core>NULL</core>
<MemPortIdVec></MemPortIdVec>
<condition id="46">
<or_exp><and_exp></and_exp></or_exp>
</condition>

<Node id="22" bw="0" op_0_bw="0" op_1_bw="0">
<![CDATA[
:0  call void (...)* @_ssdm_op_SpecLoopName([13 x i8]* @p_str3) nounwind

]]></Node>
<StgValue><ssdm name=""/></StgValue>
</operation>

<operation id="24" st_id="3" stage="1" lat="2">
<core></core>
<MemPortIdVec></MemPortIdVec>
<condition id="46">
<or_exp><and_exp></and_exp></or_exp>
</condition>

<Node id="23" bw="0" op_0_bw="0" op_1_bw="16" op_2_bw="4" op_3_bw="16" op_4_bw="4">
<![CDATA[
:1  call fastcc void @dct_1d2([64 x i16]* %in_block, i4 %i, [64 x i16]* %row_outbuf, i4 %i)

]]></Node>
<StgValue><ssdm name=""/></StgValue>
</operation>

<operation id="25" st_id="3" stage="1" lat="1">
<core>NULL</core>
<MemPortIdVec></MemPortIdVec>
<condition id="46">
<or_exp><and_exp></and_exp></or_exp>
</condition>

<Node id="24" bw="0" op_0_bw="0">
<![CDATA[
:2  br label %1

]]></Node>
<StgValue><ssdm name=""/></StgValue>
</operation>
</state>

<state id="4" st_id="4">

<operation id="26" st_id="4" stage="1" lat="1">
<core>NULL</core>
<MemPortIdVec></MemPortIdVec>
<condition id="-1">
<or_exp><and_exp></and_exp></or_exp>
</condition>

<Node id="28" bw="7" op_0_bw="7" op_1_bw="0">
<![CDATA[
.preheader2.preheader:0  %indvar_flatten = phi i7 [ %indvar_flatten_next, %.preheader2 ], [ 0, %.preheader2.preheader.preheader ]

]]></Node>
<StgValue><ssdm name="indvar_flatten"/></StgValue>
</operation>

<operation id="27" st_id="4" stage="1" lat="1">
<core>NULL</core>
<MemPortIdVec></MemPortIdVec>
<condition id="-1">
<or_exp><and_exp></and_exp></or_exp>
</condition>

<Node id="29" bw="4" op_0_bw="4" op_1_bw="0">
<![CDATA[
.preheader2.preheader:1  %j = phi i4 [ %j_cast5_mid2_v, %.preheader2 ], [ 0, %.preheader2.preheader.preheader ]

]]></Node>
<StgValue><ssdm name="j"/></StgValue>
</operation>

<operation id="28" st_id="4" stage="1" lat="1">
<core>NULL</core>
<MemPortIdVec></MemPortIdVec>
<condition id="-1">
<or_exp><and_exp></and_exp></or_exp>
</condition>

<Node id="30" bw="4" op_0_bw="4" op_1_bw="0">
<![CDATA[
.preheader2.preheader:2  %i_1 = phi i4 [ %i_6, %.preheader2 ], [ 0, %.preheader2.preheader.preheader ]

]]></Node>
<StgValue><ssdm name="i_1"/></StgValue>
</operation>

<operation id="29" st_id="4" stage="1" lat="1">
<core>Cmp</core>
<MemPortIdVec></MemPortIdVec>
<condition id="-1">
<or_exp><and_exp></and_exp></or_exp>
</condition>

<Node id="31" bw="1" op_0_bw="7" op_1_bw="7">
<![CDATA[
.preheader2.preheader:3  %exitcond_flatten = icmp eq i7 %indvar_flatten, -64

]]></Node>
<StgValue><ssdm name="exitcond_flatten"/></StgValue>
</operation>

<operation id="30" st_id="4" stage="1" lat="1">
<core>AddSub</core>
<MemPortIdVec></MemPortIdVec>
<condition id="-1">
<or_exp><and_exp></and_exp></or_exp>
</condition>

<Node id="32" bw="7" op_0_bw="7" op_1_bw="7">
<![CDATA[
.preheader2.preheader:4  %indvar_flatten_next = add i7 %indvar_flatten, 1

]]></Node>
<StgValue><ssdm name="indvar_flatten_next"/></StgValue>
</operation>

<operation id="31" st_id="4" stage="1" lat="1">
<core>NULL</core>
<MemPortIdVec></MemPortIdVec>
<condition id="-1">
<or_exp><and_exp></and_exp></or_exp>
</condition>

<Node id="33" bw="0" op_0_bw="1" op_1_bw="0" op_2_bw="0">
<![CDATA[
.preheader2.preheader:5  br i1 %exitcond_flatten, label %.preheader1.preheader, label %.preheader2

]]></Node>
<StgValue><ssdm name=""/></StgValue>
</operation>

<operation id="32" st_id="4" stage="1" lat="1">
<core>AddSub</core>
<MemPortIdVec></MemPortIdVec>
<condition id="0">
<or_exp><and_exp><literal name="exitcond_flatten" val="0"/>
</and_exp></or_exp>
</condition>

<Node id="35" bw="4" op_0_bw="4" op_1_bw="4">
<![CDATA[
.preheader2:0  %j_2 = add i4 %j, 1

]]></Node>
<StgValue><ssdm name="j_2"/></StgValue>
</operation>

<operation id="33" st_id="4" stage="1" lat="1">
<core>Cmp</core>
<MemPortIdVec></MemPortIdVec>
<condition id="0">
<or_exp><and_exp><literal name="exitcond_flatten" val="0"/>
</and_exp></or_exp>
</condition>

<Node id="38" bw="1" op_0_bw="4" op_1_bw="4">
<![CDATA[
.preheader2:3  %tmp_s = icmp eq i4 %i_1, -8

]]></Node>
<StgValue><ssdm name="tmp_s"/></StgValue>
</operation>

<operation id="34" st_id="4" stage="1" lat="1">
<core>Sel</core>
<MemPortIdVec></MemPortIdVec>
<condition id="0">
<or_exp><and_exp><literal name="exitcond_flatten" val="0"/>
</and_exp></or_exp>
</condition>

<Node id="39" bw="4" op_0_bw="1" op_1_bw="4" op_2_bw="4">
<![CDATA[
.preheader2:4  %i_1_mid2 = select i1 %tmp_s, i4 0, i4 %i_1

]]></Node>
<StgValue><ssdm name="i_1_mid2"/></StgValue>
</operation>

<operation id="35" st_id="4" stage="1" lat="1">
<core>Sel</core>
<MemPortIdVec></MemPortIdVec>
<condition id="0">
<or_exp><and_exp><literal name="exitcond_flatten" val="0"/>
</and_exp></or_exp>
</condition>

<Node id="40" bw="4" op_0_bw="1" op_1_bw="4" op_2_bw="4">
<![CDATA[
.preheader2:5  %j_cast5_mid2_v = select i1 %tmp_s, i4 %j_2, i4 %j

]]></Node>
<StgValue><ssdm name="j_cast5_mid2_v"/></StgValue>
</operation>

<operation id="36" st_id="4" stage="1" lat="1">
<core>NULL</core>
<MemPortIdVec></MemPortIdVec>
<condition id="0">
<or_exp><and_exp><literal name="exitcond_flatten" val="0"/>
</and_exp></or_exp>
</condition>

<Node id="41" bw="8" op_0_bw="4">
<![CDATA[
.preheader2:6  %j_cast5_mid2_cast = zext i4 %j_cast5_mid2_v to i8

]]></Node>
<StgValue><ssdm name="j_cast5_mid2_cast"/></StgValue>
</operation>

<operation id="37" st_id="4" stage="1" lat="1">
<core>NULL</core>
<MemPortIdVec></MemPortIdVec>
<condition id="0">
<or_exp><and_exp><literal name="exitcond_flatten" val="0"/>
</and_exp></or_exp>
</condition>

<Node id="45" bw="7" op_0_bw="7" op_1_bw="4" op_2_bw="3">
<![CDATA[
.preheader2:10  %tmp_5 = call i7 @_ssdm_op_BitConcatenate.i7.i4.i3(i4 %i_1_mid2, i3 0)

]]></Node>
<StgValue><ssdm name="tmp_5"/></StgValue>
</operation>

<operation id="38" st_id="4" stage="1" lat="1">
<core>NULL</core>
<MemPortIdVec></MemPortIdVec>
<condition id="0">
<or_exp><and_exp><literal name="exitcond_flatten" val="0"/>
</and_exp></or_exp>
</condition>

<Node id="46" bw="8" op_0_bw="7">
<![CDATA[
.preheader2:11  %tmp_6_cast = zext i7 %tmp_5 to i8

]]></Node>
<StgValue><ssdm name="tmp_6_cast"/></StgValue>
</operation>

<operation id="39" st_id="4" stage="1" lat="1">
<core>AddSub</core>
<MemPortIdVec></MemPortIdVec>
<condition id="0">
<or_exp><and_exp><literal name="exitcond_flatten" val="0"/>
</and_exp></or_exp>
</condition>

<Node id="47" bw="8" op_0_bw="8" op_1_bw="8">
<![CDATA[
.preheader2:12  %tmp_8 = add i8 %j_cast5_mid2_cast, %tmp_6_cast

]]></Node>
<StgValue><ssdm name="tmp_8"/></StgValue>
</operation>

<operation id="40" st_id="4" stage="1" lat="1">
<core>NULL</core>
<MemPortIdVec></MemPortIdVec>
<condition id="0">
<or_exp><and_exp><literal name="exitcond_flatten" val="0"/>
</and_exp></or_exp>
</condition>

<Node id="48" bw="32" op_0_bw="8">
<![CDATA[
.preheader2:13  %tmp_8_cast = zext i8 %tmp_8 to i32

]]></Node>
<StgValue><ssdm name="tmp_8_cast"/></StgValue>
</operation>

<operation id="41" st_id="4" stage="1" lat="1">
<core>NULL</core>
<MemPortIdVec></MemPortIdVec>
<condition id="0">
<or_exp><and_exp><literal name="exitcond_flatten" val="0"/>
</and_exp></or_exp>
</condition>

<Node id="49" bw="6" op_0_bw="16" op_1_bw="32" op_2_bw="32">
<![CDATA[
.preheader2:14  %row_outbuf_addr = getelementptr [64 x i16]* %row_outbuf, i32 0, i32 %tmp_8_cast

]]></Node>
<StgValue><ssdm name="row_outbuf_addr"/></StgValue>
</operation>

<operation id="42" st_id="4" stage="2" lat="2">
<core>RAM</core>
<MemPortIdVec>0 </MemPortIdVec>
<condition id="0">
<or_exp><and_exp><literal name="exitcond_flatten" val="0"/>
</and_exp></or_exp>
</condition>

<Node id="56" bw="16" op_0_bw="6">
<![CDATA[
.preheader2:21  %row_outbuf_load = load i16* %row_outbuf_addr, align 2

]]></Node>
<StgValue><ssdm name="row_outbuf_load"/></StgValue>
</operation>

<operation id="43" st_id="4" stage="1" lat="1">
<core>AddSub</core>
<MemPortIdVec></MemPortIdVec>
<condition id="0">
<or_exp><and_exp><literal name="exitcond_flatten" val="0"/>
</and_exp></or_exp>
</condition>

<Node id="59" bw="4" op_0_bw="4" op_1_bw="4">
<![CDATA[
.preheader2:24  %i_6 = add i4 %i_1_mid2, 1

]]></Node>
<StgValue><ssdm name="i_6"/></StgValue>
</operation>
</state>

<state id="5" st_id="5">

<operation id="44" st_id="5" stage="1" lat="1">
<core>NULL</core>
<MemPortIdVec></MemPortIdVec>
<condition id="0">
<or_exp><and_exp><literal name="exitcond_flatten" val="0"/>
</and_exp></or_exp>
</condition>

<Node id="36" bw="0" op_0_bw="0" op_1_bw="0">
<![CDATA[
.preheader2:1  call void (...)* @_ssdm_op_SpecLoopName([42 x i8]* @Xpose_Row_Outer_Loop)

]]></Node>
<StgValue><ssdm name=""/></StgValue>
</operation>

<operation id="45" st_id="5" stage="1" lat="1">
<core>NULL</core>
<MemPortIdVec></MemPortIdVec>
<condition id="0">
<or_exp><and_exp><literal name="exitcond_flatten" val="0"/>
</and_exp></or_exp>
</condition>

<Node id="37" bw="32" op_0_bw="32" op_1_bw="64" op_2_bw="64" op_3_bw="64">
<![CDATA[
.preheader2:2  %empty_5 = call i32 (...)* @_ssdm_op_SpecLoopTripCount(i64 64, i64 64, i64 64)

]]></Node>
<StgValue><ssdm name="empty_5"/></StgValue>
</operation>

<operation id="46" st_id="5" stage="1" lat="1">
<core>NULL</core>
<MemPortIdVec></MemPortIdVec>
<condition id="0">
<or_exp><and_exp><literal name="exitcond_flatten" val="0"/>
</and_exp></or_exp>
</condition>

<Node id="42" bw="7" op_0_bw="7" op_1_bw="4" op_2_bw="3">
<![CDATA[
.preheader2:7  %tmp_1 = call i7 @_ssdm_op_BitConcatenate.i7.i4.i3(i4 %j_cast5_mid2_v, i3 0)

]]></Node>
<StgValue><ssdm name="tmp_1"/></StgValue>
</operation>

<operation id="47" st_id="5" stage="1" lat="1">
<core>NULL</core>
<MemPortIdVec></MemPortIdVec>
<condition id="0">
<or_exp><and_exp><literal name="exitcond_flatten" val="0"/>
</and_exp></or_exp>
</condition>

<Node id="43" bw="8" op_0_bw="7">
<![CDATA[
.preheader2:8  %tmp_4_cast = zext i7 %tmp_1 to i8

]]></Node>
<StgValue><ssdm name="tmp_4_cast"/></StgValue>
</operation>

<operation id="48" st_id="5" stage="1" lat="1">
<core>NULL</core>
<MemPortIdVec></MemPortIdVec>
<condition id="0">
<or_exp><and_exp><literal name="exitcond_flatten" val="0"/>
</and_exp></or_exp>
</condition>

<Node id="44" bw="8" op_0_bw="4">
<![CDATA[
.preheader2:9  %i_1_cast4_cast = zext i4 %i_1_mid2 to i8

]]></Node>
<StgValue><ssdm name="i_1_cast4_cast"/></StgValue>
</operation>

<operation id="49" st_id="5" stage="1" lat="1">
<core>AddSub</core>
<MemPortIdVec></MemPortIdVec>
<condition id="0">
<or_exp><and_exp><literal name="exitcond_flatten" val="0"/>
</and_exp></or_exp>
</condition>

<Node id="50" bw="8" op_0_bw="8" op_1_bw="8">
<![CDATA[
.preheader2:15  %tmp_2 = add i8 %i_1_cast4_cast, %tmp_4_cast

]]></Node>
<StgValue><ssdm name="tmp_2"/></StgValue>
</operation>

<operation id="50" st_id="5" stage="1" lat="1">
<core>NULL</core>
<MemPortIdVec></MemPortIdVec>
<condition id="0">
<or_exp><and_exp><literal name="exitcond_flatten" val="0"/>
</and_exp></or_exp>
</condition>

<Node id="51" bw="32" op_0_bw="8">
<![CDATA[
.preheader2:16  %tmp_10_cast = zext i8 %tmp_2 to i32

]]></Node>
<StgValue><ssdm name="tmp_10_cast"/></StgValue>
</operation>

<operation id="51" st_id="5" stage="1" lat="1">
<core>NULL</core>
<MemPortIdVec></MemPortIdVec>
<condition id="0">
<or_exp><and_exp><literal name="exitcond_flatten" val="0"/>
</and_exp></or_exp>
</condition>

<Node id="52" bw="6" op_0_bw="16" op_1_bw="32" op_2_bw="32">
<![CDATA[
.preheader2:17  %col_inbuf_addr = getelementptr [64 x i16]* %col_inbuf, i32 0, i32 %tmp_10_cast

]]></Node>
<StgValue><ssdm name="col_inbuf_addr"/></StgValue>
</operation>

<operation id="52" st_id="5" stage="1" lat="1">
<core>NULL</core>
<MemPortIdVec></MemPortIdVec>
<condition id="0">
<or_exp><and_exp><literal name="exitcond_flatten" val="0"/>
</and_exp></or_exp>
</condition>

<Node id="53" bw="0" op_0_bw="0" op_1_bw="0">
<![CDATA[
.preheader2:18  call void (...)* @_ssdm_op_SpecLoopName([21 x i8]* @p_str5) nounwind

]]></Node>
<StgValue><ssdm name=""/></StgValue>
</operation>

<operation id="53" st_id="5" stage="1" lat="1">
<core>NULL</core>
<MemPortIdVec></MemPortIdVec>
<condition id="0">
<or_exp><and_exp><literal name="exitcond_flatten" val="0"/>
</and_exp></or_exp>
</condition>

<Node id="54" bw="32" op_0_bw="32" op_1_bw="0">
<![CDATA[
.preheader2:19  %tmp_7 = call i32 (...)* @_ssdm_op_SpecRegionBegin([21 x i8]* @p_str5)

]]></Node>
<StgValue><ssdm name="tmp_7"/></StgValue>
</operation>

<operation id="54" st_id="5" stage="1" lat="1">
<core>NULL</core>
<MemPortIdVec></MemPortIdVec>
<condition id="0">
<or_exp><and_exp><literal name="exitcond_flatten" val="0"/>
</and_exp></or_exp>
</condition>

<Node id="55" bw="0" op_0_bw="0" op_1_bw="32" op_2_bw="32" op_3_bw="32" op_4_bw="32" op_5_bw="0">
<![CDATA[
.preheader2:20  call void (...)* @_ssdm_op_SpecPipeline(i32 -1, i32 1, i32 1, i32 0, [1 x i8]* @p_str1) nounwind

]]></Node>
<StgValue><ssdm name=""/></StgValue>
</operation>

<operation id="55" st_id="5" stage="1" lat="2">
<core>RAM</core>
<MemPortIdVec>0 </MemPortIdVec>
<condition id="0">
<or_exp><and_exp><literal name="exitcond_flatten" val="0"/>
</and_exp></or_exp>
</condition>

<Node id="56" bw="16" op_0_bw="6">
<![CDATA[
.preheader2:21  %row_outbuf_load = load i16* %row_outbuf_addr, align 2

]]></Node>
<StgValue><ssdm name="row_outbuf_load"/></StgValue>
</operation>

<operation id="56" st_id="5" stage="1" lat="1">
<core>RAM</core>
<MemPortIdVec>0 </MemPortIdVec>
<condition id="0">
<or_exp><and_exp><literal name="exitcond_flatten" val="0"/>
</and_exp></or_exp>
</condition>

<Node id="57" bw="0" op_0_bw="16" op_1_bw="6">
<![CDATA[
.preheader2:22  store i16 %row_outbuf_load, i16* %col_inbuf_addr, align 2

]]></Node>
<StgValue><ssdm name=""/></StgValue>
</operation>

<operation id="57" st_id="5" stage="1" lat="1">
<core>NULL</core>
<MemPortIdVec></MemPortIdVec>
<condition id="0">
<or_exp><and_exp><literal name="exitcond_flatten" val="0"/>
</and_exp></or_exp>
</condition>

<Node id="58" bw="32" op_0_bw="32" op_1_bw="0" op_2_bw="32">
<![CDATA[
.preheader2:23  %empty_6 = call i32 (...)* @_ssdm_op_SpecRegionEnd([21 x i8]* @p_str5, i32 %tmp_7)

]]></Node>
<StgValue><ssdm name="empty_6"/></StgValue>
</operation>

<operation id="58" st_id="5" stage="1" lat="1">
<core>NULL</core>
<MemPortIdVec></MemPortIdVec>
<condition id="0">
<or_exp><and_exp><literal name="exitcond_flatten" val="0"/>
</and_exp></or_exp>
</condition>

<Node id="60" bw="0" op_0_bw="0">
<![CDATA[
.preheader2:25  br label %.preheader2.preheader

]]></Node>
<StgValue><ssdm name=""/></StgValue>
</operation>
</state>

<state id="6" st_id="6">

<operation id="59" st_id="6" stage="1" lat="1">
<core>NULL</core>
<MemPortIdVec></MemPortIdVec>
<condition id="47">
<or_exp><and_exp></and_exp></or_exp>
</condition>

<Node id="62" bw="0" op_0_bw="0">
<![CDATA[
.preheader1.preheader:0  br label %.preheader1

]]></Node>
<StgValue><ssdm name=""/></StgValue>
</operation>
</state>

<state id="7" st_id="7">

<operation id="60" st_id="7" stage="1" lat="1">
<core>NULL</core>
<MemPortIdVec></MemPortIdVec>
<condition id="48">
<or_exp><and_exp></and_exp></or_exp>
</condition>

<Node id="64" bw="4" op_0_bw="4" op_1_bw="0">
<![CDATA[
.preheader1:0  %i_2 = phi i4 [ %i_5, %3 ], [ 0, %.preheader1.preheader ]

]]></Node>
<StgValue><ssdm name="i_2"/></StgValue>
</operation>

<operation id="61" st_id="7" stage="1" lat="1">
<core>Cmp</core>
<MemPortIdVec></MemPortIdVec>
<condition id="48">
<or_exp><and_exp></and_exp></or_exp>
</condition>

<Node id="65" bw="1" op_0_bw="4" op_1_bw="4">
<![CDATA[
.preheader1:1  %tmp_9 = icmp eq i4 %i_2, -8

]]></Node>
<StgValue><ssdm name="tmp_9"/></StgValue>
</operation>

<operation id="62" st_id="7" stage="1" lat="1">
<core>NULL</core>
<MemPortIdVec></MemPortIdVec>
<condition id="48">
<or_exp><and_exp></and_exp></or_exp>
</condition>

<Node id="66" bw="32" op_0_bw="32" op_1_bw="64" op_2_bw="64" op_3_bw="64">
<![CDATA[
.preheader1:2  %empty_7 = call i32 (...)* @_ssdm_op_SpecLoopTripCount(i64 8, i64 8, i64 8)

]]></Node>
<StgValue><ssdm name="empty_7"/></StgValue>
</operation>

<operation id="63" st_id="7" stage="1" lat="1">
<core>AddSub</core>
<MemPortIdVec></MemPortIdVec>
<condition id="48">
<or_exp><and_exp></and_exp></or_exp>
</condition>

<Node id="67" bw="4" op_0_bw="4" op_1_bw="4">
<![CDATA[
.preheader1:3  %i_5 = add i4 %i_2, 1

]]></Node>
<StgValue><ssdm name="i_5"/></StgValue>
</operation>

<operation id="64" st_id="7" stage="1" lat="1">
<core>NULL</core>
<MemPortIdVec></MemPortIdVec>
<condition id="48">
<or_exp><and_exp></and_exp></or_exp>
</condition>

<Node id="68" bw="0" op_0_bw="1" op_1_bw="0" op_2_bw="0">
<![CDATA[
.preheader1:4  br i1 %tmp_9, label %.preheader.preheader.preheader, label %3

]]></Node>
<StgValue><ssdm name=""/></StgValue>
</operation>

<operation id="65" st_id="7" stage="2" lat="2">
<core></core>
<MemPortIdVec></MemPortIdVec>
<condition id="50">
<or_exp><and_exp><literal name="tmp_9" val="0"/>
</and_exp></or_exp>
</condition>

<Node id="71" bw="0" op_0_bw="0" op_1_bw="16" op_2_bw="4" op_3_bw="16" op_4_bw="4">
<![CDATA[
:1  call fastcc void @dct_1d2([64 x i16]* %col_inbuf, i4 %i_2, [64 x i16]* %col_outbuf, i4 %i_2)

]]></Node>
<StgValue><ssdm name=""/></StgValue>
</operation>

<operation id="66" st_id="7" stage="1" lat="1">
<core>NULL</core>
<MemPortIdVec></MemPortIdVec>
<condition id="52">
<or_exp><and_exp><literal name="tmp_9" val="1"/>
</and_exp></or_exp>
</condition>

<Node id="74" bw="0" op_0_bw="0">
<![CDATA[
.preheader.preheader.preheader:0  br label %.preheader.preheader

]]></Node>
<StgValue><ssdm name=""/></StgValue>
</operation>
</state>

<state id="8" st_id="8">

<operation id="67" st_id="8" stage="1" lat="1">
<core>NULL</core>
<MemPortIdVec></MemPortIdVec>
<condition id="53">
<or_exp><and_exp></and_exp></or_exp>
</condition>

<Node id="70" bw="0" op_0_bw="0" op_1_bw="0">
<![CDATA[
:0  call void (...)* @_ssdm_op_SpecLoopName([13 x i8]* @p_str6) nounwind

]]></Node>
<StgValue><ssdm name=""/></StgValue>
</operation>

<operation id="68" st_id="8" stage="1" lat="2">
<core></core>
<MemPortIdVec></MemPortIdVec>
<condition id="53">
<or_exp><and_exp></and_exp></or_exp>
</condition>

<Node id="71" bw="0" op_0_bw="0" op_1_bw="16" op_2_bw="4" op_3_bw="16" op_4_bw="4">
<![CDATA[
:1  call fastcc void @dct_1d2([64 x i16]* %col_inbuf, i4 %i_2, [64 x i16]* %col_outbuf, i4 %i_2)

]]></Node>
<StgValue><ssdm name=""/></StgValue>
</operation>

<operation id="69" st_id="8" stage="1" lat="1">
<core>NULL</core>
<MemPortIdVec></MemPortIdVec>
<condition id="53">
<or_exp><and_exp></and_exp></or_exp>
</condition>

<Node id="72" bw="0" op_0_bw="0">
<![CDATA[
:2  br label %.preheader1

]]></Node>
<StgValue><ssdm name=""/></StgValue>
</operation>
</state>

<state id="9" st_id="9">

<operation id="70" st_id="9" stage="1" lat="1">
<core>NULL</core>
<MemPortIdVec></MemPortIdVec>
<condition id="-1">
<or_exp><and_exp></and_exp></or_exp>
</condition>

<Node id="76" bw="7" op_0_bw="7" op_1_bw="0">
<![CDATA[
.preheader.preheader:0  %indvar_flatten1 = phi i7 [ %indvar_flatten_next1, %.preheader ], [ 0, %.preheader.preheader.preheader ]

]]></Node>
<StgValue><ssdm name="indvar_flatten1"/></StgValue>
</operation>

<operation id="71" st_id="9" stage="1" lat="1">
<core>NULL</core>
<MemPortIdVec></MemPortIdVec>
<condition id="-1">
<or_exp><and_exp></and_exp></or_exp>
</condition>

<Node id="77" bw="4" op_0_bw="4" op_1_bw="0">
<![CDATA[
.preheader.preheader:1  %j_1 = phi i4 [ %j_1_cast2_mid2_v, %.preheader ], [ 0, %.preheader.preheader.preheader ]

]]></Node>
<StgValue><ssdm name="j_1"/></StgValue>
</operation>

<operation id="72" st_id="9" stage="1" lat="1">
<core>NULL</core>
<MemPortIdVec></MemPortIdVec>
<condition id="-1">
<or_exp><and_exp></and_exp></or_exp>
</condition>

<Node id="78" bw="4" op_0_bw="4" op_1_bw="0">
<![CDATA[
.preheader.preheader:2  %i_3 = phi i4 [ %i_7, %.preheader ], [ 0, %.preheader.preheader.preheader ]

]]></Node>
<StgValue><ssdm name="i_3"/></StgValue>
</operation>

<operation id="73" st_id="9" stage="1" lat="1">
<core>Cmp</core>
<MemPortIdVec></MemPortIdVec>
<condition id="-1">
<or_exp><and_exp></and_exp></or_exp>
</condition>

<Node id="79" bw="1" op_0_bw="7" op_1_bw="7">
<![CDATA[
.preheader.preheader:3  %exitcond_flatten1 = icmp eq i7 %indvar_flatten1, -64

]]></Node>
<StgValue><ssdm name="exitcond_flatten1"/></StgValue>
</operation>

<operation id="74" st_id="9" stage="1" lat="1">
<core>AddSub</core>
<MemPortIdVec></MemPortIdVec>
<condition id="-1">
<or_exp><and_exp></and_exp></or_exp>
</condition>

<Node id="80" bw="7" op_0_bw="7" op_1_bw="7">
<![CDATA[
.preheader.preheader:4  %indvar_flatten_next1 = add i7 %indvar_flatten1, 1

]]></Node>
<StgValue><ssdm name="indvar_flatten_next1"/></StgValue>
</operation>

<operation id="75" st_id="9" stage="1" lat="1">
<core>NULL</core>
<MemPortIdVec></MemPortIdVec>
<condition id="-1">
<or_exp><and_exp></and_exp></or_exp>
</condition>

<Node id="81" bw="0" op_0_bw="1" op_1_bw="0" op_2_bw="0">
<![CDATA[
.preheader.preheader:5  br i1 %exitcond_flatten1, label %4, label %.preheader

]]></Node>
<StgValue><ssdm name=""/></StgValue>
</operation>

<operation id="76" st_id="9" stage="1" lat="1">
<core>AddSub</core>
<MemPortIdVec></MemPortIdVec>
<condition id="3">
<or_exp><and_exp><literal name="exitcond_flatten1" val="0"/>
</and_exp></or_exp>
</condition>

<Node id="83" bw="4" op_0_bw="4" op_1_bw="4">
<![CDATA[
.preheader:0  %j_3 = add i4 %j_1, 1

]]></Node>
<StgValue><ssdm name="j_3"/></StgValue>
</operation>

<operation id="77" st_id="9" stage="1" lat="1">
<core>Cmp</core>
<MemPortIdVec></MemPortIdVec>
<condition id="3">
<or_exp><and_exp><literal name="exitcond_flatten1" val="0"/>
</and_exp></or_exp>
</condition>

<Node id="86" bw="1" op_0_bw="4" op_1_bw="4">
<![CDATA[
.preheader:3  %tmp_4 = icmp eq i4 %i_3, -8

]]></Node>
<StgValue><ssdm name="tmp_4"/></StgValue>
</operation>

<operation id="78" st_id="9" stage="1" lat="1">
<core>Sel</core>
<MemPortIdVec></MemPortIdVec>
<condition id="3">
<or_exp><and_exp><literal name="exitcond_flatten1" val="0"/>
</and_exp></or_exp>
</condition>

<Node id="87" bw="4" op_0_bw="1" op_1_bw="4" op_2_bw="4">
<![CDATA[
.preheader:4  %i_3_mid2 = select i1 %tmp_4, i4 0, i4 %i_3

]]></Node>
<StgValue><ssdm name="i_3_mid2"/></StgValue>
</operation>

<operation id="79" st_id="9" stage="1" lat="1">
<core>Sel</core>
<MemPortIdVec></MemPortIdVec>
<condition id="3">
<or_exp><and_exp><literal name="exitcond_flatten1" val="0"/>
</and_exp></or_exp>
</condition>

<Node id="88" bw="4" op_0_bw="1" op_1_bw="4" op_2_bw="4">
<![CDATA[
.preheader:5  %j_1_cast2_mid2_v = select i1 %tmp_4, i4 %j_3, i4 %j_1

]]></Node>
<StgValue><ssdm name="j_1_cast2_mid2_v"/></StgValue>
</operation>

<operation id="80" st_id="9" stage="1" lat="1">
<core>NULL</core>
<MemPortIdVec></MemPortIdVec>
<condition id="3">
<or_exp><and_exp><literal name="exitcond_flatten1" val="0"/>
</and_exp></or_exp>
</condition>

<Node id="89" bw="8" op_0_bw="4">
<![CDATA[
.preheader:6  %j_1_cast2_mid2_cast = zext i4 %j_1_cast2_mid2_v to i8

]]></Node>
<StgValue><ssdm name="j_1_cast2_mid2_cast"/></StgValue>
</operation>

<operation id="81" st_id="9" stage="1" lat="1">
<core>NULL</core>
<MemPortIdVec></MemPortIdVec>
<condition id="3">
<or_exp><and_exp><literal name="exitcond_flatten1" val="0"/>
</and_exp></or_exp>
</condition>

<Node id="96" bw="7" op_0_bw="7" op_1_bw="4" op_2_bw="3">
<![CDATA[
.preheader:13  %tmp_11 = call i7 @_ssdm_op_BitConcatenate.i7.i4.i3(i4 %i_3_mid2, i3 0)

]]></Node>
<StgValue><ssdm name="tmp_11"/></StgValue>
</operation>

<operation id="82" st_id="9" stage="1" lat="1">
<core>NULL</core>
<MemPortIdVec></MemPortIdVec>
<condition id="3">
<or_exp><and_exp><literal name="exitcond_flatten1" val="0"/>
</and_exp></or_exp>
</condition>

<Node id="97" bw="8" op_0_bw="7">
<![CDATA[
.preheader:14  %tmp_15_cast = zext i7 %tmp_11 to i8

]]></Node>
<StgValue><ssdm name="tmp_15_cast"/></StgValue>
</operation>

<operation id="83" st_id="9" stage="1" lat="1">
<core>AddSub</core>
<MemPortIdVec></MemPortIdVec>
<condition id="3">
<or_exp><and_exp><literal name="exitcond_flatten1" val="0"/>
</and_exp></or_exp>
</condition>

<Node id="98" bw="8" op_0_bw="8" op_1_bw="8">
<![CDATA[
.preheader:15  %tmp_12 = add i8 %j_1_cast2_mid2_cast, %tmp_15_cast

]]></Node>
<StgValue><ssdm name="tmp_12"/></StgValue>
</operation>

<operation id="84" st_id="9" stage="1" lat="1">
<core>NULL</core>
<MemPortIdVec></MemPortIdVec>
<condition id="3">
<or_exp><and_exp><literal name="exitcond_flatten1" val="0"/>
</and_exp></or_exp>
</condition>

<Node id="99" bw="32" op_0_bw="8">
<![CDATA[
.preheader:16  %tmp_16_cast = zext i8 %tmp_12 to i32

]]></Node>
<StgValue><ssdm name="tmp_16_cast"/></StgValue>
</operation>

<operation id="85" st_id="9" stage="1" lat="1">
<core>NULL</core>
<MemPortIdVec></MemPortIdVec>
<condition id="3">
<or_exp><and_exp><literal name="exitcond_flatten1" val="0"/>
</and_exp></or_exp>
</condition>

<Node id="100" bw="6" op_0_bw="16" op_1_bw="32" op_2_bw="32">
<![CDATA[
.preheader:17  %col_outbuf_addr = getelementptr [64 x i16]* %col_outbuf, i32 0, i32 %tmp_16_cast

]]></Node>
<StgValue><ssdm name="col_outbuf_addr"/></StgValue>
</operation>

<operation id="86" st_id="9" stage="2" lat="2">
<core>RAM</core>
<MemPortIdVec>0 </MemPortIdVec>
<condition id="3">
<or_exp><and_exp><literal name="exitcond_flatten1" val="0"/>
</and_exp></or_exp>
</condition>

<Node id="104" bw="16" op_0_bw="6">
<![CDATA[
.preheader:21  %col_outbuf_load = load i16* %col_outbuf_addr, align 2

]]></Node>
<StgValue><ssdm name="col_outbuf_load"/></StgValue>
</operation>

<operation id="87" st_id="9" stage="1" lat="1">
<core>AddSub</core>
<MemPortIdVec></MemPortIdVec>
<condition id="3">
<or_exp><and_exp><literal name="exitcond_flatten1" val="0"/>
</and_exp></or_exp>
</condition>

<Node id="107" bw="4" op_0_bw="4" op_1_bw="4">
<![CDATA[
.preheader:24  %i_7 = add i4 %i_3_mid2, 1

]]></Node>
<StgValue><ssdm name="i_7"/></StgValue>
</operation>
</state>

<state id="10" st_id="10">

<operation id="88" st_id="10" stage="1" lat="1">
<core>NULL</core>
<MemPortIdVec></MemPortIdVec>
<condition id="3">
<or_exp><and_exp><literal name="exitcond_flatten1" val="0"/>
</and_exp></or_exp>
</condition>

<Node id="84" bw="0" op_0_bw="0" op_1_bw="0">
<![CDATA[
.preheader:1  call void (...)* @_ssdm_op_SpecLoopName([42 x i8]* @Xpose_Col_Outer_Loop)

]]></Node>
<StgValue><ssdm name=""/></StgValue>
</operation>

<operation id="89" st_id="10" stage="1" lat="1">
<core>NULL</core>
<MemPortIdVec></MemPortIdVec>
<condition id="3">
<or_exp><and_exp><literal name="exitcond_flatten1" val="0"/>
</and_exp></or_exp>
</condition>

<Node id="85" bw="32" op_0_bw="32" op_1_bw="64" op_2_bw="64" op_3_bw="64">
<![CDATA[
.preheader:2  %empty_8 = call i32 (...)* @_ssdm_op_SpecLoopTripCount(i64 64, i64 64, i64 64)

]]></Node>
<StgValue><ssdm name="empty_8"/></StgValue>
</operation>

<operation id="90" st_id="10" stage="1" lat="1">
<core>NULL</core>
<MemPortIdVec></MemPortIdVec>
<condition id="3">
<or_exp><and_exp><literal name="exitcond_flatten1" val="0"/>
</and_exp></or_exp>
</condition>

<Node id="90" bw="7" op_0_bw="7" op_1_bw="4" op_2_bw="3">
<![CDATA[
.preheader:7  %tmp_6 = call i7 @_ssdm_op_BitConcatenate.i7.i4.i3(i4 %j_1_cast2_mid2_v, i3 0)

]]></Node>
<StgValue><ssdm name="tmp_6"/></StgValue>
</operation>

<operation id="91" st_id="10" stage="1" lat="1">
<core>NULL</core>
<MemPortIdVec></MemPortIdVec>
<condition id="3">
<or_exp><and_exp><literal name="exitcond_flatten1" val="0"/>
</and_exp></or_exp>
</condition>

<Node id="91" bw="8" op_0_bw="7">
<![CDATA[
.preheader:8  %tmp_12_cast = zext i7 %tmp_6 to i8

]]></Node>
<StgValue><ssdm name="tmp_12_cast"/></StgValue>
</operation>

<operation id="92" st_id="10" stage="1" lat="1">
<core>NULL</core>
<MemPortIdVec></MemPortIdVec>
<condition id="3">
<or_exp><and_exp><literal name="exitcond_flatten1" val="0"/>
</and_exp></or_exp>
</condition>

<Node id="92" bw="8" op_0_bw="4">
<![CDATA[
.preheader:9  %i_3_cast1_cast = zext i4 %i_3_mid2 to i8

]]></Node>
<StgValue><ssdm name="i_3_cast1_cast"/></StgValue>
</operation>

<operation id="93" st_id="10" stage="1" lat="1">
<core>AddSub</core>
<MemPortIdVec></MemPortIdVec>
<condition id="3">
<or_exp><and_exp><literal name="exitcond_flatten1" val="0"/>
</and_exp></or_exp>
</condition>

<Node id="93" bw="8" op_0_bw="8" op_1_bw="8">
<![CDATA[
.preheader:10  %tmp_10 = add i8 %i_3_cast1_cast, %tmp_12_cast

]]></Node>
<StgValue><ssdm name="tmp_10"/></StgValue>
</operation>

<operation id="94" st_id="10" stage="1" lat="1">
<core>NULL</core>
<MemPortIdVec></MemPortIdVec>
<condition id="3">
<or_exp><and_exp><literal name="exitcond_flatten1" val="0"/>
</and_exp></or_exp>
</condition>

<Node id="94" bw="32" op_0_bw="8">
<![CDATA[
.preheader:11  %tmp_13_cast = zext i8 %tmp_10 to i32

]]></Node>
<StgValue><ssdm name="tmp_13_cast"/></StgValue>
</operation>

<operation id="95" st_id="10" stage="1" lat="1">
<core>NULL</core>
<MemPortIdVec></MemPortIdVec>
<condition id="3">
<or_exp><and_exp><literal name="exitcond_flatten1" val="0"/>
</and_exp></or_exp>
</condition>

<Node id="95" bw="6" op_0_bw="16" op_1_bw="32" op_2_bw="32">
<![CDATA[
.preheader:12  %out_block_addr = getelementptr [64 x i16]* %out_block, i32 0, i32 %tmp_13_cast

]]></Node>
<StgValue><ssdm name="out_block_addr"/></StgValue>
</operation>

<operation id="96" st_id="10" stage="1" lat="1">
<core>NULL</core>
<MemPortIdVec></MemPortIdVec>
<condition id="3">
<or_exp><and_exp><literal name="exitcond_flatten1" val="0"/>
</and_exp></or_exp>
</condition>

<Node id="101" bw="0" op_0_bw="0" op_1_bw="0">
<![CDATA[
.preheader:18  call void (...)* @_ssdm_op_SpecLoopName([21 x i8]* @p_str8) nounwind

]]></Node>
<StgValue><ssdm name=""/></StgValue>
</operation>

<operation id="97" st_id="10" stage="1" lat="1">
<core>NULL</core>
<MemPortIdVec></MemPortIdVec>
<condition id="3">
<or_exp><and_exp><literal name="exitcond_flatten1" val="0"/>
</and_exp></or_exp>
</condition>

<Node id="102" bw="32" op_0_bw="32" op_1_bw="0">
<![CDATA[
.preheader:19  %tmp_3 = call i32 (...)* @_ssdm_op_SpecRegionBegin([21 x i8]* @p_str8)

]]></Node>
<StgValue><ssdm name="tmp_3"/></StgValue>
</operation>

<operation id="98" st_id="10" stage="1" lat="1">
<core>NULL</core>
<MemPortIdVec></MemPortIdVec>
<condition id="3">
<or_exp><and_exp><literal name="exitcond_flatten1" val="0"/>
</and_exp></or_exp>
</condition>

<Node id="103" bw="0" op_0_bw="0" op_1_bw="32" op_2_bw="32" op_3_bw="32" op_4_bw="32" op_5_bw="0">
<![CDATA[
.preheader:20  call void (...)* @_ssdm_op_SpecPipeline(i32 -1, i32 1, i32 1, i32 0, [1 x i8]* @p_str1) nounwind

]]></Node>
<StgValue><ssdm name=""/></StgValue>
</operation>

<operation id="99" st_id="10" stage="1" lat="2">
<core>RAM</core>
<MemPortIdVec>0 </MemPortIdVec>
<condition id="3">
<or_exp><and_exp><literal name="exitcond_flatten1" val="0"/>
</and_exp></or_exp>
</condition>

<Node id="104" bw="16" op_0_bw="6">
<![CDATA[
.preheader:21  %col_outbuf_load = load i16* %col_outbuf_addr, align 2

]]></Node>
<StgValue><ssdm name="col_outbuf_load"/></StgValue>
</operation>

<operation id="100" st_id="10" stage="1" lat="1">
<core>RAM</core>
<MemPortIdVec>0 </MemPortIdVec>
<condition id="3">
<or_exp><and_exp><literal name="exitcond_flatten1" val="0"/>
</and_exp></or_exp>
</condition>

<Node id="105" bw="0" op_0_bw="16" op_1_bw="6">
<![CDATA[
.preheader:22  store i16 %col_outbuf_load, i16* %out_block_addr, align 2

]]></Node>
<StgValue><ssdm name=""/></StgValue>
</operation>

<operation id="101" st_id="10" stage="1" lat="1">
<core>NULL</core>
<MemPortIdVec></MemPortIdVec>
<condition id="3">
<or_exp><and_exp><literal name="exitcond_flatten1" val="0"/>
</and_exp></or_exp>
</condition>

<Node id="106" bw="32" op_0_bw="32" op_1_bw="0" op_2_bw="32">
<![CDATA[
.preheader:23  %empty_9 = call i32 (...)* @_ssdm_op_SpecRegionEnd([21 x i8]* @p_str8, i32 %tmp_3)

]]></Node>
<StgValue><ssdm name="empty_9"/></StgValue>
</operation>

<operation id="102" st_id="10" stage="1" lat="1">
<core>NULL</core>
<MemPortIdVec></MemPortIdVec>
<condition id="3">
<or_exp><and_exp><literal name="exitcond_flatten1" val="0"/>
</and_exp></or_exp>
</condition>

<Node id="108" bw="0" op_0_bw="0">
<![CDATA[
.preheader:25  br label %.preheader.preheader

]]></Node>
<StgValue><ssdm name=""/></StgValue>
</operation>
</state>

<state id="11" st_id="11">

<operation id="103" st_id="11" stage="1" lat="1">
<core>NULL</core>
<MemPortIdVec></MemPortIdVec>
<condition id="54">
<or_exp><and_exp></and_exp></or_exp>
</condition>

<Node id="110" bw="0">
<![CDATA[
:0  ret void

]]></Node>
<StgValue><ssdm name=""/></StgValue>
</operation>
</state>
</state_list>


<ports>
<port id="130" name="in_block" dir="0" iftype="1">
<core>RAM</core><StgValue><ssdm name="in_block"/><MemPortTyVec>1 1 </MemPortTyVec>
</StgValue>
</port>
<port id="131" name="out_block" dir="1" iftype="1">
<core>RAM</core><StgValue><ssdm name="out_block"/><MemPortTyVec>0 3 </MemPortTyVec>
</StgValue>
</port>
<port id="132" name="dct_coeff_table_0" dir="0" iftype="1">
<core>ROM_nP</core><StgValue><ssdm name="dct_coeff_table_0"/><MemPortTyVec>1 </MemPortTyVec>
</StgValue>
</port>
<port id="133" name="dct_coeff_table_1" dir="0" iftype="1">
<core>ROM_nP</core><StgValue><ssdm name="dct_coeff_table_1"/><MemPortTyVec>1 </MemPortTyVec>
</StgValue>
</port>
<port id="134" name="dct_coeff_table_2" dir="0" iftype="1">
<core>ROM_nP</core><StgValue><ssdm name="dct_coeff_table_2"/><MemPortTyVec>1 </MemPortTyVec>
</StgValue>
</port>
<port id="135" name="dct_coeff_table_3" dir="0" iftype="1">
<core>ROM_nP</core><StgValue><ssdm name="dct_coeff_table_3"/><MemPortTyVec>1 </MemPortTyVec>
</StgValue>
</port>
<port id="136" name="dct_coeff_table_4" dir="0" iftype="1">
<core>ROM_nP</core><StgValue><ssdm name="dct_coeff_table_4"/><MemPortTyVec>1 </MemPortTyVec>
</StgValue>
</port>
<port id="137" name="dct_coeff_table_5" dir="0" iftype="1">
<core>ROM_nP</core><StgValue><ssdm name="dct_coeff_table_5"/><MemPortTyVec>1 </MemPortTyVec>
</StgValue>
</port>
<port id="138" name="dct_coeff_table_6" dir="0" iftype="1">
<core>ROM_nP</core><StgValue><ssdm name="dct_coeff_table_6"/><MemPortTyVec>1 </MemPortTyVec>
</StgValue>
</port>
<port id="139" name="dct_coeff_table_7" dir="0" iftype="1">
<core>ROM_nP</core><StgValue><ssdm name="dct_coeff_table_7"/><MemPortTyVec>1 </MemPortTyVec>
</StgValue>
</port>
</ports>


<dataflows>
<dataflow id="141" from="StgValue_140" to="row_outbuf" fromId="140" toId="12">
</dataflow>
<dataflow id="142" from="StgValue_140" to="col_outbuf" fromId="140" toId="13">
</dataflow>
<dataflow id="143" from="StgValue_140" to="col_inbuf" fromId="140" toId="14">
</dataflow>
<dataflow id="145" from="StgValue_144" to="i" fromId="144" toId="16">
<condition id="100">
<or_exp><and_exp></and_exp></or_exp>
</condition>
</dataflow>
<dataflow id="146" from="StgValue_15" to="i" fromId="15" toId="16">
</dataflow>
<dataflow id="147" from="i_4" to="i" fromId="19" toId="16">
<BackEdge/>
<condition id="101">
<or_exp><and_exp></and_exp></or_exp>
</condition>
</dataflow>
<dataflow id="148" from="StgValue_25" to="i" fromId="25" toId="16">
<BackEdge/>
</dataflow>
<dataflow id="149" from="i" to="tmp" fromId="16" toId="17">
</dataflow>
<dataflow id="151" from="StgValue_150" to="tmp" fromId="150" toId="17">
</dataflow>
<dataflow id="153" from="_ssdm_op_SpecLoopTripCount" to="empty" fromId="152" toId="18">
</dataflow>
<dataflow id="155" from="StgValue_154" to="empty" fromId="154" toId="18">
</dataflow>
<dataflow id="156" from="StgValue_154" to="empty" fromId="154" toId="18">
</dataflow>
<dataflow id="157" from="StgValue_154" to="empty" fromId="154" toId="18">
</dataflow>
<dataflow id="158" from="i" to="i_4" fromId="16" toId="19">
</dataflow>
<dataflow id="160" from="StgValue_159" to="i_4" fromId="159" toId="19">
</dataflow>
<dataflow id="161" from="tmp" to="StgValue_20" fromId="17" toId="20">
</dataflow>
<dataflow id="163" from="dct_1d2" to="StgValue_21" fromId="162" toId="21">
</dataflow>
<dataflow id="164" from="in_block" to="StgValue_21" fromId="130" toId="21">
</dataflow>
<dataflow id="165" from="i" to="StgValue_21" fromId="16" toId="21">
</dataflow>
<dataflow id="166" from="row_outbuf" to="StgValue_21" fromId="12" toId="21">
</dataflow>
<dataflow id="167" from="i" to="StgValue_21" fromId="16" toId="21">
</dataflow>
<dataflow id="168" from="dct_coeff_table_0" to="StgValue_21" fromId="132" toId="21">
</dataflow>
<dataflow id="169" from="dct_coeff_table_1" to="StgValue_21" fromId="133" toId="21">
</dataflow>
<dataflow id="170" from="dct_coeff_table_2" to="StgValue_21" fromId="134" toId="21">
</dataflow>
<dataflow id="171" from="dct_coeff_table_3" to="StgValue_21" fromId="135" toId="21">
</dataflow>
<dataflow id="172" from="dct_coeff_table_4" to="StgValue_21" fromId="136" toId="21">
</dataflow>
<dataflow id="173" from="dct_coeff_table_5" to="StgValue_21" fromId="137" toId="21">
</dataflow>
<dataflow id="174" from="dct_coeff_table_6" to="StgValue_21" fromId="138" toId="21">
</dataflow>
<dataflow id="175" from="dct_coeff_table_7" to="StgValue_21" fromId="139" toId="21">
</dataflow>
<dataflow id="177" from="_ssdm_op_SpecLoopName" to="StgValue_23" fromId="176" toId="23">
</dataflow>
<dataflow id="179" from="p_str3" to="StgValue_23" fromId="178" toId="23">
</dataflow>
<dataflow id="180" from="dct_1d2" to="StgValue_24" fromId="162" toId="24">
</dataflow>
<dataflow id="181" from="in_block" to="StgValue_24" fromId="130" toId="24">
</dataflow>
<dataflow id="182" from="i" to="StgValue_24" fromId="16" toId="24">
</dataflow>
<dataflow id="183" from="row_outbuf" to="StgValue_24" fromId="12" toId="24">
</dataflow>
<dataflow id="184" from="i" to="StgValue_24" fromId="16" toId="24">
</dataflow>
<dataflow id="185" from="dct_coeff_table_0" to="StgValue_24" fromId="132" toId="24">
</dataflow>
<dataflow id="186" from="dct_coeff_table_1" to="StgValue_24" fromId="133" toId="24">
</dataflow>
<dataflow id="187" from="dct_coeff_table_2" to="StgValue_24" fromId="134" toId="24">
</dataflow>
<dataflow id="188" from="dct_coeff_table_3" to="StgValue_24" fromId="135" toId="24">
</dataflow>
<dataflow id="189" from="dct_coeff_table_4" to="StgValue_24" fromId="136" toId="24">
</dataflow>
<dataflow id="190" from="dct_coeff_table_5" to="StgValue_24" fromId="137" toId="24">
</dataflow>
<dataflow id="191" from="dct_coeff_table_6" to="StgValue_24" fromId="138" toId="24">
</dataflow>
<dataflow id="192" from="dct_coeff_table_7" to="StgValue_24" fromId="139" toId="24">
</dataflow>
<dataflow id="193" from="indvar_flatten_next" to="indvar_flatten" fromId="30" toId="26">
<BackEdge/>
<condition id="102">
<or_exp><and_exp><literal name="exitcond_flatten" val="0"/>
</and_exp></or_exp>
</condition>
</dataflow>
<dataflow id="194" from="StgValue_58" to="indvar_flatten" fromId="58" toId="26">
<BackEdge/>
</dataflow>
<dataflow id="196" from="StgValue_195" to="indvar_flatten" fromId="195" toId="26">
<condition id="103">
<or_exp><and_exp><literal name="tmp" val="1"/>
</and_exp></or_exp>
</condition>
</dataflow>
<dataflow id="197" from="StgValue_22" to="indvar_flatten" fromId="22" toId="26">
</dataflow>
<dataflow id="198" from="j_cast5_mid2_v" to="j" fromId="35" toId="27">
<BackEdge/>
<condition id="104">
<or_exp><and_exp><literal name="exitcond_flatten" val="0"/>
</and_exp></or_exp>
</condition>
</dataflow>
<dataflow id="199" from="StgValue_58" to="j" fromId="58" toId="27">
<BackEdge/>
</dataflow>
<dataflow id="200" from="StgValue_144" to="j" fromId="144" toId="27">
<condition id="105">
<or_exp><and_exp><literal name="tmp" val="1"/>
</and_exp></or_exp>
</condition>
</dataflow>
<dataflow id="201" from="StgValue_22" to="j" fromId="22" toId="27">
</dataflow>
<dataflow id="202" from="i_6" to="i_1" fromId="43" toId="28">
<BackEdge/>
<condition id="106">
<or_exp><and_exp><literal name="exitcond_flatten" val="0"/>
</and_exp></or_exp>
</condition>
</dataflow>
<dataflow id="203" from="StgValue_58" to="i_1" fromId="58" toId="28">
<BackEdge/>
</dataflow>
<dataflow id="204" from="StgValue_144" to="i_1" fromId="144" toId="28">
<condition id="107">
<or_exp><and_exp><literal name="tmp" val="1"/>
</and_exp></or_exp>
</condition>
</dataflow>
<dataflow id="205" from="StgValue_22" to="i_1" fromId="22" toId="28">
</dataflow>
<dataflow id="206" from="indvar_flatten" to="exitcond_flatten" fromId="26" toId="29">
</dataflow>
<dataflow id="208" from="StgValue_207" to="exitcond_flatten" fromId="207" toId="29">
</dataflow>
<dataflow id="209" from="indvar_flatten" to="indvar_flatten_next" fromId="26" toId="30">
</dataflow>
<dataflow id="211" from="StgValue_210" to="indvar_flatten_next" fromId="210" toId="30">
</dataflow>
<dataflow id="212" from="exitcond_flatten" to="StgValue_31" fromId="29" toId="31">
</dataflow>
<dataflow id="213" from="j" to="j_2" fromId="27" toId="32">
</dataflow>
<dataflow id="214" from="StgValue_159" to="j_2" fromId="159" toId="32">
</dataflow>
<dataflow id="215" from="i_1" to="tmp_s" fromId="28" toId="33">
</dataflow>
<dataflow id="216" from="StgValue_150" to="tmp_s" fromId="150" toId="33">
</dataflow>
<dataflow id="217" from="tmp_s" to="i_1_mid2" fromId="33" toId="34">
</dataflow>
<dataflow id="218" from="StgValue_144" to="i_1_mid2" fromId="144" toId="34">
</dataflow>
<dataflow id="219" from="i_1" to="i_1_mid2" fromId="28" toId="34">
</dataflow>
<dataflow id="220" from="tmp_s" to="j_cast5_mid2_v" fromId="33" toId="35">
</dataflow>
<dataflow id="221" from="j_2" to="j_cast5_mid2_v" fromId="32" toId="35">
</dataflow>
<dataflow id="222" from="j" to="j_cast5_mid2_v" fromId="27" toId="35">
</dataflow>
<dataflow id="223" from="j_cast5_mid2_v" to="j_cast5_mid2_cast" fromId="35" toId="36">
</dataflow>
<dataflow id="225" from="_ssdm_op_BitConcatenate.i7.i4.i3" to="tmp_5" fromId="224" toId="37">
</dataflow>
<dataflow id="226" from="i_1_mid2" to="tmp_5" fromId="34" toId="37">
</dataflow>
<dataflow id="228" from="StgValue_227" to="tmp_5" fromId="227" toId="37">
</dataflow>
<dataflow id="229" from="tmp_5" to="tmp_6_cast" fromId="37" toId="38">
</dataflow>
<dataflow id="230" from="j_cast5_mid2_cast" to="tmp_8" fromId="36" toId="39">
</dataflow>
<dataflow id="231" from="tmp_6_cast" to="tmp_8" fromId="38" toId="39">
</dataflow>
<dataflow id="232" from="tmp_8" to="tmp_8_cast" fromId="39" toId="40">
</dataflow>
<dataflow id="233" from="row_outbuf" to="row_outbuf_addr" fromId="12" toId="41">
</dataflow>
<dataflow id="235" from="StgValue_234" to="row_outbuf_addr" fromId="234" toId="41">
</dataflow>
<dataflow id="236" from="tmp_8_cast" to="row_outbuf_addr" fromId="40" toId="41">
</dataflow>
<dataflow id="237" from="row_outbuf_addr" to="row_outbuf_load" fromId="41" toId="42">
</dataflow>
<dataflow id="238" from="i_1_mid2" to="i_6" fromId="34" toId="43">
</dataflow>
<dataflow id="239" from="StgValue_159" to="i_6" fromId="159" toId="43">
</dataflow>
<dataflow id="240" from="_ssdm_op_SpecLoopName" to="StgValue_44" fromId="176" toId="44">
</dataflow>
<dataflow id="242" from="Xpose_Row_Outer_Loop" to="StgValue_44" fromId="241" toId="44">
</dataflow>
<dataflow id="243" from="_ssdm_op_SpecLoopTripCount" to="empty_5" fromId="152" toId="45">
</dataflow>
<dataflow id="245" from="StgValue_244" to="empty_5" fromId="244" toId="45">
</dataflow>
<dataflow id="246" from="StgValue_244" to="empty_5" fromId="244" toId="45">
</dataflow>
<dataflow id="247" from="StgValue_244" to="empty_5" fromId="244" toId="45">
</dataflow>
<dataflow id="248" from="_ssdm_op_BitConcatenate.i7.i4.i3" to="tmp_1" fromId="224" toId="46">
</dataflow>
<dataflow id="249" from="j_cast5_mid2_v" to="tmp_1" fromId="35" toId="46">
</dataflow>
<dataflow id="250" from="StgValue_227" to="tmp_1" fromId="227" toId="46">
</dataflow>
<dataflow id="251" from="tmp_1" to="tmp_4_cast" fromId="46" toId="47">
</dataflow>
<dataflow id="252" from="i_1_mid2" to="i_1_cast4_cast" fromId="34" toId="48">
</dataflow>
<dataflow id="253" from="i_1_cast4_cast" to="tmp_2" fromId="48" toId="49">
</dataflow>
<dataflow id="254" from="tmp_4_cast" to="tmp_2" fromId="47" toId="49">
</dataflow>
<dataflow id="255" from="tmp_2" to="tmp_10_cast" fromId="49" toId="50">
</dataflow>
<dataflow id="256" from="col_inbuf" to="col_inbuf_addr" fromId="14" toId="51">
</dataflow>
<dataflow id="257" from="StgValue_234" to="col_inbuf_addr" fromId="234" toId="51">
</dataflow>
<dataflow id="258" from="tmp_10_cast" to="col_inbuf_addr" fromId="50" toId="51">
</dataflow>
<dataflow id="259" from="_ssdm_op_SpecLoopName" to="StgValue_52" fromId="176" toId="52">
</dataflow>
<dataflow id="261" from="p_str5" to="StgValue_52" fromId="260" toId="52">
</dataflow>
<dataflow id="263" from="_ssdm_op_SpecRegionBegin" to="tmp_7" fromId="262" toId="53">
</dataflow>
<dataflow id="264" from="p_str5" to="tmp_7" fromId="260" toId="53">
</dataflow>
<dataflow id="266" from="_ssdm_op_SpecPipeline" to="StgValue_54" fromId="265" toId="54">
</dataflow>
<dataflow id="268" from="StgValue_267" to="StgValue_54" fromId="267" toId="54">
</dataflow>
<dataflow id="269" from="StgValue_140" to="StgValue_54" fromId="140" toId="54">
</dataflow>
<dataflow id="270" from="StgValue_140" to="StgValue_54" fromId="140" toId="54">
</dataflow>
<dataflow id="271" from="StgValue_234" to="StgValue_54" fromId="234" toId="54">
</dataflow>
<dataflow id="273" from="p_str1" to="StgValue_54" fromId="272" toId="54">
</dataflow>
<dataflow id="274" from="row_outbuf_addr" to="row_outbuf_load" fromId="41" toId="55">
</dataflow>
<dataflow id="275" from="row_outbuf_load" to="StgValue_56" fromId="55" toId="56">
</dataflow>
<dataflow id="276" from="col_inbuf_addr" to="StgValue_56" fromId="51" toId="56">
</dataflow>
<dataflow id="278" from="_ssdm_op_SpecRegionEnd" to="empty_6" fromId="277" toId="57">
</dataflow>
<dataflow id="279" from="p_str5" to="empty_6" fromId="260" toId="57">
</dataflow>
<dataflow id="280" from="tmp_7" to="empty_6" fromId="53" toId="57">
</dataflow>
<dataflow id="281" from="i_5" to="i_2" fromId="63" toId="60">
<BackEdge/>
<condition id="108">
<or_exp><and_exp></and_exp></or_exp>
</condition>
</dataflow>
<dataflow id="282" from="StgValue_69" to="i_2" fromId="69" toId="60">
<BackEdge/>
</dataflow>
<dataflow id="283" from="StgValue_144" to="i_2" fromId="144" toId="60">
<condition id="109">
<or_exp><and_exp></and_exp></or_exp>
</condition>
</dataflow>
<dataflow id="284" from="StgValue_59" to="i_2" fromId="59" toId="60">
</dataflow>
<dataflow id="285" from="i_2" to="tmp_9" fromId="60" toId="61">
</dataflow>
<dataflow id="286" from="StgValue_150" to="tmp_9" fromId="150" toId="61">
</dataflow>
<dataflow id="287" from="_ssdm_op_SpecLoopTripCount" to="empty_7" fromId="152" toId="62">
</dataflow>
<dataflow id="288" from="StgValue_154" to="empty_7" fromId="154" toId="62">
</dataflow>
<dataflow id="289" from="StgValue_154" to="empty_7" fromId="154" toId="62">
</dataflow>
<dataflow id="290" from="StgValue_154" to="empty_7" fromId="154" toId="62">
</dataflow>
<dataflow id="291" from="i_2" to="i_5" fromId="60" toId="63">
</dataflow>
<dataflow id="292" from="StgValue_159" to="i_5" fromId="159" toId="63">
</dataflow>
<dataflow id="293" from="tmp_9" to="StgValue_64" fromId="61" toId="64">
</dataflow>
<dataflow id="294" from="dct_1d2" to="StgValue_65" fromId="162" toId="65">
</dataflow>
<dataflow id="295" from="col_inbuf" to="StgValue_65" fromId="14" toId="65">
</dataflow>
<dataflow id="296" from="i_2" to="StgValue_65" fromId="60" toId="65">
</dataflow>
<dataflow id="297" from="col_outbuf" to="StgValue_65" fromId="13" toId="65">
</dataflow>
<dataflow id="298" from="i_2" to="StgValue_65" fromId="60" toId="65">
</dataflow>
<dataflow id="299" from="dct_coeff_table_0" to="StgValue_65" fromId="132" toId="65">
</dataflow>
<dataflow id="300" from="dct_coeff_table_1" to="StgValue_65" fromId="133" toId="65">
</dataflow>
<dataflow id="301" from="dct_coeff_table_2" to="StgValue_65" fromId="134" toId="65">
</dataflow>
<dataflow id="302" from="dct_coeff_table_3" to="StgValue_65" fromId="135" toId="65">
</dataflow>
<dataflow id="303" from="dct_coeff_table_4" to="StgValue_65" fromId="136" toId="65">
</dataflow>
<dataflow id="304" from="dct_coeff_table_5" to="StgValue_65" fromId="137" toId="65">
</dataflow>
<dataflow id="305" from="dct_coeff_table_6" to="StgValue_65" fromId="138" toId="65">
</dataflow>
<dataflow id="306" from="dct_coeff_table_7" to="StgValue_65" fromId="139" toId="65">
</dataflow>
<dataflow id="307" from="_ssdm_op_SpecLoopName" to="StgValue_67" fromId="176" toId="67">
</dataflow>
<dataflow id="309" from="p_str6" to="StgValue_67" fromId="308" toId="67">
</dataflow>
<dataflow id="310" from="dct_1d2" to="StgValue_68" fromId="162" toId="68">
</dataflow>
<dataflow id="311" from="col_inbuf" to="StgValue_68" fromId="14" toId="68">
</dataflow>
<dataflow id="312" from="i_2" to="StgValue_68" fromId="60" toId="68">
</dataflow>
<dataflow id="313" from="col_outbuf" to="StgValue_68" fromId="13" toId="68">
</dataflow>
<dataflow id="314" from="i_2" to="StgValue_68" fromId="60" toId="68">
</dataflow>
<dataflow id="315" from="dct_coeff_table_0" to="StgValue_68" fromId="132" toId="68">
</dataflow>
<dataflow id="316" from="dct_coeff_table_1" to="StgValue_68" fromId="133" toId="68">
</dataflow>
<dataflow id="317" from="dct_coeff_table_2" to="StgValue_68" fromId="134" toId="68">
</dataflow>
<dataflow id="318" from="dct_coeff_table_3" to="StgValue_68" fromId="135" toId="68">
</dataflow>
<dataflow id="319" from="dct_coeff_table_4" to="StgValue_68" fromId="136" toId="68">
</dataflow>
<dataflow id="320" from="dct_coeff_table_5" to="StgValue_68" fromId="137" toId="68">
</dataflow>
<dataflow id="321" from="dct_coeff_table_6" to="StgValue_68" fromId="138" toId="68">
</dataflow>
<dataflow id="322" from="dct_coeff_table_7" to="StgValue_68" fromId="139" toId="68">
</dataflow>
<dataflow id="323" from="indvar_flatten_next1" to="indvar_flatten1" fromId="74" toId="70">
<BackEdge/>
<condition id="110">
<or_exp><and_exp><literal name="exitcond_flatten1" val="0"/>
</and_exp></or_exp>
</condition>
</dataflow>
<dataflow id="324" from="StgValue_102" to="indvar_flatten1" fromId="102" toId="70">
<BackEdge/>
</dataflow>
<dataflow id="325" from="StgValue_195" to="indvar_flatten1" fromId="195" toId="70">
<condition id="111">
<or_exp><and_exp><literal name="tmp_9" val="1"/>
</and_exp></or_exp>
</condition>
</dataflow>
<dataflow id="326" from="StgValue_66" to="indvar_flatten1" fromId="66" toId="70">
</dataflow>
<dataflow id="327" from="j_1_cast2_mid2_v" to="j_1" fromId="79" toId="71">
<BackEdge/>
<condition id="112">
<or_exp><and_exp><literal name="exitcond_flatten1" val="0"/>
</and_exp></or_exp>
</condition>
</dataflow>
<dataflow id="328" from="StgValue_102" to="j_1" fromId="102" toId="71">
<BackEdge/>
</dataflow>
<dataflow id="329" from="StgValue_144" to="j_1" fromId="144" toId="71">
<condition id="113">
<or_exp><and_exp><literal name="tmp_9" val="1"/>
</and_exp></or_exp>
</condition>
</dataflow>
<dataflow id="330" from="StgValue_66" to="j_1" fromId="66" toId="71">
</dataflow>
<dataflow id="331" from="i_7" to="i_3" fromId="87" toId="72">
<BackEdge/>
<condition id="114">
<or_exp><and_exp><literal name="exitcond_flatten1" val="0"/>
</and_exp></or_exp>
</condition>
</dataflow>
<dataflow id="332" from="StgValue_102" to="i_3" fromId="102" toId="72">
<BackEdge/>
</dataflow>
<dataflow id="333" from="StgValue_144" to="i_3" fromId="144" toId="72">
<condition id="115">
<or_exp><and_exp><literal name="tmp_9" val="1"/>
</and_exp></or_exp>
</condition>
</dataflow>
<dataflow id="334" from="StgValue_66" to="i_3" fromId="66" toId="72">
</dataflow>
<dataflow id="335" from="indvar_flatten1" to="exitcond_flatten1" fromId="70" toId="73">
</dataflow>
<dataflow id="336" from="StgValue_207" to="exitcond_flatten1" fromId="207" toId="73">
</dataflow>
<dataflow id="337" from="indvar_flatten1" to="indvar_flatten_next1" fromId="70" toId="74">
</dataflow>
<dataflow id="338" from="StgValue_210" to="indvar_flatten_next1" fromId="210" toId="74">
</dataflow>
<dataflow id="339" from="exitcond_flatten1" to="StgValue_75" fromId="73" toId="75">
</dataflow>
<dataflow id="340" from="j_1" to="j_3" fromId="71" toId="76">
</dataflow>
<dataflow id="341" from="StgValue_159" to="j_3" fromId="159" toId="76">
</dataflow>
<dataflow id="342" from="i_3" to="tmp_4" fromId="72" toId="77">
</dataflow>
<dataflow id="343" from="StgValue_150" to="tmp_4" fromId="150" toId="77">
</dataflow>
<dataflow id="344" from="tmp_4" to="i_3_mid2" fromId="77" toId="78">
</dataflow>
<dataflow id="345" from="StgValue_144" to="i_3_mid2" fromId="144" toId="78">
</dataflow>
<dataflow id="346" from="i_3" to="i_3_mid2" fromId="72" toId="78">
</dataflow>
<dataflow id="347" from="tmp_4" to="j_1_cast2_mid2_v" fromId="77" toId="79">
</dataflow>
<dataflow id="348" from="j_3" to="j_1_cast2_mid2_v" fromId="76" toId="79">
</dataflow>
<dataflow id="349" from="j_1" to="j_1_cast2_mid2_v" fromId="71" toId="79">
</dataflow>
<dataflow id="350" from="j_1_cast2_mid2_v" to="j_1_cast2_mid2_cast" fromId="79" toId="80">
</dataflow>
<dataflow id="351" from="_ssdm_op_BitConcatenate.i7.i4.i3" to="tmp_11" fromId="224" toId="81">
</dataflow>
<dataflow id="352" from="i_3_mid2" to="tmp_11" fromId="78" toId="81">
</dataflow>
<dataflow id="353" from="StgValue_227" to="tmp_11" fromId="227" toId="81">
</dataflow>
<dataflow id="354" from="tmp_11" to="tmp_15_cast" fromId="81" toId="82">
</dataflow>
<dataflow id="355" from="j_1_cast2_mid2_cast" to="tmp_12" fromId="80" toId="83">
</dataflow>
<dataflow id="356" from="tmp_15_cast" to="tmp_12" fromId="82" toId="83">
</dataflow>
<dataflow id="357" from="tmp_12" to="tmp_16_cast" fromId="83" toId="84">
</dataflow>
<dataflow id="358" from="col_outbuf" to="col_outbuf_addr" fromId="13" toId="85">
</dataflow>
<dataflow id="359" from="StgValue_234" to="col_outbuf_addr" fromId="234" toId="85">
</dataflow>
<dataflow id="360" from="tmp_16_cast" to="col_outbuf_addr" fromId="84" toId="85">
</dataflow>
<dataflow id="361" from="col_outbuf_addr" to="col_outbuf_load" fromId="85" toId="86">
</dataflow>
<dataflow id="362" from="i_3_mid2" to="i_7" fromId="78" toId="87">
</dataflow>
<dataflow id="363" from="StgValue_159" to="i_7" fromId="159" toId="87">
</dataflow>
<dataflow id="364" from="_ssdm_op_SpecLoopName" to="StgValue_88" fromId="176" toId="88">
</dataflow>
<dataflow id="366" from="Xpose_Col_Outer_Loop" to="StgValue_88" fromId="365" toId="88">
</dataflow>
<dataflow id="367" from="_ssdm_op_SpecLoopTripCount" to="empty_8" fromId="152" toId="89">
</dataflow>
<dataflow id="368" from="StgValue_244" to="empty_8" fromId="244" toId="89">
</dataflow>
<dataflow id="369" from="StgValue_244" to="empty_8" fromId="244" toId="89">
</dataflow>
<dataflow id="370" from="StgValue_244" to="empty_8" fromId="244" toId="89">
</dataflow>
<dataflow id="371" from="_ssdm_op_BitConcatenate.i7.i4.i3" to="tmp_6" fromId="224" toId="90">
</dataflow>
<dataflow id="372" from="j_1_cast2_mid2_v" to="tmp_6" fromId="79" toId="90">
</dataflow>
<dataflow id="373" from="StgValue_227" to="tmp_6" fromId="227" toId="90">
</dataflow>
<dataflow id="374" from="tmp_6" to="tmp_12_cast" fromId="90" toId="91">
</dataflow>
<dataflow id="375" from="i_3_mid2" to="i_3_cast1_cast" fromId="78" toId="92">
</dataflow>
<dataflow id="376" from="i_3_cast1_cast" to="tmp_10" fromId="92" toId="93">
</dataflow>
<dataflow id="377" from="tmp_12_cast" to="tmp_10" fromId="91" toId="93">
</dataflow>
<dataflow id="378" from="tmp_10" to="tmp_13_cast" fromId="93" toId="94">
</dataflow>
<dataflow id="379" from="out_block" to="out_block_addr" fromId="131" toId="95">
</dataflow>
<dataflow id="380" from="StgValue_234" to="out_block_addr" fromId="234" toId="95">
</dataflow>
<dataflow id="381" from="tmp_13_cast" to="out_block_addr" fromId="94" toId="95">
</dataflow>
<dataflow id="382" from="_ssdm_op_SpecLoopName" to="StgValue_96" fromId="176" toId="96">
</dataflow>
<dataflow id="384" from="p_str8" to="StgValue_96" fromId="383" toId="96">
</dataflow>
<dataflow id="385" from="_ssdm_op_SpecRegionBegin" to="tmp_3" fromId="262" toId="97">
</dataflow>
<dataflow id="386" from="p_str8" to="tmp_3" fromId="383" toId="97">
</dataflow>
<dataflow id="387" from="_ssdm_op_SpecPipeline" to="StgValue_98" fromId="265" toId="98">
</dataflow>
<dataflow id="388" from="StgValue_267" to="StgValue_98" fromId="267" toId="98">
</dataflow>
<dataflow id="389" from="StgValue_140" to="StgValue_98" fromId="140" toId="98">
</dataflow>
<dataflow id="390" from="StgValue_140" to="StgValue_98" fromId="140" toId="98">
</dataflow>
<dataflow id="391" from="StgValue_234" to="StgValue_98" fromId="234" toId="98">
</dataflow>
<dataflow id="392" from="p_str1" to="StgValue_98" fromId="272" toId="98">
</dataflow>
<dataflow id="393" from="col_outbuf_addr" to="col_outbuf_load" fromId="85" toId="99">
</dataflow>
<dataflow id="394" from="col_outbuf_load" to="StgValue_100" fromId="99" toId="100">
</dataflow>
<dataflow id="395" from="out_block_addr" to="StgValue_100" fromId="95" toId="100">
</dataflow>
<dataflow id="396" from="_ssdm_op_SpecRegionEnd" to="empty_9" fromId="277" toId="101">
</dataflow>
<dataflow id="397" from="p_str8" to="empty_9" fromId="383" toId="101">
</dataflow>
<dataflow id="398" from="tmp_3" to="empty_9" fromId="97" toId="101">
</dataflow>
<dataflow id="399" from="tmp" to="StgValue_2" fromId="17" toId="2">
</dataflow>
<dataflow id="400" from="exitcond_flatten" to="StgValue_4" fromId="29" toId="4">
</dataflow>
<dataflow id="401" from="exitcond_flatten" to="StgValue_5" fromId="29" toId="5">
</dataflow>
<dataflow id="402" from="tmp_9" to="StgValue_7" fromId="61" toId="7">
</dataflow>
<dataflow id="403" from="exitcond_flatten1" to="StgValue_9" fromId="73" toId="9">
</dataflow>
<dataflow id="404" from="exitcond_flatten1" to="StgValue_10" fromId="73" toId="10">
</dataflow>
<dataflow id="405" from="tmp" to="StgValue_4" fromId="17" toId="4">
</dataflow>
<dataflow id="406" from="tmp" to="StgValue_5" fromId="17" toId="5">
</dataflow>
<dataflow id="407" from="tmp_9" to="StgValue_9" fromId="61" toId="9">
</dataflow>
<dataflow id="408" from="tmp_9" to="StgValue_10" fromId="61" toId="10">
</dataflow>
</dataflows>


</stg>
