<profile>

<section name = "Vivado HLS Report for 'dct_2d'" level="0">
<item name = "Date">Fri Nov 01 16:58:32 2024
</item>
<item name = "Version">2016.3 (Build 1682563 on Mon Oct 10 19:41:59 MDT 2016)</item>
<item name = "Project">dct.prj</item>
<item name = "Solution">solution4</item>
<item name = "Product family">zynq</item>
<item name = "Target device">xc7z020clg484-1</item>
</section>

<section name = "Performance Estimates" level="0">
<item name = "Timing (ns)">
<section name = "" level="1">
<item name = "Summary"><table name="" hasTotal="0">
<keys size="4">Clock, Target, Estimated, Uncertainty</keys>
<column name="ap_clk">10.00, 10.79, 1.25</column>
</table>
</item>
</section>
</item>
<item name = "Latency (clock cycles)">
<section name = "" level="1">
<item name = "Summary"><table name="" hasTotal="0">
<keys size="6">, min, max, min, max, Type</keys>
<column name="">374, 374, 374, 374, none</column>
</table>
</item>
<item name = "Detail">
<section name = "" level="1">
<item name = "Instance"><table name="" hasTotal="0">
<keys size="7">Instance, Module, min, max, min, max, Type</keys>
<column name="grp_dct_1d_fu_359">dct_1d, 13, 13, 13, 13, none</column>
</table>
</item>
<item name = "Loop"><table name="" hasTotal="0">
<keys size="8">Loop Name, min, max, Latency, achieved, target, Count, Pipelined</keys>
<column name="- Row_DCT_Loop">120, 120, 15, -, -, 8, no</column>
<column name="- Xpose_Row_Outer_Loop_Xpose_Row_Inner_Loop">64, 64, 2, 1, 1, 64, yes</column>
<column name="- Col_DCT_Loop">120, 120, 15, -, -, 8, no</column>
<column name="- Xpose_Col_Outer_Loop_Xpose_Col_Inner_Loop">64, 64, 2, 1, 1, 64, yes</column>
</table>
</item>
</section>
</item>
</section>
</item>
</section>

<section name = "Utilization Estimates" level="0">
<item name = "Summary"><table name="" hasTotal="1">
<keys size="5">Name, BRAM_18K, DSP48E, FF, LUT</keys>
<column name="DSP">-, -, -, -</column>
<column name="Expression">-, -, 0, 92</column>
<column name="FIFO">-, -, -, -</column>
<column name="Instance">0, 8, 551, 103</column>
<column name="Memory">2, -, 256, 16</column>
<column name="Multiplexer">-, -, -, 234</column>
<column name="Register">-, -, 77, -</column>
<specialColumn name="Available">280, 220, 106400, 53200</specialColumn>
<specialColumn name="Utilization (%)">~0, 3, ~0, ~0</specialColumn>
</table>
</item>
<item name = "Detail">
<section name = "" level="1">
<item name = "Instance"><table name="" hasTotal="1">
<keys size="6">Instance, Module, BRAM_18K, DSP48E, FF, LUT</keys>
<column name="grp_dct_1d_fu_359">dct_1d, 0, 8, 551, 103</column>
</table>
</item>
<item name = "DSP48"><table name="" hasTotal="0">
<keys size="3">Instance, Module, Expression</keys>
</table>
</item>
<item name = "Memory"><table name="" hasTotal="1">
<keys size="9">Memory, Module, BRAM_18K, FF, LUT, Words, Bits, Banks, W*Bits*Banks</keys>
<column name="col_inbuf_0_U">dct_2d_col_inbuf_0, 0, 32, 2, 8, 16, 1, 128</column>
<column name="col_inbuf_1_U">dct_2d_col_inbuf_0, 0, 32, 2, 8, 16, 1, 128</column>
<column name="col_inbuf_2_U">dct_2d_col_inbuf_0, 0, 32, 2, 8, 16, 1, 128</column>
<column name="col_inbuf_3_U">dct_2d_col_inbuf_0, 0, 32, 2, 8, 16, 1, 128</column>
<column name="col_inbuf_4_U">dct_2d_col_inbuf_0, 0, 32, 2, 8, 16, 1, 128</column>
<column name="col_inbuf_5_U">dct_2d_col_inbuf_0, 0, 32, 2, 8, 16, 1, 128</column>
<column name="col_inbuf_6_U">dct_2d_col_inbuf_0, 0, 32, 2, 8, 16, 1, 128</column>
<column name="col_inbuf_7_U">dct_2d_col_inbuf_0, 0, 32, 2, 8, 16, 1, 128</column>
<column name="row_outbuf_U">dct_2d_row_outbuf, 1, 0, 0, 64, 16, 1, 1024</column>
<column name="col_outbuf_U">dct_2d_row_outbuf, 1, 0, 0, 64, 16, 1, 1024</column>
</table>
</item>
<item name = "FIFO"><table name="" hasTotal="1">
<keys size="7">Name, BRAM_18K, FF, LUT, Depth, Bits, Size:D*B</keys>
</table>
</item>
<item name = "Expression"><table name="" hasTotal="1">
<keys size="7">Variable Name, Operation, DSP48E, FF, LUT, Bitwidth P0, Bitwidth P1</keys>
<column name="i_4_fu_408_p2">+, 0, 0, 4, 4, 1</column>
<column name="i_5_fu_508_p2">+, 0, 0, 4, 4, 1</column>
<column name="i_6_fu_485_p2">+, 0, 0, 4, 4, 1</column>
<column name="i_7_fu_581_p2">+, 0, 0, 4, 4, 1</column>
<column name="indvar_flatten_next1_fu_520_p2">+, 0, 0, 7, 7, 1</column>
<column name="indvar_flatten_next_fu_420_p2">+, 0, 0, 7, 7, 1</column>
<column name="j_2_fu_426_p2">+, 0, 0, 4, 1, 4</column>
<column name="j_3_fu_526_p2">+, 0, 0, 4, 4, 1</column>
<column name="tmp_11_fu_570_p2">+, 0, 0, 8, 8, 8</column>
<column name="tmp_5_fu_470_p2">+, 0, 0, 8, 8, 8</column>
<column name="tmp_8_fu_601_p2">+, 0, 0, 8, 8, 8</column>
<column name="exitcond_flatten1_fu_514_p2">icmp, 0, 0, 3, 7, 8</column>
<column name="exitcond_flatten_fu_414_p2">icmp, 0, 0, 3, 7, 8</column>
<column name="tmp_4_fu_532_p2">icmp, 0, 0, 2, 4, 5</column>
<column name="tmp_9_fu_502_p2">icmp, 0, 0, 2, 4, 5</column>
<column name="tmp_fu_402_p2">icmp, 0, 0, 2, 4, 5</column>
<column name="tmp_s_fu_432_p2">icmp, 0, 0, 2, 4, 5</column>
<column name="i_1_mid2_fu_438_p3">select, 0, 0, 4, 1, 1</column>
<column name="i_3_mid2_fu_538_p3">select, 0, 0, 4, 1, 1</column>
<column name="j_1_cast2_mid2_v_fu_546_p3">select, 0, 0, 4, 1, 4</column>
<column name="j_cast5_mid2_v_fu_446_p3">select, 0, 0, 4, 1, 4</column>
</table>
</item>
<item name = "Multiplexer"><table name="" hasTotal="1">
<keys size="5">Name, LUT, Input Size, Bits, Total Bits</keys>
<column name="ap_NS_fsm">4, 10, 1, 10</column>
<column name="col_inbuf_0_address0">3, 3, 3, 9</column>
<column name="col_inbuf_0_ce0">1, 3, 1, 3</column>
<column name="col_inbuf_1_address0">3, 3, 3, 9</column>
<column name="col_inbuf_1_ce0">1, 3, 1, 3</column>
<column name="col_inbuf_2_address0">3, 3, 3, 9</column>
<column name="col_inbuf_2_ce0">1, 3, 1, 3</column>
<column name="col_inbuf_3_address0">3, 3, 3, 9</column>
<column name="col_inbuf_3_ce0">1, 3, 1, 3</column>
<column name="col_inbuf_4_address0">3, 3, 3, 9</column>
<column name="col_inbuf_4_ce0">1, 3, 1, 3</column>
<column name="col_inbuf_5_address0">3, 3, 3, 9</column>
<column name="col_inbuf_5_ce0">1, 3, 1, 3</column>
<column name="col_inbuf_6_address0">3, 3, 3, 9</column>
<column name="col_inbuf_6_ce0">1, 3, 1, 3</column>
<column name="col_inbuf_7_address0">3, 3, 3, 9</column>
<column name="col_inbuf_7_ce0">1, 3, 1, 3</column>
<column name="col_outbuf_address0">6, 3, 6, 18</column>
<column name="col_outbuf_ce0">1, 3, 1, 3</column>
<column name="col_outbuf_we0">1, 2, 1, 2</column>
<column name="grp_dct_1d_fu_359_i_2">4, 3, 4, 12</column>
<column name="grp_dct_1d_fu_359_i_21">4, 3, 4, 12</column>
<column name="grp_dct_1d_fu_359_src1_q0">16, 3, 16, 48</column>
<column name="grp_dct_1d_fu_359_src2_q0">16, 3, 16, 48</column>
<column name="grp_dct_1d_fu_359_src3_q0">16, 3, 16, 48</column>
<column name="grp_dct_1d_fu_359_src4_q0">16, 3, 16, 48</column>
<column name="grp_dct_1d_fu_359_src5_q0">16, 3, 16, 48</column>
<column name="grp_dct_1d_fu_359_src6_q0">16, 3, 16, 48</column>
<column name="grp_dct_1d_fu_359_src7_q0">16, 3, 16, 48</column>
<column name="grp_dct_1d_fu_359_src_q0">16, 3, 16, 48</column>
<column name="i_1_reg_303">4, 2, 4, 8</column>
<column name="i_2_reg_314">4, 2, 4, 8</column>
<column name="i_3_reg_348">4, 2, 4, 8</column>
<column name="i_reg_269">4, 2, 4, 8</column>
<column name="indvar_flatten1_reg_326">7, 2, 7, 14</column>
<column name="indvar_flatten_reg_281">7, 2, 7, 14</column>
<column name="j_1_phi_fu_341_p4">4, 2, 4, 8</column>
<column name="j_1_reg_337">4, 2, 4, 8</column>
<column name="j_phi_fu_296_p4">4, 2, 4, 8</column>
<column name="j_reg_292">4, 2, 4, 8</column>
<column name="row_outbuf_address0">6, 3, 6, 18</column>
<column name="row_outbuf_ce0">1, 3, 1, 3</column>
<column name="row_outbuf_we0">1, 2, 1, 2</column>
</table>
</item>
<item name = "Register"><table name="" hasTotal="1">
<keys size="5">Name, FF, LUT, Bits, Const Bits</keys>
<column name="ap_CS_fsm">9, 0, 9, 0</column>
<column name="ap_enable_reg_pp0_iter0">1, 0, 1, 0</column>
<column name="ap_enable_reg_pp0_iter1">1, 0, 1, 0</column>
<column name="ap_enable_reg_pp1_iter0">1, 0, 1, 0</column>
<column name="ap_enable_reg_pp1_iter1">1, 0, 1, 0</column>
<column name="ap_reg_grp_dct_1d_fu_359_ap_start">1, 0, 1, 0</column>
<column name="exitcond_flatten1_reg_659">1, 0, 1, 0</column>
<column name="exitcond_flatten_reg_621">1, 0, 1, 0</column>
<column name="i_1_reg_303">4, 0, 4, 0</column>
<column name="i_2_reg_314">4, 0, 4, 0</column>
<column name="i_3_mid2_reg_668">4, 0, 4, 0</column>
<column name="i_3_reg_348">4, 0, 4, 0</column>
<column name="i_4_reg_616">4, 0, 4, 0</column>
<column name="i_5_reg_654">4, 0, 4, 0</column>
<column name="i_reg_269">4, 0, 4, 0</column>
<column name="indvar_flatten1_reg_326">7, 0, 7, 0</column>
<column name="indvar_flatten_reg_281">7, 0, 7, 0</column>
<column name="j_1_cast2_mid2_v_reg_673">4, 0, 4, 0</column>
<column name="j_1_reg_337">4, 0, 4, 0</column>
<column name="j_cast5_mid2_v_reg_630">4, 0, 4, 0</column>
<column name="j_reg_292">4, 0, 4, 0</column>
<column name="tmp_2_reg_641">3, 0, 3, 0</column>
</table>
</item>
</section>
</item>
</section>

<section name = "Interface" level="0">
<item name = "Summary"><table name="" hasTotal="0">
<keys size="6">RTL Ports, Dir, Bits, Protocol, Source Object, C Type</keys>
<column name="ap_clk">in, 1, ap_ctrl_hs, dct_2d, return value</column>
<column name="ap_rst">in, 1, ap_ctrl_hs, dct_2d, return value</column>
<column name="ap_start">in, 1, ap_ctrl_hs, dct_2d, return value</column>
<column name="ap_done">out, 1, ap_ctrl_hs, dct_2d, return value</column>
<column name="ap_idle">out, 1, ap_ctrl_hs, dct_2d, return value</column>
<column name="ap_ready">out, 1, ap_ctrl_hs, dct_2d, return value</column>
<column name="in_block_0_address0">out, 3, ap_memory, in_block_0, array</column>
<column name="in_block_0_ce0">out, 1, ap_memory, in_block_0, array</column>
<column name="in_block_0_q0">in, 16, ap_memory, in_block_0, array</column>
<column name="in_block_1_address0">out, 3, ap_memory, in_block_1, array</column>
<column name="in_block_1_ce0">out, 1, ap_memory, in_block_1, array</column>
<column name="in_block_1_q0">in, 16, ap_memory, in_block_1, array</column>
<column name="in_block_2_address0">out, 3, ap_memory, in_block_2, array</column>
<column name="in_block_2_ce0">out, 1, ap_memory, in_block_2, array</column>
<column name="in_block_2_q0">in, 16, ap_memory, in_block_2, array</column>
<column name="in_block_3_address0">out, 3, ap_memory, in_block_3, array</column>
<column name="in_block_3_ce0">out, 1, ap_memory, in_block_3, array</column>
<column name="in_block_3_q0">in, 16, ap_memory, in_block_3, array</column>
<column name="in_block_4_address0">out, 3, ap_memory, in_block_4, array</column>
<column name="in_block_4_ce0">out, 1, ap_memory, in_block_4, array</column>
<column name="in_block_4_q0">in, 16, ap_memory, in_block_4, array</column>
<column name="in_block_5_address0">out, 3, ap_memory, in_block_5, array</column>
<column name="in_block_5_ce0">out, 1, ap_memory, in_block_5, array</column>
<column name="in_block_5_q0">in, 16, ap_memory, in_block_5, array</column>
<column name="in_block_6_address0">out, 3, ap_memory, in_block_6, array</column>
<column name="in_block_6_ce0">out, 1, ap_memory, in_block_6, array</column>
<column name="in_block_6_q0">in, 16, ap_memory, in_block_6, array</column>
<column name="in_block_7_address0">out, 3, ap_memory, in_block_7, array</column>
<column name="in_block_7_ce0">out, 1, ap_memory, in_block_7, array</column>
<column name="in_block_7_q0">in, 16, ap_memory, in_block_7, array</column>
<column name="out_block_address0">out, 6, ap_memory, out_block, array</column>
<column name="out_block_ce0">out, 1, ap_memory, out_block, array</column>
<column name="out_block_we0">out, 1, ap_memory, out_block, array</column>
<column name="out_block_d0">out, 16, ap_memory, out_block, array</column>
</table>
</item>
</section>
</profile>
