<?xml version="1.0" encoding="UTF-8"?>
<vivadoHLSLog:LogRoot xmlns:vivadoHLSLog="www.xilinx.com/vivadoHLSLog">
  <errorLogs>
    <logs>
      <synLog/>
      <simLog/>
      <mgLog/>
      <packageLog/>
      <csimLog/>
    </logs>
  </errorLogs>
  <warningLogs>
    <logs>
      <synLog>
        <logs message="WARNING: [RTGEN 206-101] RTL name 'yuv_filter_mul_mubkb' is changed to 'yuv_filter_mul_mubkb_x' due to conflict." projectName="yuv_filter.prj" solutionName="solution3" date="2024-11-01T16:56:57.749-0400" type="Warning"/>
        <logs message="WARNING: [RTGEN 206-101] RTL name 'yuv_filter_mul_mubkb' is changed to 'yuv_filter_mul_mubkb_x' due to conflict." projectName="yuv_filter.prj" solutionName="solution3" date="2024-11-01T16:56:57.680-0400" type="Warning"/>
        <logs message="WARNING: [SCHED 204-21] The critical path consists of the following:&#xD;&#xA;&#x9;'mul' operation ('tmp_11', yuv_filter.c:101) (3.36 ns)&#xD;&#xA;&#x9;'add' operation ('tmp1', yuv_filter.c:101) (3.02 ns)&#xD;&#xA;&#x9;'add' operation ('tmp_13', yuv_filter.c:101) (2.08 ns)&#xD;&#xA;&#x9;'icmp' operation ('icmp1', yuv_filter.c:101) (1.36 ns)&#xD;&#xA;&#x9;'select' operation ('p_phitmp2', yuv_filter.c:101) (0 ns)&#xD;&#xA;&#x9;'select' operation ('G', yuv_filter.c:101) (1.37 ns)" projectName="yuv_filter.prj" solutionName="solution3" date="2024-11-01T16:56:57.409-0400" type="Warning"/>
        <logs message="WARNING: [SCHED 204-21] Estimated clock period (11.2ns) exceeds the target (target clock period: 10ns, clock uncertainty: 1.25ns, effective delay budget: 8.75ns)." projectName="yuv_filter.prj" solutionName="solution3" date="2024-11-01T16:56:57.406-0400" type="Warning"/>
        <logs message="WARNING: [SCHED 204-21] The critical path consists of the following:&#xD;&#xA;&#x9;'mul' operation ('tmp_59_i_i', yuv_filter.c:59) (3.36 ns)&#xD;&#xA;&#x9;'add' operation ('tmp_62_i_i', yuv_filter.c:59) (3.02 ns)&#xD;&#xA;&#x9;'add' operation ('tmp4', yuv_filter.c:59) (1.96 ns)&#xD;&#xA;&#x9;'add' operation ('tmp_64_i_i', yuv_filter.c:59) (3.02 ns)" projectName="yuv_filter.prj" solutionName="solution3" date="2024-11-01T16:56:56.996-0400" type="Warning"/>
        <logs message="WARNING: [SCHED 204-21] Estimated clock period (11.4ns) exceeds the target (target clock period: 10ns, clock uncertainty: 1.25ns, effective delay budget: 8.75ns)." projectName="yuv_filter.prj" solutionName="solution3" date="2024-11-01T16:56:56.994-0400" type="Warning"/>
        <logs message="WARNING: [XFORM 203-124] Array  '_yuv.channels.ch1' (yuv_filter.c:17): may have improper streaming access(es), possible reasons: (1) some entries are accessed more than once; (2) some entries are not used; (3) the entries are not accessed in sequential order." projectName="yuv_filter.prj" solutionName="solution3" date="2024-11-01T16:56:56.444-0400" type="Warning"/>
        <logs message="WARNING: [XFORM 203-124] Array  '_yuv.channels.ch2' (yuv_filter.c:17): may have improper streaming access(es), possible reasons: (1) some entries are accessed more than once; (2) some entries are not used; (3) the entries are not accessed in sequential order." projectName="yuv_filter.prj" solutionName="solution3" date="2024-11-01T16:56:56.374-0400" type="Warning"/>
        <logs message="WARNING: [XFORM 203-124] Array  '_yuv.channels.ch3' (yuv_filter.c:17): may have improper streaming access(es), possible reasons: (1) some entries are accessed more than once; (2) some entries are not used; (3) the entries are not accessed in sequential order." projectName="yuv_filter.prj" solutionName="solution3" date="2024-11-01T16:56:56.372-0400" type="Warning"/>
        <logs message="WARNING: [XFORM 203-124] Array  '_scale.channels.ch1' (yuv_filter.c:18): may have improper streaming access(es), possible reasons: (1) some entries are accessed more than once; (2) some entries are not used; (3) the entries are not accessed in sequential order." projectName="yuv_filter.prj" solutionName="solution3" date="2024-11-01T16:56:56.369-0400" type="Warning"/>
        <logs message="WARNING: [XFORM 203-124] Array  '_scale.channels.ch2' (yuv_filter.c:18): may have improper streaming access(es), possible reasons: (1) some entries are accessed more than once; (2) some entries are not used; (3) the entries are not accessed in sequential order." projectName="yuv_filter.prj" solutionName="solution3" date="2024-11-01T16:56:56.367-0400" type="Warning"/>
        <logs message="WARNING: [XFORM 203-124] Array  '_scale.channels.ch3' (yuv_filter.c:18): may have improper streaming access(es), possible reasons: (1) some entries are accessed more than once; (2) some entries are not used; (3) the entries are not accessed in sequential order." projectName="yuv_filter.prj" solutionName="solution3" date="2024-11-01T16:56:56.366-0400" type="Warning"/>
        <logs message="WARNING: [XFORM 203-713] All the elements of global array '_scale.channels.ch1' (yuv_filter.c:18) should be updated in process function 'yuv_scale' (yuv_filter.c:111), otherwise it may not be synthesized correctly." projectName="yuv_filter.prj" solutionName="solution3" date="2024-11-01T16:56:56.364-0400" type="Warning"/>
        <logs message="WARNING: [XFORM 203-713] All the elements of global array '_yuv.channels.ch1' (yuv_filter.c:17) should be updated in process function 'rgb2yuv11' (yuv_filter.c:43:27), otherwise it may not be synthesized correctly." projectName="yuv_filter.prj" solutionName="solution3" date="2024-11-01T16:56:56.361-0400" type="Warning"/>
        <logs message="WARNING: [XFORM 203-713] All the elements of global array '_yuv.channels.ch3' (yuv_filter.c:17) should be updated in process function 'rgb2yuv11' (yuv_filter.c:43:27), otherwise it may not be synthesized correctly." projectName="yuv_filter.prj" solutionName="solution3" date="2024-11-01T16:56:56.359-0400" type="Warning"/>
        <logs message="WARNING: [XFORM 203-713] All the elements of global array '_yuv.channels.ch2' (yuv_filter.c:17) should be updated in process function 'rgb2yuv11' (yuv_filter.c:43:27), otherwise it may not be synthesized correctly." projectName="yuv_filter.prj" solutionName="solution3" date="2024-11-01T16:56:56.357-0400" type="Warning"/>
        <logs message="WARNING: [XFORM 203-713] All the elements of global array '_scale.channels.ch2' (yuv_filter.c:18) should be updated in process function 'yuv_scale' (yuv_filter.c:111), otherwise it may not be synthesized correctly." projectName="yuv_filter.prj" solutionName="solution3" date="2024-11-01T16:56:56.355-0400" type="Warning"/>
        <logs message="WARNING: [XFORM 203-713] All the elements of global array '_scale.channels.ch3' (yuv_filter.c:18) should be updated in process function 'yuv_scale' (yuv_filter.c:111), otherwise it may not be synthesized correctly." projectName="yuv_filter.prj" solutionName="solution3" date="2024-11-01T16:56:56.353-0400" type="Warning"/>
        <logs message="WARNING: [XFORM 203-713] All the elements of global array 'out.channels.ch3' (yuv_filter.c:6) should be updated in process function 'yuv2rgb' (yuv_filter.c:68), otherwise it may not be synthesized correctly." projectName="yuv_filter.prj" solutionName="solution3" date="2024-11-01T16:56:56.351-0400" type="Warning"/>
        <logs message="WARNING: [XFORM 203-713] All the elements of global array 'out.channels.ch2' (yuv_filter.c:6) should be updated in process function 'yuv2rgb' (yuv_filter.c:68), otherwise it may not be synthesized correctly." projectName="yuv_filter.prj" solutionName="solution3" date="2024-11-01T16:56:56.348-0400" type="Warning"/>
        <logs message="WARNING: [XFORM 203-713] All the elements of global array 'out.channels.ch1' (yuv_filter.c:6) should be updated in process function 'yuv2rgb' (yuv_filter.c:68), otherwise it may not be synthesized correctly." projectName="yuv_filter.prj" solutionName="solution3" date="2024-11-01T16:56:56.345-0400" type="Warning"/>
        <logs message="WARNING: [RTGEN 206-101] RTL name 'yuv_filter_mul_mubkb' is changed to 'yuv_filter_mul_mubkb_x' due to conflict." projectName="yuv_filter.prj" solutionName="solution2" date="2024-11-01T16:49:17.121-0400" type="Warning"/>
        <logs message="WARNING: [RTGEN 206-101] RTL name 'yuv_filter_mul_mubkb' is changed to 'yuv_filter_mul_mubkb_x' due to conflict." projectName="yuv_filter.prj" solutionName="solution2" date="2024-11-01T16:49:17.043-0400" type="Warning"/>
        <logs message="WARNING: [SCHED 204-21] The critical path consists of the following:&#xD;&#xA;&#x9;'mul' operation ('tmp_13', yuv_filter.c:101) (3.36 ns)&#xD;&#xA;&#x9;'add' operation ('tmp1', yuv_filter.c:101) (3.02 ns)&#xD;&#xA;&#x9;'add' operation ('tmp_15', yuv_filter.c:101) (2.08 ns)&#xD;&#xA;&#x9;'icmp' operation ('icmp1', yuv_filter.c:101) (1.36 ns)&#xD;&#xA;&#x9;'select' operation ('p_phitmp2', yuv_filter.c:101) (0 ns)&#xD;&#xA;&#x9;'select' operation ('G', yuv_filter.c:101) (1.37 ns)" projectName="yuv_filter.prj" solutionName="solution2" date="2024-11-01T16:49:16.754-0400" type="Warning"/>
        <logs message="WARNING: [SCHED 204-21] Estimated clock period (11.2ns) exceeds the target (target clock period: 10ns, clock uncertainty: 1.25ns, effective delay budget: 8.75ns)." projectName="yuv_filter.prj" solutionName="solution2" date="2024-11-01T16:49:16.749-0400" type="Warning"/>
        <logs message="WARNING: [SCHED 204-21] The critical path consists of the following:&#xD;&#xA;&#x9;'mul' operation ('tmp_12', yuv_filter.c:101) (3.36 ns)&#xD;&#xA;&#x9;'add' operation ('tmp1', yuv_filter.c:101) (3.02 ns)&#xD;&#xA;&#x9;'add' operation ('tmp_14', yuv_filter.c:101) (2.08 ns)&#xD;&#xA;&#x9;'icmp' operation ('icmp9', yuv_filter.c:101) (1.36 ns)&#xD;&#xA;&#x9;'select' operation ('p_phitmp2', yuv_filter.c:101) (0 ns)&#xD;&#xA;&#x9;'select' operation ('G', yuv_filter.c:101) (1.37 ns)" projectName="yuv_filter.prj" solutionName="solution1" date="2024-11-01T16:08:08.960-0400" type="Warning"/>
        <logs message="WARNING: [SCHED 204-21] Estimated clock period (11.2ns) exceeds the target (target clock period: 10ns, clock uncertainty: 1.25ns, effective delay budget: 8.75ns)." projectName="yuv_filter.prj" solutionName="solution1" date="2024-11-01T16:08:08.956-0400" type="Warning"/>
      </synLog>
      <simLog/>
      <mgLog/>
      <packageLog/>
      <csimLog/>
    </logs>
  </warningLogs>
</vivadoHLSLog:LogRoot>
