<profile>

<section name = "Vivado HLS Report for 'dct'" level="0">
<item name = "Date">Fri Nov 01 16:36:42 2024
</item>
<item name = "Version">2016.3 (Build 1682563 on Mon Oct 10 19:41:59 MDT 2016)</item>
<item name = "Project">dct.prj</item>
<item name = "Solution">solution1</item>
<item name = "Product family">zynq</item>
<item name = "Target device">xc7z020clg484-1</item>
</section>

<section name = "Performance Estimates" level="0">
<item name = "Timing (ns)">
<section name = "" level="1">
<item name = "Summary"><table name="" hasTotal="0">
<keys size="4">Clock, Target, Estimated, Uncertainty</keys>
<column name="ap_clk">10.00, 6.38, 1.25</column>
</table>
</item>
</section>
</item>
<item name = "Latency (clock cycles)">
<section name = "" level="1">
<item name = "Summary"><table name="" hasTotal="0">
<keys size="6">, min, max, min, max, Type</keys>
<column name="">3959, 3959, 3960, 3960, none</column>
</table>
</item>
<item name = "Detail">
<section name = "" level="1">
<item name = "Instance"><table name="" hasTotal="0">
<keys size="7">Instance, Module, min, max, min, max, Type</keys>
<column name="grp_dct_2d_fu_147">dct_2d, 3668, 3668, 3668, 3668, none</column>
</table>
</item>
<item name = "Loop"><table name="" hasTotal="0">
<keys size="8">Loop Name, min, max, Latency, achieved, target, Count, Pipelined</keys>
<column name="- RD_Loop_Row">144, 144, 18, -, -, 8, no</column>
<column name=" + RD_Loop_Col">16, 16, 2, -, -, 8, no</column>
<column name="- WR_Loop_Row">144, 144, 18, -, -, 8, no</column>
<column name=" + WR_Loop_Col">16, 16, 2, -, -, 8, no</column>
</table>
</item>
</section>
</item>
</section>
</item>
</section>

<section name = "Utilization Estimates" level="0">
<item name = "Summary"><table name="" hasTotal="1">
<keys size="5">Name, BRAM_18K, DSP48E, FF, LUT</keys>
<column name="DSP">-, -, -, -</column>
<column name="Expression">-, -, 0, 52</column>
<column name="FIFO">-, -, -, -</column>
<column name="Instance">3, 1, 205, 266</column>
<column name="Memory">2, -, 0, 0</column>
<column name="Multiplexer">-, -, -, 35</column>
<column name="Register">-, -, 67, -</column>
<specialColumn name="Available">280, 220, 106400, 53200</specialColumn>
<specialColumn name="Utilization (%)">1, ~0, ~0, ~0</specialColumn>
</table>
</item>
<item name = "Detail">
<section name = "" level="1">
<item name = "Instance"><table name="" hasTotal="1">
<keys size="6">Instance, Module, BRAM_18K, DSP48E, FF, LUT</keys>
<column name="grp_dct_2d_fu_147">dct_2d, 3, 1, 205, 266</column>
</table>
</item>
<item name = "DSP48"><table name="" hasTotal="0">
<keys size="3">Instance, Module, Expression</keys>
</table>
</item>
<item name = "Memory"><table name="" hasTotal="1">
<keys size="9">Memory, Module, BRAM_18K, FF, LUT, Words, Bits, Banks, W*Bits*Banks</keys>
<column name="buf_2d_in_U">dct_2d_row_outbuf, 1, 0, 0, 64, 16, 1, 1024</column>
<column name="buf_2d_out_U">dct_2d_row_outbuf, 1, 0, 0, 64, 16, 1, 1024</column>
</table>
</item>
<item name = "FIFO"><table name="" hasTotal="1">
<keys size="7">Name, BRAM_18K, FF, LUT, Depth, Bits, Size:D*B</keys>
</table>
</item>
<item name = "Expression"><table name="" hasTotal="1">
<keys size="7">Variable Name, Operation, DSP48E, FF, LUT, Bitwidth P0, Bitwidth P1</keys>
<column name="c_1_fu_291_p2">+, 0, 0, 4, 4, 1</column>
<column name="c_fu_215_p2">+, 0, 0, 4, 4, 1</column>
<column name="r_1_fu_249_p2">+, 0, 0, 4, 4, 1</column>
<column name="r_fu_173_p2">+, 0, 0, 4, 4, 1</column>
<column name="sum3_i_fu_297_p2">+, 0, 0, 6, 6, 6</column>
<column name="sum_i_fu_221_p2">+, 0, 0, 6, 6, 6</column>
<column name="tmp_21_fu_199_p2">+, 0, 0, 8, 8, 8</column>
<column name="tmp_22_fu_275_p2">+, 0, 0, 8, 8, 8</column>
<column name="exitcond1_i3_fu_243_p2">icmp, 0, 0, 2, 4, 5</column>
<column name="exitcond1_i_fu_167_p2">icmp, 0, 0, 2, 4, 5</column>
<column name="exitcond_i6_fu_285_p2">icmp, 0, 0, 2, 4, 5</column>
<column name="exitcond_i_fu_209_p2">icmp, 0, 0, 2, 4, 5</column>
</table>
</item>
<item name = "Multiplexer"><table name="" hasTotal="1">
<keys size="5">Name, LUT, Input Size, Bits, Total Bits</keys>
<column name="ap_NS_fsm">4, 9, 1, 9</column>
<column name="buf_2d_in_address0">6, 3, 6, 18</column>
<column name="buf_2d_in_ce0">1, 3, 1, 3</column>
<column name="buf_2d_out_address0">6, 3, 6, 18</column>
<column name="buf_2d_out_ce0">1, 3, 1, 3</column>
<column name="buf_2d_out_we0">1, 2, 1, 2</column>
<column name="c_i5_reg_136">4, 2, 4, 8</column>
<column name="c_i_reg_114">4, 2, 4, 8</column>
<column name="r_i2_reg_125">4, 2, 4, 8</column>
<column name="r_i_reg_103">4, 2, 4, 8</column>
</table>
</item>
<item name = "Register"><table name="" hasTotal="1">
<keys size="5">Name, FF, LUT, Bits, Const Bits</keys>
<column name="ap_CS_fsm">8, 0, 8, 0</column>
<column name="ap_reg_grp_dct_2d_fu_147_ap_start">1, 0, 1, 0</column>
<column name="buf_2d_in_addr_reg_324">6, 0, 6, 0</column>
<column name="c_1_reg_368">4, 0, 4, 0</column>
<column name="c_i5_reg_136">4, 0, 4, 0</column>
<column name="c_i_reg_114">4, 0, 4, 0</column>
<column name="c_reg_332">4, 0, 4, 0</column>
<column name="r_1_reg_350">4, 0, 4, 0</column>
<column name="r_i2_reg_125">4, 0, 4, 0</column>
<column name="r_i_reg_103">4, 0, 4, 0</column>
<column name="r_reg_314">4, 0, 4, 0</column>
<column name="sum3_i_reg_373">6, 0, 6, 0</column>
<column name="tmp_28_cast_reg_306">4, 0, 8, 4</column>
<column name="tmp_31_cast_reg_342">4, 0, 8, 4</column>
<column name="tmp_i4_reg_355">3, 0, 6, 3</column>
<column name="tmp_i_reg_319">3, 0, 6, 3</column>
</table>
</item>
</section>
</item>
</section>

<section name = "Interface" level="0">
<item name = "Summary"><table name="" hasTotal="0">
<keys size="6">RTL Ports, Dir, Bits, Protocol, Source Object, C Type</keys>
<column name="ap_clk">in, 1, ap_ctrl_hs, dct, return value</column>
<column name="ap_rst">in, 1, ap_ctrl_hs, dct, return value</column>
<column name="ap_start">in, 1, ap_ctrl_hs, dct, return value</column>
<column name="ap_done">out, 1, ap_ctrl_hs, dct, return value</column>
<column name="ap_idle">out, 1, ap_ctrl_hs, dct, return value</column>
<column name="ap_ready">out, 1, ap_ctrl_hs, dct, return value</column>
<column name="input_r_address0">out, 6, ap_memory, input_r, array</column>
<column name="input_r_ce0">out, 1, ap_memory, input_r, array</column>
<column name="input_r_q0">in, 16, ap_memory, input_r, array</column>
<column name="output_r_address0">out, 6, ap_memory, output_r, array</column>
<column name="output_r_ce0">out, 1, ap_memory, output_r, array</column>
<column name="output_r_we0">out, 1, ap_memory, output_r, array</column>
<column name="output_r_d0">out, 16, ap_memory, output_r, array</column>
</table>
</item>
</section>
</profile>
