<stg><name>dct_1d2</name>


<trans_list>

<trans id="58" from="1" to="2">
<condition id="14">
<or_exp><and_exp></and_exp></or_exp>
</condition>
</trans>

<trans id="59" from="2" to="3">
<condition id="16">
<or_exp><and_exp><literal name="tmp" val="0"/>
</and_exp></or_exp>
</condition>
</trans>

<trans id="60" from="3" to="4">
<condition id="17">
<or_exp><and_exp><literal name="tmp_s" val="0"/>
</and_exp></or_exp>
</condition>
</trans>

<trans id="64" from="3" to="2">
<condition id="23">
<or_exp><and_exp><literal name="tmp_s" val="1"/>
</and_exp></or_exp>
</condition>
</trans>

<trans id="62" from="4" to="5">
<condition id="19">
<or_exp><and_exp></and_exp></or_exp>
</condition>
</trans>

<trans id="63" from="5" to="3">
<condition id="21">
<or_exp><and_exp></and_exp></or_exp>
</condition>
</trans>
</trans_list>



<state_list>

<state id="1" st_id="1">

<operation id="6" st_id="1" stage="1" lat="1">
<core>NULL</core>
<MemPortIdVec></MemPortIdVec>
<condition id="0">
<or_exp><and_exp></and_exp></or_exp>
</condition>

<Node id="6" bw="4" op_0_bw="4" op_1_bw="4">
<![CDATA[
:0  %i_21_read = call i4 @_ssdm_op_Read.ap_auto.i4(i4 %i_21)

]]></Node>
<StgValue><ssdm name="i_21_read"/></StgValue>
</operation>

<operation id="7" st_id="1" stage="1" lat="1">
<core>NULL</core>
<MemPortIdVec></MemPortIdVec>
<condition id="0">
<or_exp><and_exp></and_exp></or_exp>
</condition>

<Node id="7" bw="4" op_0_bw="4" op_1_bw="4">
<![CDATA[
:1  %i_2_read = call i4 @_ssdm_op_Read.ap_auto.i4(i4 %i_2)

]]></Node>
<StgValue><ssdm name="i_2_read"/></StgValue>
</operation>

<operation id="8" st_id="1" stage="1" lat="1">
<core>NULL</core>
<MemPortIdVec></MemPortIdVec>
<condition id="0">
<or_exp><and_exp></and_exp></or_exp>
</condition>

<Node id="8" bw="7" op_0_bw="7" op_1_bw="4" op_2_bw="3">
<![CDATA[
:2  %tmp_15 = call i7 @_ssdm_op_BitConcatenate.i7.i4.i3(i4 %i_21_read, i3 0)

]]></Node>
<StgValue><ssdm name="tmp_15"/></StgValue>
</operation>

<operation id="9" st_id="1" stage="1" lat="1">
<core>NULL</core>
<MemPortIdVec></MemPortIdVec>
<condition id="0">
<or_exp><and_exp></and_exp></or_exp>
</condition>

<Node id="9" bw="8" op_0_bw="7">
<![CDATA[
:3  %tmp_20_cast = zext i7 %tmp_15 to i8

]]></Node>
<StgValue><ssdm name="tmp_20_cast"/></StgValue>
</operation>

<operation id="10" st_id="1" stage="1" lat="1">
<core>NULL</core>
<MemPortIdVec></MemPortIdVec>
<condition id="0">
<or_exp><and_exp></and_exp></or_exp>
</condition>

<Node id="10" bw="7" op_0_bw="7" op_1_bw="4" op_2_bw="3">
<![CDATA[
:4  %tmp_16 = call i7 @_ssdm_op_BitConcatenate.i7.i4.i3(i4 %i_2_read, i3 0)

]]></Node>
<StgValue><ssdm name="tmp_16"/></StgValue>
</operation>

<operation id="11" st_id="1" stage="1" lat="1">
<core>NULL</core>
<MemPortIdVec></MemPortIdVec>
<condition id="0">
<or_exp><and_exp></and_exp></or_exp>
</condition>

<Node id="11" bw="8" op_0_bw="7">
<![CDATA[
:5  %tmp_22_cast = zext i7 %tmp_16 to i8

]]></Node>
<StgValue><ssdm name="tmp_22_cast"/></StgValue>
</operation>

<operation id="12" st_id="1" stage="1" lat="1">
<core>NULL</core>
<MemPortIdVec></MemPortIdVec>
<condition id="0">
<or_exp><and_exp></and_exp></or_exp>
</condition>

<Node id="12" bw="0" op_0_bw="0">
<![CDATA[
:6  br label %1

]]></Node>
<StgValue><ssdm name=""/></StgValue>
</operation>
</state>

<state id="2" st_id="2">

<operation id="13" st_id="2" stage="1" lat="1">
<core>NULL</core>
<MemPortIdVec></MemPortIdVec>
<condition id="1">
<or_exp><and_exp></and_exp></or_exp>
</condition>

<Node id="14" bw="4" op_0_bw="4" op_1_bw="0">
<![CDATA[
:0  %k = phi i4 [ 0, %0 ], [ %k_1, %5 ]

]]></Node>
<StgValue><ssdm name="k"/></StgValue>
</operation>

<operation id="14" st_id="2" stage="1" lat="1">
<core>NULL</core>
<MemPortIdVec></MemPortIdVec>
<condition id="1">
<or_exp><and_exp></and_exp></or_exp>
</condition>

<Node id="15" bw="8" op_0_bw="4">
<![CDATA[
:1  %k_cast2_cast = zext i4 %k to i8

]]></Node>
<StgValue><ssdm name="k_cast2_cast"/></StgValue>
</operation>

<operation id="15" st_id="2" stage="1" lat="1">
<core>AddSub</core>
<MemPortIdVec></MemPortIdVec>
<condition id="1">
<or_exp><and_exp></and_exp></or_exp>
</condition>

<Node id="16" bw="8" op_0_bw="8" op_1_bw="8">
<![CDATA[
:2  %tmp_17 = add i8 %k_cast2_cast, %tmp_20_cast

]]></Node>
<StgValue><ssdm name="tmp_17"/></StgValue>
</operation>

<operation id="16" st_id="2" stage="1" lat="1">
<core>NULL</core>
<MemPortIdVec></MemPortIdVec>
<condition id="1">
<or_exp><and_exp></and_exp></or_exp>
</condition>

<Node id="17" bw="32" op_0_bw="8">
<![CDATA[
:3  %tmp_23_cast = zext i8 %tmp_17 to i32

]]></Node>
<StgValue><ssdm name="tmp_23_cast"/></StgValue>
</operation>

<operation id="17" st_id="2" stage="1" lat="1">
<core>NULL</core>
<MemPortIdVec></MemPortIdVec>
<condition id="1">
<or_exp><and_exp></and_exp></or_exp>
</condition>

<Node id="18" bw="6" op_0_bw="16" op_1_bw="32" op_2_bw="32">
<![CDATA[
:4  %dst_addr = getelementptr [64 x i16]* %dst, i32 0, i32 %tmp_23_cast

]]></Node>
<StgValue><ssdm name="dst_addr"/></StgValue>
</operation>

<operation id="18" st_id="2" stage="1" lat="1">
<core>NULL</core>
<MemPortIdVec></MemPortIdVec>
<condition id="1">
<or_exp><and_exp></and_exp></or_exp>
</condition>

<Node id="19" bw="7" op_0_bw="7" op_1_bw="4" op_2_bw="3">
<![CDATA[
:5  %tmp_18 = call i7 @_ssdm_op_BitConcatenate.i7.i4.i3(i4 %k, i3 0)

]]></Node>
<StgValue><ssdm name="tmp_18"/></StgValue>
</operation>

<operation id="19" st_id="2" stage="1" lat="1">
<core>NULL</core>
<MemPortIdVec></MemPortIdVec>
<condition id="1">
<or_exp><and_exp></and_exp></or_exp>
</condition>

<Node id="20" bw="8" op_0_bw="7">
<![CDATA[
:6  %tmp_25_cast = zext i7 %tmp_18 to i8

]]></Node>
<StgValue><ssdm name="tmp_25_cast"/></StgValue>
</operation>

<operation id="20" st_id="2" stage="1" lat="1">
<core>Cmp</core>
<MemPortIdVec></MemPortIdVec>
<condition id="1">
<or_exp><and_exp></and_exp></or_exp>
</condition>

<Node id="21" bw="1" op_0_bw="4" op_1_bw="4">
<![CDATA[
:7  %tmp = icmp eq i4 %k, -8

]]></Node>
<StgValue><ssdm name="tmp"/></StgValue>
</operation>

<operation id="21" st_id="2" stage="1" lat="1">
<core>NULL</core>
<MemPortIdVec></MemPortIdVec>
<condition id="1">
<or_exp><and_exp></and_exp></or_exp>
</condition>

<Node id="22" bw="32" op_0_bw="32" op_1_bw="64" op_2_bw="64" op_3_bw="64">
<![CDATA[
:8  %empty = call i32 (...)* @_ssdm_op_SpecLoopTripCount(i64 8, i64 8, i64 8)

]]></Node>
<StgValue><ssdm name="empty"/></StgValue>
</operation>

<operation id="22" st_id="2" stage="1" lat="1">
<core>AddSub</core>
<MemPortIdVec></MemPortIdVec>
<condition id="1">
<or_exp><and_exp></and_exp></or_exp>
</condition>

<Node id="23" bw="4" op_0_bw="4" op_1_bw="4">
<![CDATA[
:9  %k_1 = add i4 %k, 1

]]></Node>
<StgValue><ssdm name="k_1"/></StgValue>
</operation>

<operation id="23" st_id="2" stage="1" lat="1">
<core>NULL</core>
<MemPortIdVec></MemPortIdVec>
<condition id="1">
<or_exp><and_exp></and_exp></or_exp>
</condition>

<Node id="24" bw="0" op_0_bw="1" op_1_bw="0" op_2_bw="0">
<![CDATA[
:10  br i1 %tmp, label %6, label %2

]]></Node>
<StgValue><ssdm name=""/></StgValue>
</operation>

<operation id="24" st_id="2" stage="1" lat="1">
<core>NULL</core>
<MemPortIdVec></MemPortIdVec>
<condition id="3">
<or_exp><and_exp><literal name="tmp" val="0"/>
</and_exp></or_exp>
</condition>

<Node id="26" bw="0" op_0_bw="0" op_1_bw="0">
<![CDATA[
:0  call void (...)* @_ssdm_op_SpecLoopName([15 x i8]* @p_str) nounwind

]]></Node>
<StgValue><ssdm name=""/></StgValue>
</operation>

<operation id="25" st_id="2" stage="1" lat="1">
<core>NULL</core>
<MemPortIdVec></MemPortIdVec>
<condition id="3">
<or_exp><and_exp><literal name="tmp" val="0"/>
</and_exp></or_exp>
</condition>

<Node id="27" bw="32" op_0_bw="32" op_1_bw="0">
<![CDATA[
:1  %tmp_8 = call i32 (...)* @_ssdm_op_SpecRegionBegin([15 x i8]* @p_str) nounwind

]]></Node>
<StgValue><ssdm name="tmp_8"/></StgValue>
</operation>

<operation id="26" st_id="2" stage="1" lat="1">
<core>NULL</core>
<MemPortIdVec></MemPortIdVec>
<condition id="3">
<or_exp><and_exp><literal name="tmp" val="0"/>
</and_exp></or_exp>
</condition>

<Node id="28" bw="0" op_0_bw="0">
<![CDATA[
:2  br label %3

]]></Node>
<StgValue><ssdm name=""/></StgValue>
</operation>

<operation id="27" st_id="2" stage="1" lat="1">
<core>NULL</core>
<MemPortIdVec></MemPortIdVec>
<condition id="5">
<or_exp><and_exp><literal name="tmp" val="1"/>
</and_exp></or_exp>
</condition>

<Node id="61" bw="0">
<![CDATA[
:0  ret void

]]></Node>
<StgValue><ssdm name=""/></StgValue>
</operation>
</state>

<state id="3" st_id="3">

<operation id="28" st_id="3" stage="1" lat="1">
<core>NULL</core>
<MemPortIdVec></MemPortIdVec>
<condition id="6">
<or_exp><and_exp></and_exp></or_exp>
</condition>

<Node id="30" bw="4" op_0_bw="4" op_1_bw="0">
<![CDATA[
:0  %n = phi i4 [ 0, %2 ], [ %n_1, %4 ]

]]></Node>
<StgValue><ssdm name="n"/></StgValue>
</operation>

<operation id="29" st_id="3" stage="1" lat="1">
<core>NULL</core>
<MemPortIdVec></MemPortIdVec>
<condition id="6">
<or_exp><and_exp></and_exp></or_exp>
</condition>

<Node id="31" bw="32" op_0_bw="32" op_1_bw="0">
<![CDATA[
:1  %tmp1 = phi i32 [ 0, %2 ], [ %tmp_1, %4 ]

]]></Node>
<StgValue><ssdm name="tmp1"/></StgValue>
</operation>

<operation id="30" st_id="3" stage="1" lat="1">
<core>NULL</core>
<MemPortIdVec></MemPortIdVec>
<condition id="6">
<or_exp><and_exp></and_exp></or_exp>
</condition>

<Node id="32" bw="8" op_0_bw="4">
<![CDATA[
:2  %n_cast1_cast = zext i4 %n to i8

]]></Node>
<StgValue><ssdm name="n_cast1_cast"/></StgValue>
</operation>

<operation id="31" st_id="3" stage="1" lat="1">
<core>AddSub</core>
<MemPortIdVec></MemPortIdVec>
<condition id="6">
<or_exp><and_exp></and_exp></or_exp>
</condition>

<Node id="33" bw="8" op_0_bw="8" op_1_bw="8">
<![CDATA[
:3  %tmp_19 = add i8 %tmp_22_cast, %n_cast1_cast

]]></Node>
<StgValue><ssdm name="tmp_19"/></StgValue>
</operation>

<operation id="32" st_id="3" stage="1" lat="1">
<core>NULL</core>
<MemPortIdVec></MemPortIdVec>
<condition id="6">
<or_exp><and_exp></and_exp></or_exp>
</condition>

<Node id="34" bw="32" op_0_bw="8">
<![CDATA[
:4  %tmp_26_cast = zext i8 %tmp_19 to i32

]]></Node>
<StgValue><ssdm name="tmp_26_cast"/></StgValue>
</operation>

<operation id="33" st_id="3" stage="1" lat="1">
<core>NULL</core>
<MemPortIdVec></MemPortIdVec>
<condition id="6">
<or_exp><and_exp></and_exp></or_exp>
</condition>

<Node id="35" bw="6" op_0_bw="16" op_1_bw="32" op_2_bw="32">
<![CDATA[
:5  %src_addr = getelementptr [64 x i16]* %src, i32 0, i32 %tmp_26_cast

]]></Node>
<StgValue><ssdm name="src_addr"/></StgValue>
</operation>

<operation id="34" st_id="3" stage="1" lat="1">
<core>AddSub</core>
<MemPortIdVec></MemPortIdVec>
<condition id="6">
<or_exp><and_exp></and_exp></or_exp>
</condition>

<Node id="36" bw="8" op_0_bw="8" op_1_bw="8">
<![CDATA[
:6  %tmp_20 = add i8 %tmp_25_cast, %n_cast1_cast

]]></Node>
<StgValue><ssdm name="tmp_20"/></StgValue>
</operation>

<operation id="35" st_id="3" stage="1" lat="1">
<core>NULL</core>
<MemPortIdVec></MemPortIdVec>
<condition id="6">
<or_exp><and_exp></and_exp></or_exp>
</condition>

<Node id="37" bw="32" op_0_bw="8">
<![CDATA[
:7  %tmp_27_cast = zext i8 %tmp_20 to i32

]]></Node>
<StgValue><ssdm name="tmp_27_cast"/></StgValue>
</operation>

<operation id="36" st_id="3" stage="1" lat="1">
<core>NULL</core>
<MemPortIdVec></MemPortIdVec>
<condition id="6">
<or_exp><and_exp></and_exp></or_exp>
</condition>

<Node id="38" bw="6" op_0_bw="15" op_1_bw="32" op_2_bw="32">
<![CDATA[
:8  %dct_coeff_table_addr = getelementptr [64 x i15]* @dct_coeff_table, i32 0, i32 %tmp_27_cast

]]></Node>
<StgValue><ssdm name="dct_coeff_table_addr"/></StgValue>
</operation>

<operation id="37" st_id="3" stage="1" lat="1">
<core>Cmp</core>
<MemPortIdVec></MemPortIdVec>
<condition id="6">
<or_exp><and_exp></and_exp></or_exp>
</condition>

<Node id="39" bw="1" op_0_bw="4" op_1_bw="4">
<![CDATA[
:9  %tmp_s = icmp eq i4 %n, -8

]]></Node>
<StgValue><ssdm name="tmp_s"/></StgValue>
</operation>

<operation id="38" st_id="3" stage="1" lat="1">
<core>NULL</core>
<MemPortIdVec></MemPortIdVec>
<condition id="6">
<or_exp><and_exp></and_exp></or_exp>
</condition>

<Node id="40" bw="32" op_0_bw="32" op_1_bw="64" op_2_bw="64" op_3_bw="64">
<![CDATA[
:10  %empty_12 = call i32 (...)* @_ssdm_op_SpecLoopTripCount(i64 8, i64 8, i64 8)

]]></Node>
<StgValue><ssdm name="empty_12"/></StgValue>
</operation>

<operation id="39" st_id="3" stage="1" lat="1">
<core>AddSub</core>
<MemPortIdVec></MemPortIdVec>
<condition id="6">
<or_exp><and_exp></and_exp></or_exp>
</condition>

<Node id="41" bw="4" op_0_bw="4" op_1_bw="4">
<![CDATA[
:11  %n_1 = add i4 %n, 1

]]></Node>
<StgValue><ssdm name="n_1"/></StgValue>
</operation>

<operation id="40" st_id="3" stage="1" lat="1">
<core>NULL</core>
<MemPortIdVec></MemPortIdVec>
<condition id="6">
<or_exp><and_exp></and_exp></or_exp>
</condition>

<Node id="42" bw="0" op_0_bw="1" op_1_bw="0" op_2_bw="0">
<![CDATA[
:12  br i1 %tmp_s, label %5, label %4

]]></Node>
<StgValue><ssdm name=""/></StgValue>
</operation>

<operation id="41" st_id="3" stage="2" lat="2">
<core>ROM_nP</core>
<MemPortIdVec>0 </MemPortIdVec>
<condition id="8">
<or_exp><and_exp><literal name="tmp_s" val="0"/>
</and_exp></or_exp>
</condition>

<Node id="45" bw="15" op_0_bw="6">
<![CDATA[
:1  %dct_coeff_table_load = load i15* %dct_coeff_table_addr, align 2

]]></Node>
<StgValue><ssdm name="dct_coeff_table_load"/></StgValue>
</operation>

<operation id="42" st_id="3" stage="2" lat="2">
<core>RAM</core>
<MemPortIdVec>0 </MemPortIdVec>
<condition id="8">
<or_exp><and_exp><literal name="tmp_s" val="0"/>
</and_exp></or_exp>
</condition>

<Node id="47" bw="16" op_0_bw="6">
<![CDATA[
:3  %src_load = load i16* %src_addr, align 2

]]></Node>
<StgValue><ssdm name="src_load"/></StgValue>
</operation>

<operation id="43" st_id="3" stage="1" lat="1">
<core>NULL</core>
<MemPortIdVec></MemPortIdVec>
<condition id="10">
<or_exp><and_exp><literal name="tmp_s" val="1"/>
</and_exp></or_exp>
</condition>

<Node id="54" bw="29" op_0_bw="32">
<![CDATA[
:0  %tmp_2 = trunc i32 %tmp1 to i29

]]></Node>
<StgValue><ssdm name="tmp_2"/></StgValue>
</operation>

<operation id="44" st_id="3" stage="1" lat="1">
<core>AddSub</core>
<MemPortIdVec></MemPortIdVec>
<condition id="10">
<or_exp><and_exp><literal name="tmp_s" val="1"/>
</and_exp></or_exp>
</condition>

<Node id="55" bw="29" op_0_bw="29" op_1_bw="29">
<![CDATA[
:1  %tmp_3 = add i29 4096, %tmp_2

]]></Node>
<StgValue><ssdm name="tmp_3"/></StgValue>
</operation>

<operation id="45" st_id="3" stage="1" lat="1">
<core>NULL</core>
<MemPortIdVec></MemPortIdVec>
<condition id="10">
<or_exp><and_exp><literal name="tmp_s" val="1"/>
</and_exp></or_exp>
</condition>

<Node id="56" bw="16" op_0_bw="16" op_1_bw="29" op_2_bw="32" op_3_bw="32">
<![CDATA[
:2  %tmp_5 = call i16 @_ssdm_op_PartSelect.i16.i29.i32.i32(i29 %tmp_3, i32 13, i32 28)

]]></Node>
<StgValue><ssdm name="tmp_5"/></StgValue>
</operation>

<operation id="46" st_id="3" stage="1" lat="1">
<core>RAM</core>
<MemPortIdVec>0 </MemPortIdVec>
<condition id="10">
<or_exp><and_exp><literal name="tmp_s" val="1"/>
</and_exp></or_exp>
</condition>

<Node id="57" bw="0" op_0_bw="16" op_1_bw="6">
<![CDATA[
:3  store i16 %tmp_5, i16* %dst_addr, align 2

]]></Node>
<StgValue><ssdm name=""/></StgValue>
</operation>

<operation id="47" st_id="3" stage="1" lat="1">
<core>NULL</core>
<MemPortIdVec></MemPortIdVec>
<condition id="10">
<or_exp><and_exp><literal name="tmp_s" val="1"/>
</and_exp></or_exp>
</condition>

<Node id="58" bw="32" op_0_bw="32" op_1_bw="0" op_2_bw="32">
<![CDATA[
:4  %empty_13 = call i32 (...)* @_ssdm_op_SpecRegionEnd([15 x i8]* @p_str, i32 %tmp_8) nounwind

]]></Node>
<StgValue><ssdm name="empty_13"/></StgValue>
</operation>

<operation id="48" st_id="3" stage="1" lat="1">
<core>NULL</core>
<MemPortIdVec></MemPortIdVec>
<condition id="10">
<or_exp><and_exp><literal name="tmp_s" val="1"/>
</and_exp></or_exp>
</condition>

<Node id="59" bw="0" op_0_bw="0">
<![CDATA[
:5  br label %1

]]></Node>
<StgValue><ssdm name=""/></StgValue>
</operation>
</state>

<state id="4" st_id="4">

<operation id="49" st_id="4" stage="1" lat="2">
<core>ROM_nP</core>
<MemPortIdVec>0 </MemPortIdVec>
<condition id="11">
<or_exp><and_exp></and_exp></or_exp>
</condition>

<Node id="45" bw="15" op_0_bw="6">
<![CDATA[
:1  %dct_coeff_table_load = load i15* %dct_coeff_table_addr, align 2

]]></Node>
<StgValue><ssdm name="dct_coeff_table_load"/></StgValue>
</operation>

<operation id="50" st_id="4" stage="1" lat="2">
<core>RAM</core>
<MemPortIdVec>0 </MemPortIdVec>
<condition id="11">
<or_exp><and_exp></and_exp></or_exp>
</condition>

<Node id="47" bw="16" op_0_bw="6">
<![CDATA[
:3  %src_load = load i16* %src_addr, align 2

]]></Node>
<StgValue><ssdm name="src_load"/></StgValue>
</operation>
</state>

<state id="5" st_id="5">

<operation id="51" st_id="5" stage="1" lat="1">
<core>NULL</core>
<MemPortIdVec></MemPortIdVec>
<condition id="12">
<or_exp><and_exp></and_exp></or_exp>
</condition>

<Node id="44" bw="0" op_0_bw="0" op_1_bw="0">
<![CDATA[
:0  call void (...)* @_ssdm_op_SpecLoopName([15 x i8]* @p_str1) nounwind

]]></Node>
<StgValue><ssdm name=""/></StgValue>
</operation>

<operation id="52" st_id="5" stage="1" lat="1">
<core>NULL</core>
<MemPortIdVec></MemPortIdVec>
<condition id="12">
<or_exp><and_exp></and_exp></or_exp>
</condition>

<Node id="46" bw="31" op_0_bw="15">
<![CDATA[
:2  %coeff_cast = sext i15 %dct_coeff_table_load to i31

]]></Node>
<StgValue><ssdm name="coeff_cast"/></StgValue>
</operation>

<operation id="53" st_id="5" stage="1" lat="1">
<core>NULL</core>
<MemPortIdVec></MemPortIdVec>
<condition id="12">
<or_exp><and_exp></and_exp></or_exp>
</condition>

<Node id="48" bw="31" op_0_bw="16">
<![CDATA[
:4  %tmp_6_cast = sext i16 %src_load to i31

]]></Node>
<StgValue><ssdm name="tmp_6_cast"/></StgValue>
</operation>

<operation id="54" st_id="5" stage="1" lat="1">
<core>DSP48</core>
<MemPortIdVec></MemPortIdVec>
<condition id="12">
<or_exp><and_exp></and_exp></or_exp>
</condition>

<Node id="49" bw="31" op_0_bw="31" op_1_bw="31">
<![CDATA[
:5  %tmp_7 = mul i31 %coeff_cast, %tmp_6_cast

]]></Node>
<StgValue><ssdm name="tmp_7"/></StgValue>
</operation>

<operation id="55" st_id="5" stage="1" lat="1">
<core>NULL</core>
<MemPortIdVec></MemPortIdVec>
<condition id="12">
<or_exp><and_exp></and_exp></or_exp>
</condition>

<Node id="50" bw="32" op_0_bw="31">
<![CDATA[
:6  %tmp_7_cast = sext i31 %tmp_7 to i32

]]></Node>
<StgValue><ssdm name="tmp_7_cast"/></StgValue>
</operation>

<operation id="56" st_id="5" stage="1" lat="1">
<core>DSP48</core>
<MemPortIdVec></MemPortIdVec>
<condition id="12">
<or_exp><and_exp></and_exp></or_exp>
</condition>

<Node id="51" bw="32" op_0_bw="32" op_1_bw="32">
<![CDATA[
:7  %tmp_1 = add nsw i32 %tmp1, %tmp_7_cast

]]></Node>
<StgValue><ssdm name="tmp_1"/></StgValue>
</operation>

<operation id="57" st_id="5" stage="1" lat="1">
<core>NULL</core>
<MemPortIdVec></MemPortIdVec>
<condition id="12">
<or_exp><and_exp></and_exp></or_exp>
</condition>

<Node id="52" bw="0" op_0_bw="0">
<![CDATA[
:8  br label %3

]]></Node>
<StgValue><ssdm name=""/></StgValue>
</operation>
</state>
</state_list>


<ports>
<port id="65" name="src" dir="0" iftype="1">
<core>RAM</core><StgValue><ssdm name="src"/><MemPortTyVec>1 3 </MemPortTyVec>
</StgValue>
</port>
<port id="66" name="i_2" dir="0" iftype="0">
<core>NULL</core><StgValue><ssdm name="i_2"/></StgValue>
</port>
<port id="67" name="dst" dir="1" iftype="1">
<core>RAM</core><StgValue><ssdm name="dst"/><MemPortTyVec>0 3 </MemPortTyVec>
</StgValue>
</port>
<port id="68" name="i_21" dir="0" iftype="0">
<core>NULL</core><StgValue><ssdm name="i_21"/></StgValue>
</port>
<port id="69" name="dct_coeff_table" dir="0" iftype="1">
<core>ROM_nP</core><StgValue><ssdm name="dct_coeff_table"/><MemPortTyVec>1 </MemPortTyVec>
</StgValue>
</port>
</ports>


<dataflows>
<dataflow id="71" from="_ssdm_op_Read.ap_auto.i4" to="i_21_read" fromId="70" toId="6">
</dataflow>
<dataflow id="72" from="i_21" to="i_21_read" fromId="68" toId="6">
</dataflow>
<dataflow id="73" from="_ssdm_op_Read.ap_auto.i4" to="i_2_read" fromId="70" toId="7">
</dataflow>
<dataflow id="74" from="i_2" to="i_2_read" fromId="66" toId="7">
</dataflow>
<dataflow id="76" from="_ssdm_op_BitConcatenate.i7.i4.i3" to="tmp_15" fromId="75" toId="8">
</dataflow>
<dataflow id="77" from="i_21_read" to="tmp_15" fromId="6" toId="8">
</dataflow>
<dataflow id="79" from="StgValue_78" to="tmp_15" fromId="78" toId="8">
</dataflow>
<dataflow id="80" from="tmp_15" to="tmp_20_cast" fromId="8" toId="9">
</dataflow>
<dataflow id="81" from="_ssdm_op_BitConcatenate.i7.i4.i3" to="tmp_16" fromId="75" toId="10">
</dataflow>
<dataflow id="82" from="i_2_read" to="tmp_16" fromId="7" toId="10">
</dataflow>
<dataflow id="83" from="StgValue_78" to="tmp_16" fromId="78" toId="10">
</dataflow>
<dataflow id="84" from="tmp_16" to="tmp_22_cast" fromId="10" toId="11">
</dataflow>
<dataflow id="86" from="StgValue_85" to="k" fromId="85" toId="13">
<condition id="29">
<or_exp><and_exp></and_exp></or_exp>
</condition>
</dataflow>
<dataflow id="87" from="StgValue_12" to="k" fromId="12" toId="13">
</dataflow>
<dataflow id="88" from="k_1" to="k" fromId="22" toId="13">
<BackEdge/>
<condition id="30">
<or_exp><and_exp><literal name="tmp_s" val="1"/>
</and_exp></or_exp>
</condition>
</dataflow>
<dataflow id="89" from="StgValue_48" to="k" fromId="48" toId="13">
<BackEdge/>
</dataflow>
<dataflow id="90" from="k" to="k_cast2_cast" fromId="13" toId="14">
</dataflow>
<dataflow id="91" from="k_cast2_cast" to="tmp_17" fromId="14" toId="15">
</dataflow>
<dataflow id="92" from="tmp_20_cast" to="tmp_17" fromId="9" toId="15">
</dataflow>
<dataflow id="93" from="tmp_17" to="tmp_23_cast" fromId="15" toId="16">
</dataflow>
<dataflow id="94" from="dst" to="dst_addr" fromId="67" toId="17">
</dataflow>
<dataflow id="96" from="StgValue_95" to="dst_addr" fromId="95" toId="17">
</dataflow>
<dataflow id="97" from="tmp_23_cast" to="dst_addr" fromId="16" toId="17">
</dataflow>
<dataflow id="98" from="_ssdm_op_BitConcatenate.i7.i4.i3" to="tmp_18" fromId="75" toId="18">
</dataflow>
<dataflow id="99" from="k" to="tmp_18" fromId="13" toId="18">
</dataflow>
<dataflow id="100" from="StgValue_78" to="tmp_18" fromId="78" toId="18">
</dataflow>
<dataflow id="101" from="tmp_18" to="tmp_25_cast" fromId="18" toId="19">
</dataflow>
<dataflow id="102" from="k" to="tmp" fromId="13" toId="20">
</dataflow>
<dataflow id="104" from="StgValue_103" to="tmp" fromId="103" toId="20">
</dataflow>
<dataflow id="106" from="_ssdm_op_SpecLoopTripCount" to="empty" fromId="105" toId="21">
</dataflow>
<dataflow id="108" from="StgValue_107" to="empty" fromId="107" toId="21">
</dataflow>
<dataflow id="109" from="StgValue_107" to="empty" fromId="107" toId="21">
</dataflow>
<dataflow id="110" from="StgValue_107" to="empty" fromId="107" toId="21">
</dataflow>
<dataflow id="111" from="k" to="k_1" fromId="13" toId="22">
</dataflow>
<dataflow id="113" from="StgValue_112" to="k_1" fromId="112" toId="22">
</dataflow>
<dataflow id="114" from="tmp" to="StgValue_23" fromId="20" toId="23">
</dataflow>
<dataflow id="116" from="_ssdm_op_SpecLoopName" to="StgValue_24" fromId="115" toId="24">
</dataflow>
<dataflow id="118" from="p_str" to="StgValue_24" fromId="117" toId="24">
</dataflow>
<dataflow id="120" from="_ssdm_op_SpecRegionBegin" to="tmp_8" fromId="119" toId="25">
</dataflow>
<dataflow id="121" from="p_str" to="tmp_8" fromId="117" toId="25">
</dataflow>
<dataflow id="122" from="StgValue_85" to="n" fromId="85" toId="28">
<condition id="31">
<or_exp><and_exp><literal name="tmp" val="0"/>
</and_exp></or_exp>
</condition>
</dataflow>
<dataflow id="123" from="StgValue_26" to="n" fromId="26" toId="28">
</dataflow>
<dataflow id="124" from="n_1" to="n" fromId="39" toId="28">
<BackEdge/>
<condition id="32">
<or_exp><and_exp></and_exp></or_exp>
</condition>
</dataflow>
<dataflow id="125" from="StgValue_57" to="n" fromId="57" toId="28">
<BackEdge/>
</dataflow>
<dataflow id="126" from="StgValue_95" to="tmp1" fromId="95" toId="29">
<condition id="33">
<or_exp><and_exp><literal name="tmp" val="0"/>
</and_exp></or_exp>
</condition>
</dataflow>
<dataflow id="127" from="StgValue_26" to="tmp1" fromId="26" toId="29">
</dataflow>
<dataflow id="128" from="tmp_1" to="tmp1" fromId="56" toId="29">
<BackEdge/>
<condition id="34">
<or_exp><and_exp></and_exp></or_exp>
</condition>
</dataflow>
<dataflow id="129" from="StgValue_57" to="tmp1" fromId="57" toId="29">
<BackEdge/>
</dataflow>
<dataflow id="130" from="n" to="n_cast1_cast" fromId="28" toId="30">
</dataflow>
<dataflow id="131" from="tmp_22_cast" to="tmp_19" fromId="11" toId="31">
</dataflow>
<dataflow id="132" from="n_cast1_cast" to="tmp_19" fromId="30" toId="31">
</dataflow>
<dataflow id="133" from="tmp_19" to="tmp_26_cast" fromId="31" toId="32">
</dataflow>
<dataflow id="134" from="src" to="src_addr" fromId="65" toId="33">
</dataflow>
<dataflow id="135" from="StgValue_95" to="src_addr" fromId="95" toId="33">
</dataflow>
<dataflow id="136" from="tmp_26_cast" to="src_addr" fromId="32" toId="33">
</dataflow>
<dataflow id="137" from="tmp_25_cast" to="tmp_20" fromId="19" toId="34">
</dataflow>
<dataflow id="138" from="n_cast1_cast" to="tmp_20" fromId="30" toId="34">
</dataflow>
<dataflow id="139" from="tmp_20" to="tmp_27_cast" fromId="34" toId="35">
</dataflow>
<dataflow id="140" from="dct_coeff_table" to="dct_coeff_table_addr" fromId="69" toId="36">
</dataflow>
<dataflow id="141" from="StgValue_95" to="dct_coeff_table_addr" fromId="95" toId="36">
</dataflow>
<dataflow id="142" from="tmp_27_cast" to="dct_coeff_table_addr" fromId="35" toId="36">
</dataflow>
<dataflow id="143" from="n" to="tmp_s" fromId="28" toId="37">
</dataflow>
<dataflow id="144" from="StgValue_103" to="tmp_s" fromId="103" toId="37">
</dataflow>
<dataflow id="145" from="_ssdm_op_SpecLoopTripCount" to="empty_12" fromId="105" toId="38">
</dataflow>
<dataflow id="146" from="StgValue_107" to="empty_12" fromId="107" toId="38">
</dataflow>
<dataflow id="147" from="StgValue_107" to="empty_12" fromId="107" toId="38">
</dataflow>
<dataflow id="148" from="StgValue_107" to="empty_12" fromId="107" toId="38">
</dataflow>
<dataflow id="149" from="n" to="n_1" fromId="28" toId="39">
</dataflow>
<dataflow id="150" from="StgValue_112" to="n_1" fromId="112" toId="39">
</dataflow>
<dataflow id="151" from="tmp_s" to="StgValue_40" fromId="37" toId="40">
</dataflow>
<dataflow id="152" from="dct_coeff_table_addr" to="dct_coeff_table_load" fromId="36" toId="41">
</dataflow>
<dataflow id="153" from="src_addr" to="src_load" fromId="33" toId="42">
</dataflow>
<dataflow id="154" from="tmp1" to="tmp_2" fromId="29" toId="43">
</dataflow>
<dataflow id="156" from="StgValue_155" to="tmp_3" fromId="155" toId="44">
</dataflow>
<dataflow id="157" from="tmp_2" to="tmp_3" fromId="43" toId="44">
</dataflow>
<dataflow id="159" from="_ssdm_op_PartSelect.i16.i29.i32.i32" to="tmp_5" fromId="158" toId="45">
</dataflow>
<dataflow id="160" from="tmp_3" to="tmp_5" fromId="44" toId="45">
</dataflow>
<dataflow id="162" from="StgValue_161" to="tmp_5" fromId="161" toId="45">
</dataflow>
<dataflow id="164" from="StgValue_163" to="tmp_5" fromId="163" toId="45">
</dataflow>
<dataflow id="165" from="tmp_5" to="StgValue_46" fromId="45" toId="46">
</dataflow>
<dataflow id="166" from="dst_addr" to="StgValue_46" fromId="17" toId="46">
</dataflow>
<dataflow id="168" from="_ssdm_op_SpecRegionEnd" to="empty_13" fromId="167" toId="47">
</dataflow>
<dataflow id="169" from="p_str" to="empty_13" fromId="117" toId="47">
</dataflow>
<dataflow id="170" from="tmp_8" to="empty_13" fromId="25" toId="47">
</dataflow>
<dataflow id="171" from="dct_coeff_table_addr" to="dct_coeff_table_load" fromId="36" toId="49">
</dataflow>
<dataflow id="172" from="src_addr" to="src_load" fromId="33" toId="50">
</dataflow>
<dataflow id="173" from="_ssdm_op_SpecLoopName" to="StgValue_51" fromId="115" toId="51">
</dataflow>
<dataflow id="175" from="p_str1" to="StgValue_51" fromId="174" toId="51">
</dataflow>
<dataflow id="176" from="dct_coeff_table_load" to="coeff_cast" fromId="49" toId="52">
</dataflow>
<dataflow id="177" from="src_load" to="tmp_6_cast" fromId="50" toId="53">
</dataflow>
<dataflow id="178" from="coeff_cast" to="tmp_7" fromId="52" toId="54">
</dataflow>
<dataflow id="179" from="tmp_6_cast" to="tmp_7" fromId="53" toId="54">
</dataflow>
<dataflow id="180" from="tmp_7" to="tmp_7_cast" fromId="54" toId="55">
</dataflow>
<dataflow id="181" from="tmp1" to="tmp_1" fromId="29" toId="56">
</dataflow>
<dataflow id="182" from="tmp_7_cast" to="tmp_1" fromId="55" toId="56">
</dataflow>
<dataflow id="183" from="tmp" to="StgValue_2" fromId="20" toId="2">
</dataflow>
<dataflow id="184" from="tmp_s" to="StgValue_3" fromId="37" toId="3">
</dataflow>
</dataflows>


</stg>
