<stg><name>rgb2yuv11</name>


<trans_list>

<trans id="126" from="1" to="2">
<condition id="23">
<or_exp><and_exp></and_exp></or_exp>
</condition>
</trans>

<trans id="143" from="2" to="9">
<condition id="35">
<or_exp><and_exp><literal name="exitcond_flatten" val="1"/>
</and_exp></or_exp>
</condition>
</trans>

<trans id="144" from="2" to="3">
<condition id="42">
<or_exp><and_exp><literal name="exitcond_flatten" val="0"/>
</and_exp></or_exp>
</condition>
</trans>

<trans id="137" from="3" to="4">
<condition id="36">
<or_exp><and_exp></and_exp></or_exp>
</condition>
</trans>

<trans id="138" from="4" to="5">
<condition id="37">
<or_exp><and_exp></and_exp></or_exp>
</condition>
</trans>

<trans id="139" from="5" to="6">
<condition id="38">
<or_exp><and_exp></and_exp></or_exp>
</condition>
</trans>

<trans id="140" from="6" to="7">
<condition id="39">
<or_exp><and_exp></and_exp></or_exp>
</condition>
</trans>

<trans id="141" from="7" to="8">
<condition id="40">
<or_exp><and_exp></and_exp></or_exp>
</condition>
</trans>

<trans id="142" from="8" to="2">
<condition id="41">
<or_exp><and_exp></and_exp></or_exp>
</condition>
</trans>
</trans_list>



<state_list>

<state id="1" st_id="1">

<operation id="10" st_id="1" stage="1" lat="1">
<core>NULL</core>
<MemPortIdVec></MemPortIdVec>
<condition id="20">
<or_exp><and_exp></and_exp></or_exp>
</condition>

<Node id="17" bw="32" op_0_bw="32" op_1_bw="16" op_2_bw="0" op_3_bw="32" op_4_bw="32" op_5_bw="0" op_6_bw="32" op_7_bw="32" op_8_bw="0" op_9_bw="0" op_10_bw="0" op_11_bw="32" op_12_bw="32" op_13_bw="32" op_14_bw="32" op_15_bw="0" op_16_bw="0">
<![CDATA[
entry:0  %empty = call i32 (...)* @_ssdm_op_SpecInterface(i16* %out_height, [8 x i8]* @ap_fifo_str, i32 0, i32 0, [1 x i8]* @p_str, i32 0, i32 0, [1 x i8]* @p_str, [1 x i8]* @p_str, [1 x i8]* @p_str, i32 2, i32 2, i32 16, i32 16, [1 x i8]* @p_str, [1 x i8]* @p_str)

]]></Node>
<StgValue><ssdm name="empty"/></StgValue>
</operation>

<operation id="11" st_id="1" stage="1" lat="1">
<core>NULL</core>
<MemPortIdVec></MemPortIdVec>
<condition id="20">
<or_exp><and_exp></and_exp></or_exp>
</condition>

<Node id="18" bw="32" op_0_bw="32" op_1_bw="16" op_2_bw="0" op_3_bw="32" op_4_bw="32" op_5_bw="0" op_6_bw="32" op_7_bw="32" op_8_bw="0" op_9_bw="0" op_10_bw="0" op_11_bw="32" op_12_bw="32" op_13_bw="32" op_14_bw="32" op_15_bw="0" op_16_bw="0">
<![CDATA[
entry:1  %empty_72 = call i32 (...)* @_ssdm_op_SpecInterface(i16* %out_width, [8 x i8]* @ap_fifo_str, i32 0, i32 0, [1 x i8]* @p_str, i32 0, i32 0, [1 x i8]* @p_str, [1 x i8]* @p_str, [1 x i8]* @p_str, i32 2, i32 2, i32 16, i32 16, [1 x i8]* @p_str, [1 x i8]* @p_str)

]]></Node>
<StgValue><ssdm name="empty_72"/></StgValue>
</operation>

<operation id="12" st_id="1" stage="1" lat="1">
<core>NULL</core>
<MemPortIdVec></MemPortIdVec>
<condition id="20">
<or_exp><and_exp></and_exp></or_exp>
</condition>

<Node id="19" bw="32" op_0_bw="32" op_1_bw="8" op_2_bw="0" op_3_bw="32" op_4_bw="32" op_5_bw="0" op_6_bw="32" op_7_bw="32" op_8_bw="0" op_9_bw="0" op_10_bw="0" op_11_bw="32" op_12_bw="32" op_13_bw="32" op_14_bw="32" op_15_bw="0" op_16_bw="0">
<![CDATA[
entry:2  %empty_73 = call i32 (...)* @_ssdm_op_SpecInterface(i8* %out_channels_ch3, [8 x i8]* @ap_fifo_str, i32 0, i32 0, [1 x i8]* @p_str, i32 0, i32 0, [1 x i8]* @p_str, [1 x i8]* @p_str, [1 x i8]* @p_str, i32 2, i32 2, i32 16, i32 16, [1 x i8]* @p_str, [1 x i8]* @p_str)

]]></Node>
<StgValue><ssdm name="empty_73"/></StgValue>
</operation>

<operation id="13" st_id="1" stage="1" lat="1">
<core>NULL</core>
<MemPortIdVec></MemPortIdVec>
<condition id="20">
<or_exp><and_exp></and_exp></or_exp>
</condition>

<Node id="20" bw="32" op_0_bw="32" op_1_bw="8" op_2_bw="0" op_3_bw="32" op_4_bw="32" op_5_bw="0" op_6_bw="32" op_7_bw="32" op_8_bw="0" op_9_bw="0" op_10_bw="0" op_11_bw="32" op_12_bw="32" op_13_bw="32" op_14_bw="32" op_15_bw="0" op_16_bw="0">
<![CDATA[
entry:3  %empty_74 = call i32 (...)* @_ssdm_op_SpecInterface(i8* %out_channels_ch2, [8 x i8]* @ap_fifo_str, i32 0, i32 0, [1 x i8]* @p_str, i32 0, i32 0, [1 x i8]* @p_str, [1 x i8]* @p_str, [1 x i8]* @p_str, i32 2, i32 2, i32 16, i32 16, [1 x i8]* @p_str, [1 x i8]* @p_str)

]]></Node>
<StgValue><ssdm name="empty_74"/></StgValue>
</operation>

<operation id="14" st_id="1" stage="1" lat="1">
<core>NULL</core>
<MemPortIdVec></MemPortIdVec>
<condition id="20">
<or_exp><and_exp></and_exp></or_exp>
</condition>

<Node id="21" bw="32" op_0_bw="32" op_1_bw="8" op_2_bw="0" op_3_bw="32" op_4_bw="32" op_5_bw="0" op_6_bw="32" op_7_bw="32" op_8_bw="0" op_9_bw="0" op_10_bw="0" op_11_bw="32" op_12_bw="32" op_13_bw="32" op_14_bw="32" op_15_bw="0" op_16_bw="0">
<![CDATA[
entry:4  %empty_75 = call i32 (...)* @_ssdm_op_SpecInterface(i8* %out_channels_ch1, [8 x i8]* @ap_fifo_str, i32 0, i32 0, [1 x i8]* @p_str, i32 0, i32 0, [1 x i8]* @p_str, [1 x i8]* @p_str, [1 x i8]* @p_str, i32 2, i32 2, i32 16, i32 16, [1 x i8]* @p_str, [1 x i8]* @p_str)

]]></Node>
<StgValue><ssdm name="empty_75"/></StgValue>
</operation>

<operation id="15" st_id="1" stage="1" lat="1">
<core>NULL</core>
<MemPortIdVec></MemPortIdVec>
<condition id="20">
<or_exp><and_exp></and_exp></or_exp>
</condition>

<Node id="22" bw="32" op_0_bw="32" op_1_bw="8" op_2_bw="0" op_3_bw="32" op_4_bw="32" op_5_bw="0" op_6_bw="32" op_7_bw="32" op_8_bw="0" op_9_bw="0" op_10_bw="0" op_11_bw="32" op_12_bw="32" op_13_bw="32" op_14_bw="32" op_15_bw="0" op_16_bw="0">
<![CDATA[
entry:5  %empty_76 = call i32 (...)* @_ssdm_op_SpecInterface(i8* %Y_scale_out, [8 x i8]* @ap_fifo_str, i32 0, i32 0, [1 x i8]* @p_str, i32 0, i32 0, [1 x i8]* @p_str, [1 x i8]* @p_str, [1 x i8]* @p_str, i32 2, i32 2, i32 16, i32 16, [1 x i8]* @p_str, [1 x i8]* @p_str)

]]></Node>
<StgValue><ssdm name="empty_76"/></StgValue>
</operation>

<operation id="16" st_id="1" stage="1" lat="1">
<core>NULL</core>
<MemPortIdVec></MemPortIdVec>
<condition id="20">
<or_exp><and_exp></and_exp></or_exp>
</condition>

<Node id="23" bw="8" op_0_bw="8" op_1_bw="8">
<![CDATA[
entry:6  %V_scale_read = call i8 @_ssdm_op_Read.ap_auto.i8(i8 %V_scale)

]]></Node>
<StgValue><ssdm name="V_scale_read"/></StgValue>
</operation>

<operation id="17" st_id="1" stage="1" lat="1">
<core>NULL</core>
<MemPortIdVec></MemPortIdVec>
<condition id="20">
<or_exp><and_exp></and_exp></or_exp>
</condition>

<Node id="24" bw="8" op_0_bw="8" op_1_bw="8">
<![CDATA[
entry:7  %U_scale_read = call i8 @_ssdm_op_Read.ap_auto.i8(i8 %U_scale)

]]></Node>
<StgValue><ssdm name="U_scale_read"/></StgValue>
</operation>

<operation id="18" st_id="1" stage="1" lat="1">
<core>NULL</core>
<MemPortIdVec></MemPortIdVec>
<condition id="20">
<or_exp><and_exp></and_exp></or_exp>
</condition>

<Node id="25" bw="8" op_0_bw="8" op_1_bw="8">
<![CDATA[
entry:8  %Y_scale_read = call i8 @_ssdm_op_Read.ap_auto.i8(i8 %Y_scale)

]]></Node>
<StgValue><ssdm name="Y_scale_read"/></StgValue>
</operation>

<operation id="19" st_id="1" stage="1" lat="1">
<core>FIFO</core>
<MemPortIdVec></MemPortIdVec>
<condition id="20">
<or_exp><and_exp></and_exp></or_exp>
</condition>

<Node id="26" bw="0" op_0_bw="0" op_1_bw="8" op_2_bw="8">
<![CDATA[
entry:9  call void @_ssdm_op_Write.ap_fifo.i8P(i8* %Y_scale_out, i8 %Y_scale_read)

]]></Node>
<StgValue><ssdm name=""/></StgValue>
</operation>

<operation id="20" st_id="1" stage="1" lat="1">
<core>NULL</core>
<MemPortIdVec></MemPortIdVec>
<condition id="20">
<or_exp><and_exp></and_exp></or_exp>
</condition>

<Node id="27" bw="32" op_0_bw="32" op_1_bw="8" op_2_bw="0" op_3_bw="32" op_4_bw="32" op_5_bw="0" op_6_bw="32" op_7_bw="32" op_8_bw="0" op_9_bw="0" op_10_bw="0" op_11_bw="32" op_12_bw="32" op_13_bw="32" op_14_bw="32" op_15_bw="0" op_16_bw="0">
<![CDATA[
entry:10  %empty_77 = call i32 (...)* @_ssdm_op_SpecInterface(i8* %U_scale_out, [8 x i8]* @ap_fifo_str, i32 0, i32 0, [1 x i8]* @p_str, i32 0, i32 0, [1 x i8]* @p_str, [1 x i8]* @p_str, [1 x i8]* @p_str, i32 2, i32 2, i32 16, i32 16, [1 x i8]* @p_str, [1 x i8]* @p_str)

]]></Node>
<StgValue><ssdm name="empty_77"/></StgValue>
</operation>

<operation id="21" st_id="1" stage="1" lat="1">
<core>FIFO</core>
<MemPortIdVec></MemPortIdVec>
<condition id="20">
<or_exp><and_exp></and_exp></or_exp>
</condition>

<Node id="28" bw="0" op_0_bw="0" op_1_bw="8" op_2_bw="8">
<![CDATA[
entry:11  call void @_ssdm_op_Write.ap_fifo.i8P(i8* %U_scale_out, i8 %U_scale_read)

]]></Node>
<StgValue><ssdm name=""/></StgValue>
</operation>

<operation id="22" st_id="1" stage="1" lat="1">
<core>NULL</core>
<MemPortIdVec></MemPortIdVec>
<condition id="20">
<or_exp><and_exp></and_exp></or_exp>
</condition>

<Node id="29" bw="32" op_0_bw="32" op_1_bw="8" op_2_bw="0" op_3_bw="32" op_4_bw="32" op_5_bw="0" op_6_bw="32" op_7_bw="32" op_8_bw="0" op_9_bw="0" op_10_bw="0" op_11_bw="32" op_12_bw="32" op_13_bw="32" op_14_bw="32" op_15_bw="0" op_16_bw="0">
<![CDATA[
entry:12  %empty_78 = call i32 (...)* @_ssdm_op_SpecInterface(i8* %V_scale_out, [8 x i8]* @ap_fifo_str, i32 0, i32 0, [1 x i8]* @p_str, i32 0, i32 0, [1 x i8]* @p_str, [1 x i8]* @p_str, [1 x i8]* @p_str, i32 2, i32 2, i32 16, i32 16, [1 x i8]* @p_str, [1 x i8]* @p_str)

]]></Node>
<StgValue><ssdm name="empty_78"/></StgValue>
</operation>

<operation id="23" st_id="1" stage="1" lat="1">
<core>FIFO</core>
<MemPortIdVec></MemPortIdVec>
<condition id="20">
<or_exp><and_exp></and_exp></or_exp>
</condition>

<Node id="30" bw="0" op_0_bw="0" op_1_bw="8" op_2_bw="8">
<![CDATA[
entry:13  call void @_ssdm_op_Write.ap_fifo.i8P(i8* %V_scale_out, i8 %V_scale_read)

]]></Node>
<StgValue><ssdm name=""/></StgValue>
</operation>

<operation id="24" st_id="1" stage="1" lat="1">
<core>NULL</core>
<MemPortIdVec></MemPortIdVec>
<condition id="20">
<or_exp><and_exp></and_exp></or_exp>
</condition>

<Node id="31" bw="16" op_0_bw="16" op_1_bw="16">
<![CDATA[
entry:14  %width = call i16 @_ssdm_op_Read.ap_auto.i16P(i16* %in_width)

]]></Node>
<StgValue><ssdm name="width"/></StgValue>
</operation>

<operation id="25" st_id="1" stage="1" lat="1">
<core>NULL</core>
<MemPortIdVec></MemPortIdVec>
<condition id="20">
<or_exp><and_exp></and_exp></or_exp>
</condition>

<Node id="32" bw="16" op_0_bw="16" op_1_bw="16">
<![CDATA[
entry:15  %height = call i16 @_ssdm_op_Read.ap_auto.i16P(i16* %in_height)

]]></Node>
<StgValue><ssdm name="height"/></StgValue>
</operation>

<operation id="26" st_id="1" stage="1" lat="1">
<core>FIFO</core>
<MemPortIdVec></MemPortIdVec>
<condition id="20">
<or_exp><and_exp></and_exp></or_exp>
</condition>

<Node id="33" bw="0" op_0_bw="0" op_1_bw="16" op_2_bw="16">
<![CDATA[
entry:16  call void @_ssdm_op_Write.ap_fifo.i16P(i16* %out_width, i16 %width)

]]></Node>
<StgValue><ssdm name=""/></StgValue>
</operation>

<operation id="27" st_id="1" stage="1" lat="1">
<core>FIFO</core>
<MemPortIdVec></MemPortIdVec>
<condition id="20">
<or_exp><and_exp></and_exp></or_exp>
</condition>

<Node id="34" bw="0" op_0_bw="0" op_1_bw="16" op_2_bw="16">
<![CDATA[
entry:17  call void @_ssdm_op_Write.ap_fifo.i16P(i16* %out_height, i16 %height)

]]></Node>
<StgValue><ssdm name=""/></StgValue>
</operation>

<operation id="28" st_id="1" stage="1" lat="1">
<core>NULL</core>
<MemPortIdVec></MemPortIdVec>
<condition id="20">
<or_exp><and_exp></and_exp></or_exp>
</condition>

<Node id="35" bw="32" op_0_bw="16">
<![CDATA[
entry:18  %cast = zext i16 %width to i32

]]></Node>
<StgValue><ssdm name="cast"/></StgValue>
</operation>

<operation id="29" st_id="1" stage="1" lat="1">
<core>NULL</core>
<MemPortIdVec></MemPortIdVec>
<condition id="20">
<or_exp><and_exp></and_exp></or_exp>
</condition>

<Node id="36" bw="32" op_0_bw="16">
<![CDATA[
entry:19  %cast1 = zext i16 %height to i32

]]></Node>
<StgValue><ssdm name="cast1"/></StgValue>
</operation>

<operation id="30" st_id="1" stage="1" lat="1">
<core>DSP48</core>
<MemPortIdVec></MemPortIdVec>
<condition id="20">
<or_exp><and_exp></and_exp></or_exp>
</condition>

<Node id="37" bw="32" op_0_bw="32" op_1_bw="32">
<![CDATA[
entry:20  %bound = mul i32 %cast1, %cast

]]></Node>
<StgValue><ssdm name="bound"/></StgValue>
</operation>

<operation id="31" st_id="1" stage="1" lat="1">
<core>NULL</core>
<MemPortIdVec></MemPortIdVec>
<condition id="20">
<or_exp><and_exp></and_exp></or_exp>
</condition>

<Node id="38" bw="0" op_0_bw="0">
<![CDATA[
entry:21  br label %0

]]></Node>
<StgValue><ssdm name=""/></StgValue>
</operation>
</state>

<state id="2" st_id="2">

<operation id="32" st_id="2" stage="1" lat="1">
<core>NULL</core>
<MemPortIdVec></MemPortIdVec>
<condition id="-1">
<or_exp><and_exp></and_exp></or_exp>
</condition>

<Node id="40" bw="32" op_0_bw="32" op_1_bw="0">
<![CDATA[
:0  %indvar_flatten = phi i32 [ 0, %entry ], [ %indvar_flatten_next, %.reset ]

]]></Node>
<StgValue><ssdm name="indvar_flatten"/></StgValue>
</operation>

<operation id="33" st_id="2" stage="1" lat="1">
<core>NULL</core>
<MemPortIdVec></MemPortIdVec>
<condition id="-1">
<or_exp><and_exp></and_exp></or_exp>
</condition>

<Node id="41" bw="16" op_0_bw="16" op_1_bw="0">
<![CDATA[
:1  %x_i_i = phi i16 [ 0, %entry ], [ %tmp_i_i_mid2_v, %.reset ]

]]></Node>
<StgValue><ssdm name="x_i_i"/></StgValue>
</operation>

<operation id="34" st_id="2" stage="1" lat="1">
<core>NULL</core>
<MemPortIdVec></MemPortIdVec>
<condition id="-1">
<or_exp><and_exp></and_exp></or_exp>
</condition>

<Node id="42" bw="16" op_0_bw="16" op_1_bw="0">
<![CDATA[
:2  %y_i_i = phi i16 [ 0, %entry ], [ %y, %.reset ]

]]></Node>
<StgValue><ssdm name="y_i_i"/></StgValue>
</operation>

<operation id="35" st_id="2" stage="1" lat="1">
<core>Cmp</core>
<MemPortIdVec></MemPortIdVec>
<condition id="-1">
<or_exp><and_exp></and_exp></or_exp>
</condition>

<Node id="43" bw="1" op_0_bw="32" op_1_bw="32">
<![CDATA[
:3  %exitcond_flatten = icmp eq i32 %indvar_flatten, %bound

]]></Node>
<StgValue><ssdm name="exitcond_flatten"/></StgValue>
</operation>

<operation id="36" st_id="2" stage="1" lat="1">
<core>AddSub</core>
<MemPortIdVec></MemPortIdVec>
<condition id="-1">
<or_exp><and_exp></and_exp></or_exp>
</condition>

<Node id="44" bw="32" op_0_bw="32" op_1_bw="32">
<![CDATA[
:4  %indvar_flatten_next = add i32 %indvar_flatten, 1

]]></Node>
<StgValue><ssdm name="indvar_flatten_next"/></StgValue>
</operation>

<operation id="37" st_id="2" stage="1" lat="1">
<core>NULL</core>
<MemPortIdVec></MemPortIdVec>
<condition id="-1">
<or_exp><and_exp></and_exp></or_exp>
</condition>

<Node id="45" bw="0" op_0_bw="1" op_1_bw="0" op_2_bw="0">
<![CDATA[
:5  br i1 %exitcond_flatten, label %.exit, label %.reset

]]></Node>
<StgValue><ssdm name=""/></StgValue>
</operation>

<operation id="38" st_id="2" stage="1" lat="1">
<core>AddSub</core>
<MemPortIdVec></MemPortIdVec>
<condition id="0">
<or_exp><and_exp><literal name="exitcond_flatten" val="0"/>
</and_exp></or_exp>
</condition>

<Node id="47" bw="16" op_0_bw="16" op_1_bw="16">
<![CDATA[
.reset:0  %x = add i16 1, %x_i_i

]]></Node>
<StgValue><ssdm name="x"/></StgValue>
</operation>

<operation id="39" st_id="2" stage="1" lat="1">
<core>Cmp</core>
<MemPortIdVec></MemPortIdVec>
<condition id="0">
<or_exp><and_exp><literal name="exitcond_flatten" val="0"/>
</and_exp></or_exp>
</condition>

<Node id="50" bw="1" op_0_bw="16" op_1_bw="16">
<![CDATA[
.reset:3  %exitcond_i_i = icmp eq i16 %y_i_i, %height

]]></Node>
<StgValue><ssdm name="exitcond_i_i"/></StgValue>
</operation>

<operation id="40" st_id="2" stage="1" lat="1">
<core>Sel</core>
<MemPortIdVec></MemPortIdVec>
<condition id="0">
<or_exp><and_exp><literal name="exitcond_flatten" val="0"/>
</and_exp></or_exp>
</condition>

<Node id="51" bw="16" op_0_bw="1" op_1_bw="16" op_2_bw="16">
<![CDATA[
.reset:4  %y_i_i_mid2 = select i1 %exitcond_i_i, i16 0, i16 %y_i_i

]]></Node>
<StgValue><ssdm name="y_i_i_mid2"/></StgValue>
</operation>

<operation id="41" st_id="2" stage="1" lat="1">
<core>Sel</core>
<MemPortIdVec></MemPortIdVec>
<condition id="0">
<or_exp><and_exp><literal name="exitcond_flatten" val="0"/>
</and_exp></or_exp>
</condition>

<Node id="52" bw="16" op_0_bw="1" op_1_bw="16" op_2_bw="16">
<![CDATA[
.reset:5  %tmp_i_i_mid2_v = select i1 %exitcond_i_i, i16 %x, i16 %x_i_i

]]></Node>
<StgValue><ssdm name="tmp_i_i_mid2_v"/></StgValue>
</operation>

<operation id="42" st_id="2" stage="1" lat="1">
<core>NULL</core>
<MemPortIdVec></MemPortIdVec>
<condition id="0">
<or_exp><and_exp><literal name="exitcond_flatten" val="0"/>
</and_exp></or_exp>
</condition>

<Node id="53" bw="13" op_0_bw="16">
<![CDATA[
.reset:6  %tmp_22 = trunc i16 %tmp_i_i_mid2_v to i13

]]></Node>
<StgValue><ssdm name="tmp_22"/></StgValue>
</operation>

<operation id="43" st_id="2" stage="1" lat="1">
<core>NULL</core>
<MemPortIdVec></MemPortIdVec>
<condition id="0">
<or_exp><and_exp><literal name="exitcond_flatten" val="0"/>
</and_exp></or_exp>
</condition>

<Node id="54" bw="23" op_0_bw="23" op_1_bw="13" op_2_bw="10">
<![CDATA[
.reset:7  %p_shl_cast = call i23 @_ssdm_op_BitConcatenate.i23.i13.i10(i13 %tmp_22, i10 0)

]]></Node>
<StgValue><ssdm name="p_shl_cast"/></StgValue>
</operation>

<operation id="44" st_id="2" stage="1" lat="1">
<core>NULL</core>
<MemPortIdVec></MemPortIdVec>
<condition id="0">
<or_exp><and_exp><literal name="exitcond_flatten" val="0"/>
</and_exp></or_exp>
</condition>

<Node id="55" bw="15" op_0_bw="16">
<![CDATA[
.reset:8  %tmp_23 = trunc i16 %tmp_i_i_mid2_v to i15

]]></Node>
<StgValue><ssdm name="tmp_23"/></StgValue>
</operation>

<operation id="45" st_id="2" stage="1" lat="1">
<core>NULL</core>
<MemPortIdVec></MemPortIdVec>
<condition id="0">
<or_exp><and_exp><literal name="exitcond_flatten" val="0"/>
</and_exp></or_exp>
</condition>

<Node id="56" bw="23" op_0_bw="23" op_1_bw="15" op_2_bw="8">
<![CDATA[
.reset:9  %p_shl1_cast = call i23 @_ssdm_op_BitConcatenate.i23.i15.i8(i15 %tmp_23, i8 0)

]]></Node>
<StgValue><ssdm name="p_shl1_cast"/></StgValue>
</operation>

<operation id="46" st_id="2" stage="1" lat="1">
<core>TAddSub</core>
<MemPortIdVec></MemPortIdVec>
<condition id="0">
<or_exp><and_exp><literal name="exitcond_flatten" val="0"/>
</and_exp></or_exp>
</condition>

<Node id="57" bw="23" op_0_bw="23" op_1_bw="23">
<![CDATA[
.reset:10  %tmp_s = add i23 %p_shl_cast, %p_shl1_cast

]]></Node>
<StgValue><ssdm name="tmp_s"/></StgValue>
</operation>

<operation id="47" st_id="2" stage="1" lat="1">
<core>NULL</core>
<MemPortIdVec></MemPortIdVec>
<condition id="0">
<or_exp><and_exp><literal name="exitcond_flatten" val="0"/>
</and_exp></or_exp>
</condition>

<Node id="61" bw="23" op_0_bw="16">
<![CDATA[
.reset:14  %tmp_i_i_cast = zext i16 %y_i_i_mid2 to i23

]]></Node>
<StgValue><ssdm name="tmp_i_i_cast"/></StgValue>
</operation>

<operation id="48" st_id="2" stage="1" lat="1">
<core>TAddSub</core>
<MemPortIdVec></MemPortIdVec>
<condition id="0">
<or_exp><and_exp><literal name="exitcond_flatten" val="0"/>
</and_exp></or_exp>
</condition>

<Node id="62" bw="23" op_0_bw="23" op_1_bw="23">
<![CDATA[
.reset:15  %tmp_24 = add i23 %tmp_i_i_cast, %tmp_s

]]></Node>
<StgValue><ssdm name="tmp_24"/></StgValue>
</operation>

<operation id="49" st_id="2" stage="1" lat="1">
<core>AddSub</core>
<MemPortIdVec></MemPortIdVec>
<condition id="0">
<or_exp><and_exp><literal name="exitcond_flatten" val="0"/>
</and_exp></or_exp>
</condition>

<Node id="123" bw="16" op_0_bw="16" op_1_bw="16">
<![CDATA[
.reset:76  %y = add i16 1, %y_i_i_mid2

]]></Node>
<StgValue><ssdm name="y"/></StgValue>
</operation>
</state>

<state id="3" st_id="3">

<operation id="50" st_id="3" stage="1" lat="1">
<core>NULL</core>
<MemPortIdVec></MemPortIdVec>
<condition id="0">
<or_exp><and_exp><literal name="exitcond_flatten" val="0"/>
</and_exp></or_exp>
</condition>

<Node id="63" bw="32" op_0_bw="23">
<![CDATA[
.reset:16  %tmp_26_cast = zext i23 %tmp_24 to i32

]]></Node>
<StgValue><ssdm name="tmp_26_cast"/></StgValue>
</operation>

<operation id="51" st_id="3" stage="1" lat="1">
<core>NULL</core>
<MemPortIdVec></MemPortIdVec>
<condition id="0">
<or_exp><and_exp><literal name="exitcond_flatten" val="0"/>
</and_exp></or_exp>
</condition>

<Node id="64" bw="22" op_0_bw="8" op_1_bw="32" op_2_bw="32">
<![CDATA[
.reset:17  %in_channels_ch1_addr = getelementptr [2457600 x i8]* %in_channels_ch1, i32 0, i32 %tmp_26_cast

]]></Node>
<StgValue><ssdm name="in_channels_ch1_addr"/></StgValue>
</operation>

<operation id="52" st_id="3" stage="1" lat="1">
<core>NULL</core>
<MemPortIdVec></MemPortIdVec>
<condition id="0">
<or_exp><and_exp><literal name="exitcond_flatten" val="0"/>
</and_exp></or_exp>
</condition>

<Node id="65" bw="22" op_0_bw="8" op_1_bw="32" op_2_bw="32">
<![CDATA[
.reset:18  %in_channels_ch2_addr = getelementptr [2457600 x i8]* %in_channels_ch2, i32 0, i32 %tmp_26_cast

]]></Node>
<StgValue><ssdm name="in_channels_ch2_addr"/></StgValue>
</operation>

<operation id="53" st_id="3" stage="1" lat="1">
<core>NULL</core>
<MemPortIdVec></MemPortIdVec>
<condition id="0">
<or_exp><and_exp><literal name="exitcond_flatten" val="0"/>
</and_exp></or_exp>
</condition>

<Node id="66" bw="22" op_0_bw="8" op_1_bw="32" op_2_bw="32">
<![CDATA[
.reset:19  %in_channels_ch3_addr = getelementptr [2457600 x i8]* %in_channels_ch3, i32 0, i32 %tmp_26_cast

]]></Node>
<StgValue><ssdm name="in_channels_ch3_addr"/></StgValue>
</operation>

<operation id="54" st_id="3" stage="4" lat="4">
<core>RAM</core>
<MemPortIdVec>0 </MemPortIdVec>
<condition id="0">
<or_exp><and_exp><literal name="exitcond_flatten" val="0"/>
</and_exp></or_exp>
</condition>

<Node id="67" bw="8" op_0_bw="22">
<![CDATA[
.reset:20  %R = load i8* %in_channels_ch1_addr, align 1

]]></Node>
<StgValue><ssdm name="R"/></StgValue>
</operation>

<operation id="55" st_id="3" stage="4" lat="4">
<core>RAM</core>
<MemPortIdVec>0 </MemPortIdVec>
<condition id="0">
<or_exp><and_exp><literal name="exitcond_flatten" val="0"/>
</and_exp></or_exp>
</condition>

<Node id="68" bw="8" op_0_bw="22">
<![CDATA[
.reset:21  %G = load i8* %in_channels_ch2_addr, align 1

]]></Node>
<StgValue><ssdm name="G"/></StgValue>
</operation>

<operation id="56" st_id="3" stage="4" lat="4">
<core>RAM</core>
<MemPortIdVec>0 </MemPortIdVec>
<condition id="0">
<or_exp><and_exp><literal name="exitcond_flatten" val="0"/>
</and_exp></or_exp>
</condition>

<Node id="69" bw="8" op_0_bw="22">
<![CDATA[
.reset:22  %B = load i8* %in_channels_ch3_addr, align 1

]]></Node>
<StgValue><ssdm name="B"/></StgValue>
</operation>
</state>

<state id="4" st_id="4">

<operation id="57" st_id="4" stage="3" lat="4">
<core>RAM</core>
<MemPortIdVec>0 </MemPortIdVec>
<condition id="0">
<or_exp><and_exp><literal name="exitcond_flatten" val="0"/>
</and_exp></or_exp>
</condition>

<Node id="67" bw="8" op_0_bw="22">
<![CDATA[
.reset:20  %R = load i8* %in_channels_ch1_addr, align 1

]]></Node>
<StgValue><ssdm name="R"/></StgValue>
</operation>

<operation id="58" st_id="4" stage="3" lat="4">
<core>RAM</core>
<MemPortIdVec>0 </MemPortIdVec>
<condition id="0">
<or_exp><and_exp><literal name="exitcond_flatten" val="0"/>
</and_exp></or_exp>
</condition>

<Node id="68" bw="8" op_0_bw="22">
<![CDATA[
.reset:21  %G = load i8* %in_channels_ch2_addr, align 1

]]></Node>
<StgValue><ssdm name="G"/></StgValue>
</operation>

<operation id="59" st_id="4" stage="3" lat="4">
<core>RAM</core>
<MemPortIdVec>0 </MemPortIdVec>
<condition id="0">
<or_exp><and_exp><literal name="exitcond_flatten" val="0"/>
</and_exp></or_exp>
</condition>

<Node id="69" bw="8" op_0_bw="22">
<![CDATA[
.reset:22  %B = load i8* %in_channels_ch3_addr, align 1

]]></Node>
<StgValue><ssdm name="B"/></StgValue>
</operation>
</state>

<state id="5" st_id="5">

<operation id="60" st_id="5" stage="2" lat="4">
<core>RAM</core>
<MemPortIdVec>0 </MemPortIdVec>
<condition id="0">
<or_exp><and_exp><literal name="exitcond_flatten" val="0"/>
</and_exp></or_exp>
</condition>

<Node id="67" bw="8" op_0_bw="22">
<![CDATA[
.reset:20  %R = load i8* %in_channels_ch1_addr, align 1

]]></Node>
<StgValue><ssdm name="R"/></StgValue>
</operation>

<operation id="61" st_id="5" stage="2" lat="4">
<core>RAM</core>
<MemPortIdVec>0 </MemPortIdVec>
<condition id="0">
<or_exp><and_exp><literal name="exitcond_flatten" val="0"/>
</and_exp></or_exp>
</condition>

<Node id="68" bw="8" op_0_bw="22">
<![CDATA[
.reset:21  %G = load i8* %in_channels_ch2_addr, align 1

]]></Node>
<StgValue><ssdm name="G"/></StgValue>
</operation>

<operation id="62" st_id="5" stage="2" lat="4">
<core>RAM</core>
<MemPortIdVec>0 </MemPortIdVec>
<condition id="0">
<or_exp><and_exp><literal name="exitcond_flatten" val="0"/>
</and_exp></or_exp>
</condition>

<Node id="69" bw="8" op_0_bw="22">
<![CDATA[
.reset:22  %B = load i8* %in_channels_ch3_addr, align 1

]]></Node>
<StgValue><ssdm name="B"/></StgValue>
</operation>
</state>

<state id="6" st_id="6">

<operation id="63" st_id="6" stage="1" lat="4">
<core>RAM</core>
<MemPortIdVec>0 </MemPortIdVec>
<condition id="0">
<or_exp><and_exp><literal name="exitcond_flatten" val="0"/>
</and_exp></or_exp>
</condition>

<Node id="67" bw="8" op_0_bw="22">
<![CDATA[
.reset:20  %R = load i8* %in_channels_ch1_addr, align 1

]]></Node>
<StgValue><ssdm name="R"/></StgValue>
</operation>

<operation id="64" st_id="6" stage="1" lat="4">
<core>RAM</core>
<MemPortIdVec>0 </MemPortIdVec>
<condition id="0">
<or_exp><and_exp><literal name="exitcond_flatten" val="0"/>
</and_exp></or_exp>
</condition>

<Node id="68" bw="8" op_0_bw="22">
<![CDATA[
.reset:21  %G = load i8* %in_channels_ch2_addr, align 1

]]></Node>
<StgValue><ssdm name="G"/></StgValue>
</operation>

<operation id="65" st_id="6" stage="1" lat="4">
<core>RAM</core>
<MemPortIdVec>0 </MemPortIdVec>
<condition id="0">
<or_exp><and_exp><literal name="exitcond_flatten" val="0"/>
</and_exp></or_exp>
</condition>

<Node id="69" bw="8" op_0_bw="22">
<![CDATA[
.reset:22  %B = load i8* %in_channels_ch3_addr, align 1

]]></Node>
<StgValue><ssdm name="B"/></StgValue>
</operation>

<operation id="66" st_id="6" stage="1" lat="1">
<core>NULL</core>
<MemPortIdVec></MemPortIdVec>
<condition id="0">
<or_exp><and_exp><literal name="exitcond_flatten" val="0"/>
</and_exp></or_exp>
</condition>

<Node id="95" bw="12" op_0_bw="12" op_1_bw="8" op_2_bw="4">
<![CDATA[
.reset:48  %p_shl3_i_i = call i12 @_ssdm_op_BitConcatenate.i12.i8.i4(i8 %B, i4 0)

]]></Node>
<StgValue><ssdm name="p_shl3_i_i"/></StgValue>
</operation>

<operation id="67" st_id="6" stage="1" lat="1">
<core>NULL</core>
<MemPortIdVec></MemPortIdVec>
<condition id="0">
<or_exp><and_exp><literal name="exitcond_flatten" val="0"/>
</and_exp></or_exp>
</condition>

<Node id="96" bw="13" op_0_bw="12">
<![CDATA[
.reset:49  %p_shl3_cast7_i_i = zext i12 %p_shl3_i_i to i13

]]></Node>
<StgValue><ssdm name="p_shl3_cast7_i_i"/></StgValue>
</operation>

<operation id="68" st_id="6" stage="1" lat="1">
<core>AddSub</core>
<MemPortIdVec></MemPortIdVec>
<condition id="0">
<or_exp><and_exp><literal name="exitcond_flatten" val="0"/>
</and_exp></or_exp>
</condition>

<Node id="107" bw="13" op_0_bw="13" op_1_bw="13">
<![CDATA[
.reset:60  %p_neg_i_i = sub i13 0, %p_shl3_cast7_i_i

]]></Node>
<StgValue><ssdm name="p_neg_i_i"/></StgValue>
</operation>
</state>

<state id="7" st_id="7">

<operation id="69" st_id="7" stage="1" lat="1">
<core>NULL</core>
<MemPortIdVec></MemPortIdVec>
<condition id="0">
<or_exp><and_exp><literal name="exitcond_flatten" val="0"/>
</and_exp></or_exp>
</condition>

<Node id="70" bw="15" op_0_bw="8">
<![CDATA[
.reset:23  %tmp_40_cast14_i_i = zext i8 %R to i15

]]></Node>
<StgValue><ssdm name="tmp_40_cast14_i_i"/></StgValue>
</operation>

<operation id="70" st_id="7" stage="1" lat="1">
<core>NULL</core>
<MemPortIdVec></MemPortIdVec>
<condition id="0">
<or_exp><and_exp><literal name="exitcond_flatten" val="0"/>
</and_exp></or_exp>
</condition>

<Node id="71" bw="14" op_0_bw="14" op_1_bw="8" op_2_bw="6">
<![CDATA[
.reset:24  %p_shl5_i_i = call i14 @_ssdm_op_BitConcatenate.i14.i8.i6(i8 %R, i6 0)

]]></Node>
<StgValue><ssdm name="p_shl5_i_i"/></StgValue>
</operation>

<operation id="71" st_id="7" stage="1" lat="1">
<core>NULL</core>
<MemPortIdVec></MemPortIdVec>
<condition id="0">
<or_exp><and_exp><literal name="exitcond_flatten" val="0"/>
</and_exp></or_exp>
</condition>

<Node id="72" bw="15" op_0_bw="14">
<![CDATA[
.reset:25  %p_shl5_cast_i_i = zext i14 %p_shl5_i_i to i15

]]></Node>
<StgValue><ssdm name="p_shl5_cast_i_i"/></StgValue>
</operation>

<operation id="72" st_id="7" stage="1" lat="1">
<core>NULL</core>
<MemPortIdVec></MemPortIdVec>
<condition id="0">
<or_exp><and_exp><literal name="exitcond_flatten" val="0"/>
</and_exp></or_exp>
</condition>

<Node id="73" bw="9" op_0_bw="9" op_1_bw="8" op_2_bw="1">
<![CDATA[
.reset:26  %p_shl6_i_i = call i9 @_ssdm_op_BitConcatenate.i9.i8.i1(i8 %R, i1 false)

]]></Node>
<StgValue><ssdm name="p_shl6_i_i"/></StgValue>
</operation>

<operation id="73" st_id="7" stage="1" lat="1">
<core>NULL</core>
<MemPortIdVec></MemPortIdVec>
<condition id="0">
<or_exp><and_exp><literal name="exitcond_flatten" val="0"/>
</and_exp></or_exp>
</condition>

<Node id="74" bw="10" op_0_bw="9">
<![CDATA[
.reset:27  %p_shl6_cast_i_i_cast = zext i9 %p_shl6_i_i to i10

]]></Node>
<StgValue><ssdm name="p_shl6_cast_i_i_cast"/></StgValue>
</operation>

<operation id="74" st_id="7" stage="1" lat="1">
<core>NULL</core>
<MemPortIdVec></MemPortIdVec>
<condition id="0">
<or_exp><and_exp><literal name="exitcond_flatten" val="0"/>
</and_exp></or_exp>
</condition>

<Node id="75" bw="16" op_0_bw="8">
<![CDATA[
.reset:28  %tmp_42_cast11_i_i = zext i8 %G to i16

]]></Node>
<StgValue><ssdm name="tmp_42_cast11_i_i"/></StgValue>
</operation>

<operation id="75" st_id="7" stage="1" lat="1">
<core>NULL</core>
<MemPortIdVec></MemPortIdVec>
<condition id="0">
<or_exp><and_exp><literal name="exitcond_flatten" val="0"/>
</and_exp></or_exp>
</condition>

<Node id="76" bw="13" op_0_bw="8">
<![CDATA[
.reset:29  %tmp_42_cast11_i_i_ca = zext i8 %G to i13

]]></Node>
<StgValue><ssdm name="tmp_42_cast11_i_i_ca"/></StgValue>
</operation>

<operation id="76" st_id="7" stage="1" lat="1">
<core>NULL</core>
<MemPortIdVec></MemPortIdVec>
<condition id="0">
<or_exp><and_exp><literal name="exitcond_flatten" val="0"/>
</and_exp></or_exp>
</condition>

<Node id="77" bw="15" op_0_bw="15" op_1_bw="8" op_2_bw="7">
<![CDATA[
.reset:30  %p_shl4_i_i = call i15 @_ssdm_op_BitConcatenate.i15.i8.i7(i8 %G, i7 0)

]]></Node>
<StgValue><ssdm name="p_shl4_i_i"/></StgValue>
</operation>

<operation id="77" st_id="7" stage="1" lat="1">
<core>NULL</core>
<MemPortIdVec></MemPortIdVec>
<condition id="0">
<or_exp><and_exp><literal name="exitcond_flatten" val="0"/>
</and_exp></or_exp>
</condition>

<Node id="78" bw="16" op_0_bw="15">
<![CDATA[
.reset:31  %p_shl4_cast_i_i = zext i15 %p_shl4_i_i to i16

]]></Node>
<StgValue><ssdm name="p_shl4_cast_i_i"/></StgValue>
</operation>

<operation id="78" st_id="7" stage="1" lat="1">
<core>NULL</core>
<MemPortIdVec></MemPortIdVec>
<condition id="0">
<or_exp><and_exp><literal name="exitcond_flatten" val="0"/>
</and_exp></or_exp>
</condition>

<Node id="79" bw="13" op_0_bw="8">
<![CDATA[
.reset:32  %tmp_44_cast10_i_i = zext i8 %B to i13

]]></Node>
<StgValue><ssdm name="tmp_44_cast10_i_i"/></StgValue>
</operation>

<operation id="79" st_id="7" stage="1" lat="1">
<core>DSP48</core>
<MemPortIdVec></MemPortIdVec>
<condition id="0">
<or_exp><and_exp><literal name="exitcond_flatten" val="0"/>
</and_exp></or_exp>
</condition>

<Node id="80" bw="13" op_0_bw="13" op_1_bw="13">
<![CDATA[
.reset:33  %tmp_45_i_i = mul i13 25, %tmp_44_cast10_i_i

]]></Node>
<StgValue><ssdm name="tmp_45_i_i"/></StgValue>
</operation>

<operation id="80" st_id="7" stage="1" lat="1">
<core>AddSub</core>
<MemPortIdVec></MemPortIdVec>
<condition id="0">
<or_exp><and_exp><literal name="exitcond_flatten" val="0"/>
</and_exp></or_exp>
</condition>

<Node id="81" bw="10" op_0_bw="10" op_1_bw="10">
<![CDATA[
.reset:34  %tmp = add i10 128, %p_shl6_cast_i_i_cast

]]></Node>
<StgValue><ssdm name="tmp"/></StgValue>
</operation>

<operation id="81" st_id="7" stage="1" lat="1">
<core>NULL</core>
<MemPortIdVec></MemPortIdVec>
<condition id="0">
<or_exp><and_exp><literal name="exitcond_flatten" val="0"/>
</and_exp></or_exp>
</condition>

<Node id="82" bw="15" op_0_bw="10">
<![CDATA[
.reset:35  %tmp_cast = zext i10 %tmp to i15

]]></Node>
<StgValue><ssdm name="tmp_cast"/></StgValue>
</operation>

<operation id="82" st_id="7" stage="1" lat="1">
<core>AddSub</core>
<MemPortIdVec></MemPortIdVec>
<condition id="0">
<or_exp><and_exp><literal name="exitcond_flatten" val="0"/>
</and_exp></or_exp>
</condition>

<Node id="83" bw="15" op_0_bw="15" op_1_bw="15">
<![CDATA[
.reset:36  %tmp_46_i_i = add i15 %tmp_cast, %p_shl5_cast_i_i

]]></Node>
<StgValue><ssdm name="tmp_46_i_i"/></StgValue>
</operation>

<operation id="83" st_id="7" stage="1" lat="1">
<core>NULL</core>
<MemPortIdVec></MemPortIdVec>
<condition id="0">
<or_exp><and_exp><literal name="exitcond_flatten" val="0"/>
</and_exp></or_exp>
</condition>

<Node id="84" bw="16" op_0_bw="15">
<![CDATA[
.reset:37  %tmp_46_cast_i_i = zext i15 %tmp_46_i_i to i16

]]></Node>
<StgValue><ssdm name="tmp_46_cast_i_i"/></StgValue>
</operation>

<operation id="84" st_id="7" stage="1" lat="1">
<core>TAddSub</core>
<MemPortIdVec></MemPortIdVec>
<condition id="0">
<or_exp><and_exp><literal name="exitcond_flatten" val="0"/>
</and_exp></or_exp>
</condition>

<Node id="85" bw="16" op_0_bw="16" op_1_bw="16">
<![CDATA[
.reset:38  %tmp1 = add i16 %p_shl4_cast_i_i, %tmp_46_cast_i_i

]]></Node>
<StgValue><ssdm name="tmp1"/></StgValue>
</operation>

<operation id="85" st_id="7" stage="1" lat="1">
<core>DSP48</core>
<MemPortIdVec></MemPortIdVec>
<condition id="0">
<or_exp><and_exp><literal name="exitcond_flatten" val="0"/>
</and_exp></or_exp>
</condition>

<Node id="86" bw="13" op_0_bw="13" op_1_bw="13">
<![CDATA[
.reset:39  %tmp2 = add i13 %tmp_45_i_i, %tmp_42_cast11_i_i_ca

]]></Node>
<StgValue><ssdm name="tmp2"/></StgValue>
</operation>

<operation id="86" st_id="7" stage="1" lat="1">
<core>NULL</core>
<MemPortIdVec></MemPortIdVec>
<condition id="0">
<or_exp><and_exp><literal name="exitcond_flatten" val="0"/>
</and_exp></or_exp>
</condition>

<Node id="87" bw="16" op_0_bw="13">
<![CDATA[
.reset:40  %tmp2_cast = zext i13 %tmp2 to i16

]]></Node>
<StgValue><ssdm name="tmp2_cast"/></StgValue>
</operation>

<operation id="87" st_id="7" stage="1" lat="1">
<core>TAddSub</core>
<MemPortIdVec></MemPortIdVec>
<condition id="0">
<or_exp><and_exp><literal name="exitcond_flatten" val="0"/>
</and_exp></or_exp>
</condition>

<Node id="88" bw="16" op_0_bw="16" op_1_bw="16">
<![CDATA[
.reset:41  %tmp_48_i_i = add i16 %tmp2_cast, %tmp1

]]></Node>
<StgValue><ssdm name="tmp_48_i_i"/></StgValue>
</operation>

<operation id="88" st_id="7" stage="1" lat="1">
<core>NULL</core>
<MemPortIdVec></MemPortIdVec>
<condition id="0">
<or_exp><and_exp><literal name="exitcond_flatten" val="0"/>
</and_exp></or_exp>
</condition>

<Node id="89" bw="8" op_0_bw="8" op_1_bw="16" op_2_bw="32" op_3_bw="32">
<![CDATA[
.reset:42  %tmp_50_i_i = call i8 @_ssdm_op_PartSelect.i8.i16.i32.i32(i16 %tmp_48_i_i, i32 8, i32 15)

]]></Node>
<StgValue><ssdm name="tmp_50_i_i"/></StgValue>
</operation>

<operation id="89" st_id="7" stage="1" lat="1">
<core>DSP48</core>
<MemPortIdVec></MemPortIdVec>
<condition id="0">
<or_exp><and_exp><literal name="exitcond_flatten" val="0"/>
</and_exp></or_exp>
</condition>

<Node id="91" bw="15" op_0_bw="15" op_1_bw="15">
<![CDATA[
.reset:44  %tmp_51_i_i = mul i15 -38, %tmp_40_cast14_i_i

]]></Node>
<StgValue><ssdm name="tmp_51_i_i"/></StgValue>
</operation>

<operation id="90" st_id="7" stage="1" lat="1">
<core>DSP48</core>
<MemPortIdVec></MemPortIdVec>
<condition id="0">
<or_exp><and_exp><literal name="exitcond_flatten" val="0"/>
</and_exp></or_exp>
</condition>

<Node id="92" bw="16" op_0_bw="16" op_1_bw="16">
<![CDATA[
.reset:45  %tmp_52_i_i = mul i16 -74, %tmp_42_cast11_i_i

]]></Node>
<StgValue><ssdm name="tmp_52_i_i"/></StgValue>
</operation>

<operation id="91" st_id="7" stage="1" lat="1">
<core>NULL</core>
<MemPortIdVec></MemPortIdVec>
<condition id="0">
<or_exp><and_exp><literal name="exitcond_flatten" val="0"/>
</and_exp></or_exp>
</condition>

<Node id="93" bw="15" op_0_bw="15" op_1_bw="8" op_2_bw="7">
<![CDATA[
.reset:46  %p_shl2_i_i = call i15 @_ssdm_op_BitConcatenate.i15.i8.i7(i8 %B, i7 0)

]]></Node>
<StgValue><ssdm name="p_shl2_i_i"/></StgValue>
</operation>

<operation id="92" st_id="7" stage="1" lat="1">
<core>NULL</core>
<MemPortIdVec></MemPortIdVec>
<condition id="0">
<or_exp><and_exp><literal name="exitcond_flatten" val="0"/>
</and_exp></or_exp>
</condition>

<Node id="94" bw="16" op_0_bw="15">
<![CDATA[
.reset:47  %p_shl2_cast_i_i = zext i15 %p_shl2_i_i to i16

]]></Node>
<StgValue><ssdm name="p_shl2_cast_i_i"/></StgValue>
</operation>

<operation id="93" st_id="7" stage="1" lat="1">
<core>NULL</core>
<MemPortIdVec></MemPortIdVec>
<condition id="0">
<or_exp><and_exp><literal name="exitcond_flatten" val="0"/>
</and_exp></or_exp>
</condition>

<Node id="97" bw="16" op_0_bw="12">
<![CDATA[
.reset:50  %p_shl3_cast_i_i = zext i12 %p_shl3_i_i to i16

]]></Node>
<StgValue><ssdm name="p_shl3_cast_i_i"/></StgValue>
</operation>

<operation id="94" st_id="7" stage="1" lat="1">
<core>TAddSub</core>
<MemPortIdVec></MemPortIdVec>
<condition id="0">
<or_exp><and_exp><literal name="exitcond_flatten" val="0"/>
</and_exp></or_exp>
</condition>

<Node id="98" bw="16" op_0_bw="16" op_1_bw="16">
<![CDATA[
.reset:51  %tmp_53_i_i = sub i16 %p_shl2_cast_i_i, %p_shl3_cast_i_i

]]></Node>
<StgValue><ssdm name="tmp_53_i_i"/></StgValue>
</operation>

<operation id="95" st_id="7" stage="1" lat="1">
<core>DSP48</core>
<MemPortIdVec></MemPortIdVec>
<condition id="0">
<or_exp><and_exp><literal name="exitcond_flatten" val="0"/>
</and_exp></or_exp>
</condition>

<Node id="99" bw="15" op_0_bw="15" op_1_bw="15">
<![CDATA[
.reset:52  %tmp_54_i_i = add i15 128, %tmp_51_i_i

]]></Node>
<StgValue><ssdm name="tmp_54_i_i"/></StgValue>
</operation>

<operation id="96" st_id="7" stage="1" lat="1">
<core>NULL</core>
<MemPortIdVec></MemPortIdVec>
<condition id="0">
<or_exp><and_exp><literal name="exitcond_flatten" val="0"/>
</and_exp></or_exp>
</condition>

<Node id="100" bw="16" op_0_bw="15">
<![CDATA[
.reset:53  %tmp_54_cast_i_i = sext i15 %tmp_54_i_i to i16

]]></Node>
<StgValue><ssdm name="tmp_54_cast_i_i"/></StgValue>
</operation>

<operation id="97" st_id="7" stage="1" lat="1">
<core>TAddSub</core>
<MemPortIdVec></MemPortIdVec>
<condition id="0">
<or_exp><and_exp><literal name="exitcond_flatten" val="0"/>
</and_exp></or_exp>
</condition>

<Node id="101" bw="16" op_0_bw="16" op_1_bw="16">
<![CDATA[
.reset:54  %tmp3 = add i16 %tmp_53_i_i, %tmp_54_cast_i_i

]]></Node>
<StgValue><ssdm name="tmp3"/></StgValue>
</operation>

<operation id="98" st_id="7" stage="1" lat="1">
<core>DSP48</core>
<MemPortIdVec></MemPortIdVec>
<condition id="0">
<or_exp><and_exp><literal name="exitcond_flatten" val="0"/>
</and_exp></or_exp>
</condition>

<Node id="102" bw="16" op_0_bw="16" op_1_bw="16">
<![CDATA[
.reset:55  %tmp_56_i_i = add i16 %tmp3, %tmp_52_i_i

]]></Node>
<StgValue><ssdm name="tmp_56_i_i"/></StgValue>
</operation>

<operation id="99" st_id="7" stage="1" lat="1">
<core>NULL</core>
<MemPortIdVec></MemPortIdVec>
<condition id="0">
<or_exp><and_exp><literal name="exitcond_flatten" val="0"/>
</and_exp></or_exp>
</condition>

<Node id="103" bw="8" op_0_bw="8" op_1_bw="16" op_2_bw="32" op_3_bw="32">
<![CDATA[
.reset:56  %tmp_58_i_i = call i8 @_ssdm_op_PartSelect.i8.i16.i32.i32(i16 %tmp_56_i_i, i32 8, i32 15)

]]></Node>
<StgValue><ssdm name="tmp_58_i_i"/></StgValue>
</operation>

<operation id="100" st_id="7" stage="1" lat="1">
<core>DSP48</core>
<MemPortIdVec></MemPortIdVec>
<condition id="0">
<or_exp><and_exp><literal name="exitcond_flatten" val="0"/>
</and_exp></or_exp>
</condition>

<Node id="105" bw="15" op_0_bw="15" op_1_bw="15">
<![CDATA[
.reset:58  %tmp_59_i_i = mul i15 122, %tmp_40_cast14_i_i

]]></Node>
<StgValue><ssdm name="tmp_59_i_i"/></StgValue>
</operation>

<operation id="101" st_id="7" stage="1" lat="1">
<core>DSP48</core>
<MemPortIdVec></MemPortIdVec>
<condition id="0">
<or_exp><and_exp><literal name="exitcond_flatten" val="0"/>
</and_exp></or_exp>
</condition>

<Node id="106" bw="16" op_0_bw="16" op_1_bw="16">
<![CDATA[
.reset:59  %tmp_60_i_i = mul i16 -94, %tmp_42_cast11_i_i

]]></Node>
<StgValue><ssdm name="tmp_60_i_i"/></StgValue>
</operation>

<operation id="102" st_id="7" stage="1" lat="1">
<core>NULL</core>
<MemPortIdVec></MemPortIdVec>
<condition id="0">
<or_exp><and_exp><literal name="exitcond_flatten" val="0"/>
</and_exp></or_exp>
</condition>

<Node id="108" bw="14" op_0_bw="13">
<![CDATA[
.reset:61  %p_neg_cast_i_i = sext i13 %p_neg_i_i to i14

]]></Node>
<StgValue><ssdm name="p_neg_cast_i_i"/></StgValue>
</operation>

<operation id="103" st_id="7" stage="1" lat="1">
<core>NULL</core>
<MemPortIdVec></MemPortIdVec>
<condition id="0">
<or_exp><and_exp><literal name="exitcond_flatten" val="0"/>
</and_exp></or_exp>
</condition>

<Node id="109" bw="9" op_0_bw="9" op_1_bw="8" op_2_bw="1">
<![CDATA[
.reset:62  %p_shl1_i_i = call i9 @_ssdm_op_BitConcatenate.i9.i8.i1(i8 %B, i1 false)

]]></Node>
<StgValue><ssdm name="p_shl1_i_i"/></StgValue>
</operation>

<operation id="104" st_id="7" stage="1" lat="1">
<core>NULL</core>
<MemPortIdVec></MemPortIdVec>
<condition id="0">
<or_exp><and_exp><literal name="exitcond_flatten" val="0"/>
</and_exp></or_exp>
</condition>

<Node id="110" bw="14" op_0_bw="9">
<![CDATA[
.reset:63  %p_shl1_cast_i_i = zext i9 %p_shl1_i_i to i14

]]></Node>
<StgValue><ssdm name="p_shl1_cast_i_i"/></StgValue>
</operation>

<operation id="105" st_id="7" stage="1" lat="1">
<core>AddSub</core>
<MemPortIdVec></MemPortIdVec>
<condition id="0">
<or_exp><and_exp><literal name="exitcond_flatten" val="0"/>
</and_exp></or_exp>
</condition>

<Node id="111" bw="14" op_0_bw="14" op_1_bw="14">
<![CDATA[
.reset:64  %tmp_61_i_i = sub i14 %p_neg_cast_i_i, %p_shl1_cast_i_i

]]></Node>
<StgValue><ssdm name="tmp_61_i_i"/></StgValue>
</operation>

<operation id="106" st_id="7" stage="1" lat="1">
<core>NULL</core>
<MemPortIdVec></MemPortIdVec>
<condition id="0">
<or_exp><and_exp><literal name="exitcond_flatten" val="0"/>
</and_exp></or_exp>
</condition>

<Node id="112" bw="16" op_0_bw="14">
<![CDATA[
.reset:65  %tmp_61_cast_i_i = sext i14 %tmp_61_i_i to i16

]]></Node>
<StgValue><ssdm name="tmp_61_cast_i_i"/></StgValue>
</operation>

<operation id="107" st_id="7" stage="1" lat="1">
<core>DSP48</core>
<MemPortIdVec></MemPortIdVec>
<condition id="0">
<or_exp><and_exp><literal name="exitcond_flatten" val="0"/>
</and_exp></or_exp>
</condition>

<Node id="113" bw="15" op_0_bw="15" op_1_bw="15">
<![CDATA[
.reset:66  %tmp_62_i_i = add i15 128, %tmp_59_i_i

]]></Node>
<StgValue><ssdm name="tmp_62_i_i"/></StgValue>
</operation>

<operation id="108" st_id="7" stage="1" lat="1">
<core>NULL</core>
<MemPortIdVec></MemPortIdVec>
<condition id="0">
<or_exp><and_exp><literal name="exitcond_flatten" val="0"/>
</and_exp></or_exp>
</condition>

<Node id="114" bw="16" op_0_bw="15">
<![CDATA[
.reset:67  %tmp_62_cast_i_i = zext i15 %tmp_62_i_i to i16

]]></Node>
<StgValue><ssdm name="tmp_62_cast_i_i"/></StgValue>
</operation>

<operation id="109" st_id="7" stage="1" lat="1">
<core>AddSub</core>
<MemPortIdVec></MemPortIdVec>
<condition id="0">
<or_exp><and_exp><literal name="exitcond_flatten" val="0"/>
</and_exp></or_exp>
</condition>

<Node id="115" bw="16" op_0_bw="16" op_1_bw="16">
<![CDATA[
.reset:68  %tmp4 = add i16 %tmp_62_cast_i_i, %tmp_61_cast_i_i

]]></Node>
<StgValue><ssdm name="tmp4"/></StgValue>
</operation>

<operation id="110" st_id="7" stage="1" lat="1">
<core>DSP48</core>
<MemPortIdVec></MemPortIdVec>
<condition id="0">
<or_exp><and_exp><literal name="exitcond_flatten" val="0"/>
</and_exp></or_exp>
</condition>

<Node id="116" bw="16" op_0_bw="16" op_1_bw="16">
<![CDATA[
.reset:69  %tmp_64_i_i = add i16 %tmp4, %tmp_60_i_i

]]></Node>
<StgValue><ssdm name="tmp_64_i_i"/></StgValue>
</operation>

<operation id="111" st_id="7" stage="1" lat="1">
<core>NULL</core>
<MemPortIdVec></MemPortIdVec>
<condition id="0">
<or_exp><and_exp><literal name="exitcond_flatten" val="0"/>
</and_exp></or_exp>
</condition>

<Node id="117" bw="8" op_0_bw="8" op_1_bw="16" op_2_bw="32" op_3_bw="32">
<![CDATA[
.reset:70  %tmp_66_i_i = call i8 @_ssdm_op_PartSelect.i8.i16.i32.i32(i16 %tmp_64_i_i, i32 8, i32 15)

]]></Node>
<StgValue><ssdm name="tmp_66_i_i"/></StgValue>
</operation>
</state>

<state id="8" st_id="8">

<operation id="112" st_id="8" stage="1" lat="1">
<core>NULL</core>
<MemPortIdVec></MemPortIdVec>
<condition id="0">
<or_exp><and_exp><literal name="exitcond_flatten" val="0"/>
</and_exp></or_exp>
</condition>

<Node id="48" bw="0" op_0_bw="0" op_1_bw="0">
<![CDATA[
.reset:1  call void (...)* @_ssdm_op_SpecLoopName([30 x i8]* @RGB2YUV_LOOP_X_RGB2Y)

]]></Node>
<StgValue><ssdm name=""/></StgValue>
</operation>

<operation id="113" st_id="8" stage="1" lat="1">
<core>NULL</core>
<MemPortIdVec></MemPortIdVec>
<condition id="0">
<or_exp><and_exp><literal name="exitcond_flatten" val="0"/>
</and_exp></or_exp>
</condition>

<Node id="49" bw="0" op_0_bw="0" op_1_bw="64" op_2_bw="64" op_3_bw="64">
<![CDATA[
.reset:2  call void (...)* @_ssdm_op_SpecLoopTripCount(i64 40000, i64 2457600, i64 784400)

]]></Node>
<StgValue><ssdm name=""/></StgValue>
</operation>

<operation id="114" st_id="8" stage="1" lat="1">
<core>NULL</core>
<MemPortIdVec></MemPortIdVec>
<condition id="0">
<or_exp><and_exp><literal name="exitcond_flatten" val="0"/>
</and_exp></or_exp>
</condition>

<Node id="58" bw="0" op_0_bw="0" op_1_bw="0">
<![CDATA[
.reset:11  call void (...)* @_ssdm_op_SpecLoopName([15 x i8]* @p_str2) nounwind

]]></Node>
<StgValue><ssdm name=""/></StgValue>
</operation>

<operation id="115" st_id="8" stage="1" lat="1">
<core>NULL</core>
<MemPortIdVec></MemPortIdVec>
<condition id="0">
<or_exp><and_exp><literal name="exitcond_flatten" val="0"/>
</and_exp></or_exp>
</condition>

<Node id="59" bw="32" op_0_bw="32" op_1_bw="0">
<![CDATA[
.reset:12  %tmp_69_i_i = call i32 (...)* @_ssdm_op_SpecRegionBegin([15 x i8]* @p_str2)

]]></Node>
<StgValue><ssdm name="tmp_69_i_i"/></StgValue>
</operation>

<operation id="116" st_id="8" stage="1" lat="1">
<core>NULL</core>
<MemPortIdVec></MemPortIdVec>
<condition id="0">
<or_exp><and_exp><literal name="exitcond_flatten" val="0"/>
</and_exp></or_exp>
</condition>

<Node id="60" bw="0" op_0_bw="0" op_1_bw="32" op_2_bw="32" op_3_bw="32" op_4_bw="32" op_5_bw="0">
<![CDATA[
.reset:13  call void (...)* @_ssdm_op_SpecPipeline(i32 -1, i32 1, i32 1, i32 0, [1 x i8]* @p_str) nounwind

]]></Node>
<StgValue><ssdm name=""/></StgValue>
</operation>

<operation id="117" st_id="8" stage="1" lat="1">
<core>AddSub</core>
<MemPortIdVec></MemPortIdVec>
<condition id="0">
<or_exp><and_exp><literal name="exitcond_flatten" val="0"/>
</and_exp></or_exp>
</condition>

<Node id="90" bw="8" op_0_bw="8" op_1_bw="8">
<![CDATA[
.reset:43  %Y = add i8 16, %tmp_50_i_i

]]></Node>
<StgValue><ssdm name="Y"/></StgValue>
</operation>

<operation id="118" st_id="8" stage="1" lat="1">
<core>LogicGate</core>
<MemPortIdVec></MemPortIdVec>
<condition id="0">
<or_exp><and_exp><literal name="exitcond_flatten" val="0"/>
</and_exp></or_exp>
</condition>

<Node id="104" bw="8" op_0_bw="8" op_1_bw="8">
<![CDATA[
.reset:57  %U = xor i8 %tmp_58_i_i, -128

]]></Node>
<StgValue><ssdm name="U"/></StgValue>
</operation>

<operation id="119" st_id="8" stage="1" lat="1">
<core>LogicGate</core>
<MemPortIdVec></MemPortIdVec>
<condition id="0">
<or_exp><and_exp><literal name="exitcond_flatten" val="0"/>
</and_exp></or_exp>
</condition>

<Node id="118" bw="8" op_0_bw="8" op_1_bw="8">
<![CDATA[
.reset:71  %V = xor i8 %tmp_66_i_i, -128

]]></Node>
<StgValue><ssdm name="V"/></StgValue>
</operation>

<operation id="120" st_id="8" stage="1" lat="1">
<core>FIFO</core>
<MemPortIdVec></MemPortIdVec>
<condition id="0">
<or_exp><and_exp><literal name="exitcond_flatten" val="0"/>
</and_exp></or_exp>
</condition>

<Node id="119" bw="0" op_0_bw="0" op_1_bw="8" op_2_bw="8">
<![CDATA[
.reset:72  call void @_ssdm_op_Write.ap_fifo.volatile.i8P(i8* %out_channels_ch1, i8 %Y)

]]></Node>
<StgValue><ssdm name=""/></StgValue>
</operation>

<operation id="121" st_id="8" stage="1" lat="1">
<core>FIFO</core>
<MemPortIdVec></MemPortIdVec>
<condition id="0">
<or_exp><and_exp><literal name="exitcond_flatten" val="0"/>
</and_exp></or_exp>
</condition>

<Node id="120" bw="0" op_0_bw="0" op_1_bw="8" op_2_bw="8">
<![CDATA[
.reset:73  call void @_ssdm_op_Write.ap_fifo.volatile.i8P(i8* %out_channels_ch2, i8 %U)

]]></Node>
<StgValue><ssdm name=""/></StgValue>
</operation>

<operation id="122" st_id="8" stage="1" lat="1">
<core>FIFO</core>
<MemPortIdVec></MemPortIdVec>
<condition id="0">
<or_exp><and_exp><literal name="exitcond_flatten" val="0"/>
</and_exp></or_exp>
</condition>

<Node id="121" bw="0" op_0_bw="0" op_1_bw="8" op_2_bw="8">
<![CDATA[
.reset:74  call void @_ssdm_op_Write.ap_fifo.volatile.i8P(i8* %out_channels_ch3, i8 %V)

]]></Node>
<StgValue><ssdm name=""/></StgValue>
</operation>

<operation id="123" st_id="8" stage="1" lat="1">
<core>NULL</core>
<MemPortIdVec></MemPortIdVec>
<condition id="0">
<or_exp><and_exp><literal name="exitcond_flatten" val="0"/>
</and_exp></or_exp>
</condition>

<Node id="122" bw="32" op_0_bw="32" op_1_bw="0" op_2_bw="32">
<![CDATA[
.reset:75  %empty_79 = call i32 (...)* @_ssdm_op_SpecRegionEnd([15 x i8]* @p_str2, i32 %tmp_69_i_i)

]]></Node>
<StgValue><ssdm name="empty_79"/></StgValue>
</operation>

<operation id="124" st_id="8" stage="1" lat="1">
<core>NULL</core>
<MemPortIdVec></MemPortIdVec>
<condition id="0">
<or_exp><and_exp><literal name="exitcond_flatten" val="0"/>
</and_exp></or_exp>
</condition>

<Node id="124" bw="0" op_0_bw="0">
<![CDATA[
.reset:77  br label %0

]]></Node>
<StgValue><ssdm name=""/></StgValue>
</operation>
</state>

<state id="9" st_id="9">

<operation id="125" st_id="9" stage="1" lat="1">
<core>NULL</core>
<MemPortIdVec></MemPortIdVec>
<condition id="21">
<or_exp><and_exp></and_exp></or_exp>
</condition>

<Node id="126" bw="0">
<![CDATA[
.exit:0  ret void

]]></Node>
<StgValue><ssdm name=""/></StgValue>
</operation>
</state>
</state_list>


<ports>
<port id="145" name="in_channels_ch1" dir="0" iftype="1">
<core>RAM</core><StgValue><ssdm name="in_channels_ch1"/><MemPortTyVec>1 3 </MemPortTyVec>
</StgValue>
</port>
<port id="146" name="in_channels_ch2" dir="0" iftype="1">
<core>RAM</core><StgValue><ssdm name="in_channels_ch2"/><MemPortTyVec>1 3 </MemPortTyVec>
</StgValue>
</port>
<port id="147" name="in_channels_ch3" dir="0" iftype="1">
<core>RAM</core><StgValue><ssdm name="in_channels_ch3"/><MemPortTyVec>1 3 </MemPortTyVec>
</StgValue>
</port>
<port id="148" name="in_width" dir="0" iftype="0">
<core>NULL</core><StgValue><ssdm name="in_width"/></StgValue>
</port>
<port id="149" name="in_height" dir="0" iftype="0">
<core>NULL</core><StgValue><ssdm name="in_height"/></StgValue>
</port>
<port id="150" name="out_channels_ch1" dir="1" iftype="3">
<core>FIFO</core><StgValue><ssdm name="out_channels_ch1"/></StgValue>
</port>
<port id="151" name="out_channels_ch2" dir="1" iftype="3">
<core>FIFO</core><StgValue><ssdm name="out_channels_ch2"/></StgValue>
</port>
<port id="152" name="out_channels_ch3" dir="1" iftype="3">
<core>FIFO</core><StgValue><ssdm name="out_channels_ch3"/></StgValue>
</port>
<port id="153" name="out_width" dir="1" iftype="3">
<core>FIFO</core><StgValue><ssdm name="out_width"/></StgValue>
</port>
<port id="154" name="out_height" dir="1" iftype="3">
<core>FIFO</core><StgValue><ssdm name="out_height"/></StgValue>
</port>
<port id="155" name="Y_scale" dir="0" iftype="0">
<core>NULL</core><StgValue><ssdm name="Y_scale"/></StgValue>
</port>
<port id="156" name="U_scale" dir="0" iftype="0">
<core>NULL</core><StgValue><ssdm name="U_scale"/></StgValue>
</port>
<port id="157" name="V_scale" dir="0" iftype="0">
<core>NULL</core><StgValue><ssdm name="V_scale"/></StgValue>
</port>
<port id="158" name="Y_scale_out" dir="1" iftype="3">
<core>FIFO</core><StgValue><ssdm name="Y_scale_out"/></StgValue>
</port>
<port id="159" name="U_scale_out" dir="1" iftype="3">
<core>FIFO</core><StgValue><ssdm name="U_scale_out"/></StgValue>
</port>
<port id="160" name="V_scale_out" dir="1" iftype="3">
<core>FIFO</core><StgValue><ssdm name="V_scale_out"/></StgValue>
</port>
</ports>


<dataflows>
<dataflow id="162" from="_ssdm_op_SpecInterface" to="empty" fromId="161" toId="10">
</dataflow>
<dataflow id="163" from="out_height" to="empty" fromId="154" toId="10">
</dataflow>
<dataflow id="165" from="ap_fifo_str" to="empty" fromId="164" toId="10">
</dataflow>
<dataflow id="167" from="StgValue_166" to="empty" fromId="166" toId="10">
</dataflow>
<dataflow id="168" from="StgValue_166" to="empty" fromId="166" toId="10">
</dataflow>
<dataflow id="170" from="p_str" to="empty" fromId="169" toId="10">
</dataflow>
<dataflow id="171" from="StgValue_166" to="empty" fromId="166" toId="10">
</dataflow>
<dataflow id="172" from="StgValue_166" to="empty" fromId="166" toId="10">
</dataflow>
<dataflow id="173" from="p_str" to="empty" fromId="169" toId="10">
</dataflow>
<dataflow id="174" from="p_str" to="empty" fromId="169" toId="10">
</dataflow>
<dataflow id="175" from="p_str" to="empty" fromId="169" toId="10">
</dataflow>
<dataflow id="177" from="StgValue_176" to="empty" fromId="176" toId="10">
</dataflow>
<dataflow id="178" from="StgValue_176" to="empty" fromId="176" toId="10">
</dataflow>
<dataflow id="180" from="StgValue_179" to="empty" fromId="179" toId="10">
</dataflow>
<dataflow id="181" from="StgValue_179" to="empty" fromId="179" toId="10">
</dataflow>
<dataflow id="182" from="p_str" to="empty" fromId="169" toId="10">
</dataflow>
<dataflow id="183" from="p_str" to="empty" fromId="169" toId="10">
</dataflow>
<dataflow id="184" from="_ssdm_op_SpecInterface" to="empty_72" fromId="161" toId="11">
</dataflow>
<dataflow id="185" from="out_width" to="empty_72" fromId="153" toId="11">
</dataflow>
<dataflow id="186" from="ap_fifo_str" to="empty_72" fromId="164" toId="11">
</dataflow>
<dataflow id="187" from="StgValue_166" to="empty_72" fromId="166" toId="11">
</dataflow>
<dataflow id="188" from="StgValue_166" to="empty_72" fromId="166" toId="11">
</dataflow>
<dataflow id="189" from="p_str" to="empty_72" fromId="169" toId="11">
</dataflow>
<dataflow id="190" from="StgValue_166" to="empty_72" fromId="166" toId="11">
</dataflow>
<dataflow id="191" from="StgValue_166" to="empty_72" fromId="166" toId="11">
</dataflow>
<dataflow id="192" from="p_str" to="empty_72" fromId="169" toId="11">
</dataflow>
<dataflow id="193" from="p_str" to="empty_72" fromId="169" toId="11">
</dataflow>
<dataflow id="194" from="p_str" to="empty_72" fromId="169" toId="11">
</dataflow>
<dataflow id="195" from="StgValue_176" to="empty_72" fromId="176" toId="11">
</dataflow>
<dataflow id="196" from="StgValue_176" to="empty_72" fromId="176" toId="11">
</dataflow>
<dataflow id="197" from="StgValue_179" to="empty_72" fromId="179" toId="11">
</dataflow>
<dataflow id="198" from="StgValue_179" to="empty_72" fromId="179" toId="11">
</dataflow>
<dataflow id="199" from="p_str" to="empty_72" fromId="169" toId="11">
</dataflow>
<dataflow id="200" from="p_str" to="empty_72" fromId="169" toId="11">
</dataflow>
<dataflow id="201" from="_ssdm_op_SpecInterface" to="empty_73" fromId="161" toId="12">
</dataflow>
<dataflow id="202" from="out_channels_ch3" to="empty_73" fromId="152" toId="12">
</dataflow>
<dataflow id="203" from="ap_fifo_str" to="empty_73" fromId="164" toId="12">
</dataflow>
<dataflow id="204" from="StgValue_166" to="empty_73" fromId="166" toId="12">
</dataflow>
<dataflow id="205" from="StgValue_166" to="empty_73" fromId="166" toId="12">
</dataflow>
<dataflow id="206" from="p_str" to="empty_73" fromId="169" toId="12">
</dataflow>
<dataflow id="207" from="StgValue_166" to="empty_73" fromId="166" toId="12">
</dataflow>
<dataflow id="208" from="StgValue_166" to="empty_73" fromId="166" toId="12">
</dataflow>
<dataflow id="209" from="p_str" to="empty_73" fromId="169" toId="12">
</dataflow>
<dataflow id="210" from="p_str" to="empty_73" fromId="169" toId="12">
</dataflow>
<dataflow id="211" from="p_str" to="empty_73" fromId="169" toId="12">
</dataflow>
<dataflow id="212" from="StgValue_176" to="empty_73" fromId="176" toId="12">
</dataflow>
<dataflow id="213" from="StgValue_176" to="empty_73" fromId="176" toId="12">
</dataflow>
<dataflow id="214" from="StgValue_179" to="empty_73" fromId="179" toId="12">
</dataflow>
<dataflow id="215" from="StgValue_179" to="empty_73" fromId="179" toId="12">
</dataflow>
<dataflow id="216" from="p_str" to="empty_73" fromId="169" toId="12">
</dataflow>
<dataflow id="217" from="p_str" to="empty_73" fromId="169" toId="12">
</dataflow>
<dataflow id="218" from="_ssdm_op_SpecInterface" to="empty_74" fromId="161" toId="13">
</dataflow>
<dataflow id="219" from="out_channels_ch2" to="empty_74" fromId="151" toId="13">
</dataflow>
<dataflow id="220" from="ap_fifo_str" to="empty_74" fromId="164" toId="13">
</dataflow>
<dataflow id="221" from="StgValue_166" to="empty_74" fromId="166" toId="13">
</dataflow>
<dataflow id="222" from="StgValue_166" to="empty_74" fromId="166" toId="13">
</dataflow>
<dataflow id="223" from="p_str" to="empty_74" fromId="169" toId="13">
</dataflow>
<dataflow id="224" from="StgValue_166" to="empty_74" fromId="166" toId="13">
</dataflow>
<dataflow id="225" from="StgValue_166" to="empty_74" fromId="166" toId="13">
</dataflow>
<dataflow id="226" from="p_str" to="empty_74" fromId="169" toId="13">
</dataflow>
<dataflow id="227" from="p_str" to="empty_74" fromId="169" toId="13">
</dataflow>
<dataflow id="228" from="p_str" to="empty_74" fromId="169" toId="13">
</dataflow>
<dataflow id="229" from="StgValue_176" to="empty_74" fromId="176" toId="13">
</dataflow>
<dataflow id="230" from="StgValue_176" to="empty_74" fromId="176" toId="13">
</dataflow>
<dataflow id="231" from="StgValue_179" to="empty_74" fromId="179" toId="13">
</dataflow>
<dataflow id="232" from="StgValue_179" to="empty_74" fromId="179" toId="13">
</dataflow>
<dataflow id="233" from="p_str" to="empty_74" fromId="169" toId="13">
</dataflow>
<dataflow id="234" from="p_str" to="empty_74" fromId="169" toId="13">
</dataflow>
<dataflow id="235" from="_ssdm_op_SpecInterface" to="empty_75" fromId="161" toId="14">
</dataflow>
<dataflow id="236" from="out_channels_ch1" to="empty_75" fromId="150" toId="14">
</dataflow>
<dataflow id="237" from="ap_fifo_str" to="empty_75" fromId="164" toId="14">
</dataflow>
<dataflow id="238" from="StgValue_166" to="empty_75" fromId="166" toId="14">
</dataflow>
<dataflow id="239" from="StgValue_166" to="empty_75" fromId="166" toId="14">
</dataflow>
<dataflow id="240" from="p_str" to="empty_75" fromId="169" toId="14">
</dataflow>
<dataflow id="241" from="StgValue_166" to="empty_75" fromId="166" toId="14">
</dataflow>
<dataflow id="242" from="StgValue_166" to="empty_75" fromId="166" toId="14">
</dataflow>
<dataflow id="243" from="p_str" to="empty_75" fromId="169" toId="14">
</dataflow>
<dataflow id="244" from="p_str" to="empty_75" fromId="169" toId="14">
</dataflow>
<dataflow id="245" from="p_str" to="empty_75" fromId="169" toId="14">
</dataflow>
<dataflow id="246" from="StgValue_176" to="empty_75" fromId="176" toId="14">
</dataflow>
<dataflow id="247" from="StgValue_176" to="empty_75" fromId="176" toId="14">
</dataflow>
<dataflow id="248" from="StgValue_179" to="empty_75" fromId="179" toId="14">
</dataflow>
<dataflow id="249" from="StgValue_179" to="empty_75" fromId="179" toId="14">
</dataflow>
<dataflow id="250" from="p_str" to="empty_75" fromId="169" toId="14">
</dataflow>
<dataflow id="251" from="p_str" to="empty_75" fromId="169" toId="14">
</dataflow>
<dataflow id="252" from="_ssdm_op_SpecInterface" to="empty_76" fromId="161" toId="15">
</dataflow>
<dataflow id="253" from="Y_scale_out" to="empty_76" fromId="158" toId="15">
</dataflow>
<dataflow id="254" from="ap_fifo_str" to="empty_76" fromId="164" toId="15">
</dataflow>
<dataflow id="255" from="StgValue_166" to="empty_76" fromId="166" toId="15">
</dataflow>
<dataflow id="256" from="StgValue_166" to="empty_76" fromId="166" toId="15">
</dataflow>
<dataflow id="257" from="p_str" to="empty_76" fromId="169" toId="15">
</dataflow>
<dataflow id="258" from="StgValue_166" to="empty_76" fromId="166" toId="15">
</dataflow>
<dataflow id="259" from="StgValue_166" to="empty_76" fromId="166" toId="15">
</dataflow>
<dataflow id="260" from="p_str" to="empty_76" fromId="169" toId="15">
</dataflow>
<dataflow id="261" from="p_str" to="empty_76" fromId="169" toId="15">
</dataflow>
<dataflow id="262" from="p_str" to="empty_76" fromId="169" toId="15">
</dataflow>
<dataflow id="263" from="StgValue_176" to="empty_76" fromId="176" toId="15">
</dataflow>
<dataflow id="264" from="StgValue_176" to="empty_76" fromId="176" toId="15">
</dataflow>
<dataflow id="265" from="StgValue_179" to="empty_76" fromId="179" toId="15">
</dataflow>
<dataflow id="266" from="StgValue_179" to="empty_76" fromId="179" toId="15">
</dataflow>
<dataflow id="267" from="p_str" to="empty_76" fromId="169" toId="15">
</dataflow>
<dataflow id="268" from="p_str" to="empty_76" fromId="169" toId="15">
</dataflow>
<dataflow id="270" from="_ssdm_op_Read.ap_auto.i8" to="V_scale_read" fromId="269" toId="16">
</dataflow>
<dataflow id="271" from="V_scale" to="V_scale_read" fromId="157" toId="16">
</dataflow>
<dataflow id="272" from="_ssdm_op_Read.ap_auto.i8" to="U_scale_read" fromId="269" toId="17">
</dataflow>
<dataflow id="273" from="U_scale" to="U_scale_read" fromId="156" toId="17">
</dataflow>
<dataflow id="274" from="_ssdm_op_Read.ap_auto.i8" to="Y_scale_read" fromId="269" toId="18">
</dataflow>
<dataflow id="275" from="Y_scale" to="Y_scale_read" fromId="155" toId="18">
</dataflow>
<dataflow id="277" from="_ssdm_op_Write.ap_fifo.i8P" to="StgValue_19" fromId="276" toId="19">
</dataflow>
<dataflow id="278" from="Y_scale_out" to="StgValue_19" fromId="158" toId="19">
</dataflow>
<dataflow id="279" from="Y_scale_read" to="StgValue_19" fromId="18" toId="19">
</dataflow>
<dataflow id="280" from="_ssdm_op_SpecInterface" to="empty_77" fromId="161" toId="20">
</dataflow>
<dataflow id="281" from="U_scale_out" to="empty_77" fromId="159" toId="20">
</dataflow>
<dataflow id="282" from="ap_fifo_str" to="empty_77" fromId="164" toId="20">
</dataflow>
<dataflow id="283" from="StgValue_166" to="empty_77" fromId="166" toId="20">
</dataflow>
<dataflow id="284" from="StgValue_166" to="empty_77" fromId="166" toId="20">
</dataflow>
<dataflow id="285" from="p_str" to="empty_77" fromId="169" toId="20">
</dataflow>
<dataflow id="286" from="StgValue_166" to="empty_77" fromId="166" toId="20">
</dataflow>
<dataflow id="287" from="StgValue_166" to="empty_77" fromId="166" toId="20">
</dataflow>
<dataflow id="288" from="p_str" to="empty_77" fromId="169" toId="20">
</dataflow>
<dataflow id="289" from="p_str" to="empty_77" fromId="169" toId="20">
</dataflow>
<dataflow id="290" from="p_str" to="empty_77" fromId="169" toId="20">
</dataflow>
<dataflow id="291" from="StgValue_176" to="empty_77" fromId="176" toId="20">
</dataflow>
<dataflow id="292" from="StgValue_176" to="empty_77" fromId="176" toId="20">
</dataflow>
<dataflow id="293" from="StgValue_179" to="empty_77" fromId="179" toId="20">
</dataflow>
<dataflow id="294" from="StgValue_179" to="empty_77" fromId="179" toId="20">
</dataflow>
<dataflow id="295" from="p_str" to="empty_77" fromId="169" toId="20">
</dataflow>
<dataflow id="296" from="p_str" to="empty_77" fromId="169" toId="20">
</dataflow>
<dataflow id="297" from="_ssdm_op_Write.ap_fifo.i8P" to="StgValue_21" fromId="276" toId="21">
</dataflow>
<dataflow id="298" from="U_scale_out" to="StgValue_21" fromId="159" toId="21">
</dataflow>
<dataflow id="299" from="U_scale_read" to="StgValue_21" fromId="17" toId="21">
</dataflow>
<dataflow id="300" from="_ssdm_op_SpecInterface" to="empty_78" fromId="161" toId="22">
</dataflow>
<dataflow id="301" from="V_scale_out" to="empty_78" fromId="160" toId="22">
</dataflow>
<dataflow id="302" from="ap_fifo_str" to="empty_78" fromId="164" toId="22">
</dataflow>
<dataflow id="303" from="StgValue_166" to="empty_78" fromId="166" toId="22">
</dataflow>
<dataflow id="304" from="StgValue_166" to="empty_78" fromId="166" toId="22">
</dataflow>
<dataflow id="305" from="p_str" to="empty_78" fromId="169" toId="22">
</dataflow>
<dataflow id="306" from="StgValue_166" to="empty_78" fromId="166" toId="22">
</dataflow>
<dataflow id="307" from="StgValue_166" to="empty_78" fromId="166" toId="22">
</dataflow>
<dataflow id="308" from="p_str" to="empty_78" fromId="169" toId="22">
</dataflow>
<dataflow id="309" from="p_str" to="empty_78" fromId="169" toId="22">
</dataflow>
<dataflow id="310" from="p_str" to="empty_78" fromId="169" toId="22">
</dataflow>
<dataflow id="311" from="StgValue_176" to="empty_78" fromId="176" toId="22">
</dataflow>
<dataflow id="312" from="StgValue_176" to="empty_78" fromId="176" toId="22">
</dataflow>
<dataflow id="313" from="StgValue_179" to="empty_78" fromId="179" toId="22">
</dataflow>
<dataflow id="314" from="StgValue_179" to="empty_78" fromId="179" toId="22">
</dataflow>
<dataflow id="315" from="p_str" to="empty_78" fromId="169" toId="22">
</dataflow>
<dataflow id="316" from="p_str" to="empty_78" fromId="169" toId="22">
</dataflow>
<dataflow id="317" from="_ssdm_op_Write.ap_fifo.i8P" to="StgValue_23" fromId="276" toId="23">
</dataflow>
<dataflow id="318" from="V_scale_out" to="StgValue_23" fromId="160" toId="23">
</dataflow>
<dataflow id="319" from="V_scale_read" to="StgValue_23" fromId="16" toId="23">
</dataflow>
<dataflow id="321" from="_ssdm_op_Read.ap_auto.i16P" to="width" fromId="320" toId="24">
</dataflow>
<dataflow id="322" from="in_width" to="width" fromId="148" toId="24">
</dataflow>
<dataflow id="323" from="_ssdm_op_Read.ap_auto.i16P" to="height" fromId="320" toId="25">
</dataflow>
<dataflow id="324" from="in_height" to="height" fromId="149" toId="25">
</dataflow>
<dataflow id="326" from="_ssdm_op_Write.ap_fifo.i16P" to="StgValue_26" fromId="325" toId="26">
</dataflow>
<dataflow id="327" from="out_width" to="StgValue_26" fromId="153" toId="26">
</dataflow>
<dataflow id="328" from="width" to="StgValue_26" fromId="24" toId="26">
</dataflow>
<dataflow id="329" from="_ssdm_op_Write.ap_fifo.i16P" to="StgValue_27" fromId="325" toId="27">
</dataflow>
<dataflow id="330" from="out_height" to="StgValue_27" fromId="154" toId="27">
</dataflow>
<dataflow id="331" from="height" to="StgValue_27" fromId="25" toId="27">
</dataflow>
<dataflow id="332" from="width" to="cast" fromId="24" toId="28">
</dataflow>
<dataflow id="333" from="height" to="cast1" fromId="25" toId="29">
</dataflow>
<dataflow id="334" from="cast1" to="bound" fromId="29" toId="30">
</dataflow>
<dataflow id="335" from="cast" to="bound" fromId="28" toId="30">
</dataflow>
<dataflow id="336" from="StgValue_166" to="indvar_flatten" fromId="166" toId="32">
<condition id="61">
<or_exp><and_exp></and_exp></or_exp>
</condition>
</dataflow>
<dataflow id="337" from="StgValue_31" to="indvar_flatten" fromId="31" toId="32">
</dataflow>
<dataflow id="338" from="indvar_flatten_next" to="indvar_flatten" fromId="36" toId="32">
<BackEdge/>
<condition id="62">
<or_exp><and_exp><literal name="exitcond_flatten" val="0"/>
</and_exp></or_exp>
</condition>
</dataflow>
<dataflow id="339" from="StgValue_124" to="indvar_flatten" fromId="124" toId="32">
<BackEdge/>
</dataflow>
<dataflow id="341" from="StgValue_340" to="x_i_i" fromId="340" toId="33">
<condition id="63">
<or_exp><and_exp></and_exp></or_exp>
</condition>
</dataflow>
<dataflow id="342" from="StgValue_31" to="x_i_i" fromId="31" toId="33">
</dataflow>
<dataflow id="343" from="tmp_i_i_mid2_v" to="x_i_i" fromId="41" toId="33">
<BackEdge/>
<condition id="64">
<or_exp><and_exp><literal name="exitcond_flatten" val="0"/>
</and_exp></or_exp>
</condition>
</dataflow>
<dataflow id="344" from="StgValue_124" to="x_i_i" fromId="124" toId="33">
<BackEdge/>
</dataflow>
<dataflow id="345" from="StgValue_340" to="y_i_i" fromId="340" toId="34">
<condition id="65">
<or_exp><and_exp></and_exp></or_exp>
</condition>
</dataflow>
<dataflow id="346" from="StgValue_31" to="y_i_i" fromId="31" toId="34">
</dataflow>
<dataflow id="347" from="y" to="y_i_i" fromId="49" toId="34">
<BackEdge/>
<condition id="66">
<or_exp><and_exp><literal name="exitcond_flatten" val="0"/>
</and_exp></or_exp>
</condition>
</dataflow>
<dataflow id="348" from="StgValue_124" to="y_i_i" fromId="124" toId="34">
<BackEdge/>
</dataflow>
<dataflow id="349" from="indvar_flatten" to="exitcond_flatten" fromId="32" toId="35">
</dataflow>
<dataflow id="350" from="bound" to="exitcond_flatten" fromId="30" toId="35">
</dataflow>
<dataflow id="351" from="indvar_flatten" to="indvar_flatten_next" fromId="32" toId="36">
</dataflow>
<dataflow id="353" from="StgValue_352" to="indvar_flatten_next" fromId="352" toId="36">
</dataflow>
<dataflow id="354" from="exitcond_flatten" to="StgValue_37" fromId="35" toId="37">
</dataflow>
<dataflow id="356" from="StgValue_355" to="x" fromId="355" toId="38">
</dataflow>
<dataflow id="357" from="x_i_i" to="x" fromId="33" toId="38">
</dataflow>
<dataflow id="358" from="y_i_i" to="exitcond_i_i" fromId="34" toId="39">
</dataflow>
<dataflow id="359" from="height" to="exitcond_i_i" fromId="25" toId="39">
</dataflow>
<dataflow id="360" from="exitcond_i_i" to="y_i_i_mid2" fromId="39" toId="40">
</dataflow>
<dataflow id="361" from="StgValue_340" to="y_i_i_mid2" fromId="340" toId="40">
</dataflow>
<dataflow id="362" from="y_i_i" to="y_i_i_mid2" fromId="34" toId="40">
</dataflow>
<dataflow id="363" from="exitcond_i_i" to="tmp_i_i_mid2_v" fromId="39" toId="41">
</dataflow>
<dataflow id="364" from="x" to="tmp_i_i_mid2_v" fromId="38" toId="41">
</dataflow>
<dataflow id="365" from="x_i_i" to="tmp_i_i_mid2_v" fromId="33" toId="41">
</dataflow>
<dataflow id="366" from="tmp_i_i_mid2_v" to="tmp_22" fromId="41" toId="42">
</dataflow>
<dataflow id="368" from="_ssdm_op_BitConcatenate.i23.i13.i10" to="p_shl_cast" fromId="367" toId="43">
</dataflow>
<dataflow id="369" from="tmp_22" to="p_shl_cast" fromId="42" toId="43">
</dataflow>
<dataflow id="371" from="StgValue_370" to="p_shl_cast" fromId="370" toId="43">
</dataflow>
<dataflow id="372" from="tmp_i_i_mid2_v" to="tmp_23" fromId="41" toId="44">
</dataflow>
<dataflow id="374" from="_ssdm_op_BitConcatenate.i23.i15.i8" to="p_shl1_cast" fromId="373" toId="45">
</dataflow>
<dataflow id="375" from="tmp_23" to="p_shl1_cast" fromId="44" toId="45">
</dataflow>
<dataflow id="377" from="StgValue_376" to="p_shl1_cast" fromId="376" toId="45">
</dataflow>
<dataflow id="378" from="p_shl_cast" to="tmp_s" fromId="43" toId="46">
</dataflow>
<dataflow id="379" from="p_shl1_cast" to="tmp_s" fromId="45" toId="46">
</dataflow>
<dataflow id="380" from="y_i_i_mid2" to="tmp_i_i_cast" fromId="40" toId="47">
</dataflow>
<dataflow id="381" from="tmp_i_i_cast" to="tmp_24" fromId="47" toId="48">
</dataflow>
<dataflow id="382" from="tmp_s" to="tmp_24" fromId="46" toId="48">
</dataflow>
<dataflow id="383" from="StgValue_355" to="y" fromId="355" toId="49">
</dataflow>
<dataflow id="384" from="y_i_i_mid2" to="y" fromId="40" toId="49">
</dataflow>
<dataflow id="385" from="tmp_24" to="tmp_26_cast" fromId="48" toId="50">
</dataflow>
<dataflow id="386" from="in_channels_ch1" to="in_channels_ch1_addr" fromId="145" toId="51">
</dataflow>
<dataflow id="387" from="StgValue_166" to="in_channels_ch1_addr" fromId="166" toId="51">
</dataflow>
<dataflow id="388" from="tmp_26_cast" to="in_channels_ch1_addr" fromId="50" toId="51">
</dataflow>
<dataflow id="389" from="in_channels_ch2" to="in_channels_ch2_addr" fromId="146" toId="52">
</dataflow>
<dataflow id="390" from="StgValue_166" to="in_channels_ch2_addr" fromId="166" toId="52">
</dataflow>
<dataflow id="391" from="tmp_26_cast" to="in_channels_ch2_addr" fromId="50" toId="52">
</dataflow>
<dataflow id="392" from="in_channels_ch3" to="in_channels_ch3_addr" fromId="147" toId="53">
</dataflow>
<dataflow id="393" from="StgValue_166" to="in_channels_ch3_addr" fromId="166" toId="53">
</dataflow>
<dataflow id="394" from="tmp_26_cast" to="in_channels_ch3_addr" fromId="50" toId="53">
</dataflow>
<dataflow id="395" from="in_channels_ch1_addr" to="R" fromId="51" toId="54">
</dataflow>
<dataflow id="396" from="in_channels_ch2_addr" to="G" fromId="52" toId="55">
</dataflow>
<dataflow id="397" from="in_channels_ch3_addr" to="B" fromId="53" toId="56">
</dataflow>
<dataflow id="398" from="in_channels_ch1_addr" to="R" fromId="51" toId="57">
</dataflow>
<dataflow id="399" from="in_channels_ch2_addr" to="G" fromId="52" toId="58">
</dataflow>
<dataflow id="400" from="in_channels_ch3_addr" to="B" fromId="53" toId="59">
</dataflow>
<dataflow id="401" from="in_channels_ch1_addr" to="R" fromId="51" toId="60">
</dataflow>
<dataflow id="402" from="in_channels_ch2_addr" to="G" fromId="52" toId="61">
</dataflow>
<dataflow id="403" from="in_channels_ch3_addr" to="B" fromId="53" toId="62">
</dataflow>
<dataflow id="404" from="in_channels_ch1_addr" to="R" fromId="51" toId="63">
</dataflow>
<dataflow id="405" from="in_channels_ch2_addr" to="G" fromId="52" toId="64">
</dataflow>
<dataflow id="406" from="in_channels_ch3_addr" to="B" fromId="53" toId="65">
</dataflow>
<dataflow id="408" from="_ssdm_op_BitConcatenate.i12.i8.i4" to="p_shl3_i_i" fromId="407" toId="66">
</dataflow>
<dataflow id="409" from="B" to="p_shl3_i_i" fromId="65" toId="66">
</dataflow>
<dataflow id="411" from="StgValue_410" to="p_shl3_i_i" fromId="410" toId="66">
</dataflow>
<dataflow id="412" from="p_shl3_i_i" to="p_shl3_cast7_i_i" fromId="66" toId="67">
</dataflow>
<dataflow id="414" from="StgValue_413" to="p_neg_i_i" fromId="413" toId="68">
</dataflow>
<dataflow id="415" from="p_shl3_cast7_i_i" to="p_neg_i_i" fromId="67" toId="68">
</dataflow>
<dataflow id="416" from="R" to="tmp_40_cast14_i_i" fromId="63" toId="69">
</dataflow>
<dataflow id="418" from="_ssdm_op_BitConcatenate.i14.i8.i6" to="p_shl5_i_i" fromId="417" toId="70">
</dataflow>
<dataflow id="419" from="R" to="p_shl5_i_i" fromId="63" toId="70">
</dataflow>
<dataflow id="421" from="StgValue_420" to="p_shl5_i_i" fromId="420" toId="70">
</dataflow>
<dataflow id="422" from="p_shl5_i_i" to="p_shl5_cast_i_i" fromId="70" toId="71">
</dataflow>
<dataflow id="424" from="_ssdm_op_BitConcatenate.i9.i8.i1" to="p_shl6_i_i" fromId="423" toId="72">
</dataflow>
<dataflow id="425" from="R" to="p_shl6_i_i" fromId="63" toId="72">
</dataflow>
<dataflow id="427" from="StgValue_426" to="p_shl6_i_i" fromId="426" toId="72">
</dataflow>
<dataflow id="428" from="p_shl6_i_i" to="p_shl6_cast_i_i_cast" fromId="72" toId="73">
</dataflow>
<dataflow id="429" from="G" to="tmp_42_cast11_i_i" fromId="64" toId="74">
</dataflow>
<dataflow id="430" from="G" to="tmp_42_cast11_i_i_ca" fromId="64" toId="75">
</dataflow>
<dataflow id="432" from="_ssdm_op_BitConcatenate.i15.i8.i7" to="p_shl4_i_i" fromId="431" toId="76">
</dataflow>
<dataflow id="433" from="G" to="p_shl4_i_i" fromId="64" toId="76">
</dataflow>
<dataflow id="435" from="StgValue_434" to="p_shl4_i_i" fromId="434" toId="76">
</dataflow>
<dataflow id="436" from="p_shl4_i_i" to="p_shl4_cast_i_i" fromId="76" toId="77">
</dataflow>
<dataflow id="437" from="B" to="tmp_44_cast10_i_i" fromId="65" toId="78">
</dataflow>
<dataflow id="439" from="StgValue_438" to="tmp_45_i_i" fromId="438" toId="79">
</dataflow>
<dataflow id="440" from="tmp_44_cast10_i_i" to="tmp_45_i_i" fromId="78" toId="79">
</dataflow>
<dataflow id="442" from="StgValue_441" to="tmp" fromId="441" toId="80">
</dataflow>
<dataflow id="443" from="p_shl6_cast_i_i_cast" to="tmp" fromId="73" toId="80">
</dataflow>
<dataflow id="444" from="tmp" to="tmp_cast" fromId="80" toId="81">
</dataflow>
<dataflow id="445" from="tmp_cast" to="tmp_46_i_i" fromId="81" toId="82">
</dataflow>
<dataflow id="446" from="p_shl5_cast_i_i" to="tmp_46_i_i" fromId="71" toId="82">
</dataflow>
<dataflow id="447" from="tmp_46_i_i" to="tmp_46_cast_i_i" fromId="82" toId="83">
</dataflow>
<dataflow id="448" from="p_shl4_cast_i_i" to="tmp1" fromId="77" toId="84">
</dataflow>
<dataflow id="449" from="tmp_46_cast_i_i" to="tmp1" fromId="83" toId="84">
</dataflow>
<dataflow id="450" from="tmp_45_i_i" to="tmp2" fromId="79" toId="85">
</dataflow>
<dataflow id="451" from="tmp_42_cast11_i_i_ca" to="tmp2" fromId="75" toId="85">
</dataflow>
<dataflow id="452" from="tmp2" to="tmp2_cast" fromId="85" toId="86">
</dataflow>
<dataflow id="453" from="tmp2_cast" to="tmp_48_i_i" fromId="86" toId="87">
</dataflow>
<dataflow id="454" from="tmp1" to="tmp_48_i_i" fromId="84" toId="87">
</dataflow>
<dataflow id="456" from="_ssdm_op_PartSelect.i8.i16.i32.i32" to="tmp_50_i_i" fromId="455" toId="88">
</dataflow>
<dataflow id="457" from="tmp_48_i_i" to="tmp_50_i_i" fromId="87" toId="88">
</dataflow>
<dataflow id="459" from="StgValue_458" to="tmp_50_i_i" fromId="458" toId="88">
</dataflow>
<dataflow id="461" from="StgValue_460" to="tmp_50_i_i" fromId="460" toId="88">
</dataflow>
<dataflow id="463" from="StgValue_462" to="tmp_51_i_i" fromId="462" toId="89">
</dataflow>
<dataflow id="464" from="tmp_40_cast14_i_i" to="tmp_51_i_i" fromId="69" toId="89">
</dataflow>
<dataflow id="466" from="StgValue_465" to="tmp_52_i_i" fromId="465" toId="90">
</dataflow>
<dataflow id="467" from="tmp_42_cast11_i_i" to="tmp_52_i_i" fromId="74" toId="90">
</dataflow>
<dataflow id="468" from="_ssdm_op_BitConcatenate.i15.i8.i7" to="p_shl2_i_i" fromId="431" toId="91">
</dataflow>
<dataflow id="469" from="B" to="p_shl2_i_i" fromId="65" toId="91">
</dataflow>
<dataflow id="470" from="StgValue_434" to="p_shl2_i_i" fromId="434" toId="91">
</dataflow>
<dataflow id="471" from="p_shl2_i_i" to="p_shl2_cast_i_i" fromId="91" toId="92">
</dataflow>
<dataflow id="472" from="p_shl3_i_i" to="p_shl3_cast_i_i" fromId="66" toId="93">
</dataflow>
<dataflow id="473" from="p_shl2_cast_i_i" to="tmp_53_i_i" fromId="92" toId="94">
</dataflow>
<dataflow id="474" from="p_shl3_cast_i_i" to="tmp_53_i_i" fromId="93" toId="94">
</dataflow>
<dataflow id="476" from="StgValue_475" to="tmp_54_i_i" fromId="475" toId="95">
</dataflow>
<dataflow id="477" from="tmp_51_i_i" to="tmp_54_i_i" fromId="89" toId="95">
</dataflow>
<dataflow id="478" from="tmp_54_i_i" to="tmp_54_cast_i_i" fromId="95" toId="96">
</dataflow>
<dataflow id="479" from="tmp_53_i_i" to="tmp3" fromId="94" toId="97">
</dataflow>
<dataflow id="480" from="tmp_54_cast_i_i" to="tmp3" fromId="96" toId="97">
</dataflow>
<dataflow id="481" from="tmp3" to="tmp_56_i_i" fromId="97" toId="98">
</dataflow>
<dataflow id="482" from="tmp_52_i_i" to="tmp_56_i_i" fromId="90" toId="98">
</dataflow>
<dataflow id="483" from="_ssdm_op_PartSelect.i8.i16.i32.i32" to="tmp_58_i_i" fromId="455" toId="99">
</dataflow>
<dataflow id="484" from="tmp_56_i_i" to="tmp_58_i_i" fromId="98" toId="99">
</dataflow>
<dataflow id="485" from="StgValue_458" to="tmp_58_i_i" fromId="458" toId="99">
</dataflow>
<dataflow id="486" from="StgValue_460" to="tmp_58_i_i" fromId="460" toId="99">
</dataflow>
<dataflow id="488" from="StgValue_487" to="tmp_59_i_i" fromId="487" toId="100">
</dataflow>
<dataflow id="489" from="tmp_40_cast14_i_i" to="tmp_59_i_i" fromId="69" toId="100">
</dataflow>
<dataflow id="491" from="StgValue_490" to="tmp_60_i_i" fromId="490" toId="101">
</dataflow>
<dataflow id="492" from="tmp_42_cast11_i_i" to="tmp_60_i_i" fromId="74" toId="101">
</dataflow>
<dataflow id="493" from="p_neg_i_i" to="p_neg_cast_i_i" fromId="68" toId="102">
</dataflow>
<dataflow id="494" from="_ssdm_op_BitConcatenate.i9.i8.i1" to="p_shl1_i_i" fromId="423" toId="103">
</dataflow>
<dataflow id="495" from="B" to="p_shl1_i_i" fromId="65" toId="103">
</dataflow>
<dataflow id="496" from="StgValue_426" to="p_shl1_i_i" fromId="426" toId="103">
</dataflow>
<dataflow id="497" from="p_shl1_i_i" to="p_shl1_cast_i_i" fromId="103" toId="104">
</dataflow>
<dataflow id="498" from="p_neg_cast_i_i" to="tmp_61_i_i" fromId="102" toId="105">
</dataflow>
<dataflow id="499" from="p_shl1_cast_i_i" to="tmp_61_i_i" fromId="104" toId="105">
</dataflow>
<dataflow id="500" from="tmp_61_i_i" to="tmp_61_cast_i_i" fromId="105" toId="106">
</dataflow>
<dataflow id="501" from="StgValue_475" to="tmp_62_i_i" fromId="475" toId="107">
</dataflow>
<dataflow id="502" from="tmp_59_i_i" to="tmp_62_i_i" fromId="100" toId="107">
</dataflow>
<dataflow id="503" from="tmp_62_i_i" to="tmp_62_cast_i_i" fromId="107" toId="108">
</dataflow>
<dataflow id="504" from="tmp_62_cast_i_i" to="tmp4" fromId="108" toId="109">
</dataflow>
<dataflow id="505" from="tmp_61_cast_i_i" to="tmp4" fromId="106" toId="109">
</dataflow>
<dataflow id="506" from="tmp4" to="tmp_64_i_i" fromId="109" toId="110">
</dataflow>
<dataflow id="507" from="tmp_60_i_i" to="tmp_64_i_i" fromId="101" toId="110">
</dataflow>
<dataflow id="508" from="_ssdm_op_PartSelect.i8.i16.i32.i32" to="tmp_66_i_i" fromId="455" toId="111">
</dataflow>
<dataflow id="509" from="tmp_64_i_i" to="tmp_66_i_i" fromId="110" toId="111">
</dataflow>
<dataflow id="510" from="StgValue_458" to="tmp_66_i_i" fromId="458" toId="111">
</dataflow>
<dataflow id="511" from="StgValue_460" to="tmp_66_i_i" fromId="460" toId="111">
</dataflow>
<dataflow id="513" from="_ssdm_op_SpecLoopName" to="StgValue_112" fromId="512" toId="112">
</dataflow>
<dataflow id="515" from="RGB2YUV_LOOP_X_RGB2Y" to="StgValue_112" fromId="514" toId="112">
</dataflow>
<dataflow id="517" from="_ssdm_op_SpecLoopTripCount" to="StgValue_113" fromId="516" toId="113">
</dataflow>
<dataflow id="519" from="StgValue_518" to="StgValue_113" fromId="518" toId="113">
</dataflow>
<dataflow id="521" from="StgValue_520" to="StgValue_113" fromId="520" toId="113">
</dataflow>
<dataflow id="523" from="StgValue_522" to="StgValue_113" fromId="522" toId="113">
</dataflow>
<dataflow id="524" from="_ssdm_op_SpecLoopName" to="StgValue_114" fromId="512" toId="114">
</dataflow>
<dataflow id="526" from="p_str2" to="StgValue_114" fromId="525" toId="114">
</dataflow>
<dataflow id="528" from="_ssdm_op_SpecRegionBegin" to="tmp_69_i_i" fromId="527" toId="115">
</dataflow>
<dataflow id="529" from="p_str2" to="tmp_69_i_i" fromId="525" toId="115">
</dataflow>
<dataflow id="531" from="_ssdm_op_SpecPipeline" to="StgValue_116" fromId="530" toId="116">
</dataflow>
<dataflow id="533" from="StgValue_532" to="StgValue_116" fromId="532" toId="116">
</dataflow>
<dataflow id="534" from="StgValue_352" to="StgValue_116" fromId="352" toId="116">
</dataflow>
<dataflow id="535" from="StgValue_352" to="StgValue_116" fromId="352" toId="116">
</dataflow>
<dataflow id="536" from="StgValue_166" to="StgValue_116" fromId="166" toId="116">
</dataflow>
<dataflow id="537" from="p_str" to="StgValue_116" fromId="169" toId="116">
</dataflow>
<dataflow id="539" from="StgValue_538" to="Y" fromId="538" toId="117">
</dataflow>
<dataflow id="540" from="tmp_50_i_i" to="Y" fromId="88" toId="117">
</dataflow>
<dataflow id="541" from="tmp_58_i_i" to="U" fromId="99" toId="118">
</dataflow>
<dataflow id="543" from="StgValue_542" to="U" fromId="542" toId="118">
</dataflow>
<dataflow id="544" from="tmp_66_i_i" to="V" fromId="111" toId="119">
</dataflow>
<dataflow id="545" from="StgValue_542" to="V" fromId="542" toId="119">
</dataflow>
<dataflow id="547" from="_ssdm_op_Write.ap_fifo.volatile.i8P" to="StgValue_120" fromId="546" toId="120">
</dataflow>
<dataflow id="548" from="out_channels_ch1" to="StgValue_120" fromId="150" toId="120">
</dataflow>
<dataflow id="549" from="Y" to="StgValue_120" fromId="117" toId="120">
</dataflow>
<dataflow id="550" from="_ssdm_op_Write.ap_fifo.volatile.i8P" to="StgValue_121" fromId="546" toId="121">
</dataflow>
<dataflow id="551" from="out_channels_ch2" to="StgValue_121" fromId="151" toId="121">
</dataflow>
<dataflow id="552" from="U" to="StgValue_121" fromId="118" toId="121">
</dataflow>
<dataflow id="553" from="_ssdm_op_Write.ap_fifo.volatile.i8P" to="StgValue_122" fromId="546" toId="122">
</dataflow>
<dataflow id="554" from="out_channels_ch3" to="StgValue_122" fromId="152" toId="122">
</dataflow>
<dataflow id="555" from="V" to="StgValue_122" fromId="119" toId="122">
</dataflow>
<dataflow id="557" from="_ssdm_op_SpecRegionEnd" to="empty_79" fromId="556" toId="123">
</dataflow>
<dataflow id="558" from="p_str2" to="empty_79" fromId="525" toId="123">
</dataflow>
<dataflow id="559" from="tmp_69_i_i" to="empty_79" fromId="115" toId="123">
</dataflow>
<dataflow id="560" from="exitcond_flatten" to="StgValue_2" fromId="35" toId="2">
</dataflow>
<dataflow id="561" from="exitcond_flatten" to="StgValue_3" fromId="35" toId="3">
</dataflow>
<dataflow id="562" from="exitcond_flatten" to="StgValue_4" fromId="35" toId="4">
</dataflow>
<dataflow id="563" from="exitcond_flatten" to="StgValue_5" fromId="35" toId="5">
</dataflow>
<dataflow id="564" from="exitcond_flatten" to="StgValue_6" fromId="35" toId="6">
</dataflow>
<dataflow id="565" from="exitcond_flatten" to="StgValue_7" fromId="35" toId="7">
</dataflow>
<dataflow id="566" from="exitcond_flatten" to="StgValue_8" fromId="35" toId="8">
</dataflow>
</dataflows>


</stg>
