<stg><name>rgb2yuv11</name>


<trans_list>

<trans id="126" from="1" to="2">
<condition id="23">
<or_exp><and_exp></and_exp></or_exp>
</condition>
</trans>

<trans id="143" from="2" to="9">
<condition id="35">
<or_exp><and_exp><literal name="exitcond_flatten" val="1"/>
</and_exp></or_exp>
</condition>
</trans>

<trans id="144" from="2" to="3">
<condition id="42">
<or_exp><and_exp><literal name="exitcond_flatten" val="0"/>
</and_exp></or_exp>
</condition>
</trans>

<trans id="137" from="3" to="4">
<condition id="36">
<or_exp><and_exp></and_exp></or_exp>
</condition>
</trans>

<trans id="138" from="4" to="5">
<condition id="37">
<or_exp><and_exp></and_exp></or_exp>
</condition>
</trans>

<trans id="139" from="5" to="6">
<condition id="38">
<or_exp><and_exp></and_exp></or_exp>
</condition>
</trans>

<trans id="140" from="6" to="7">
<condition id="39">
<or_exp><and_exp></and_exp></or_exp>
</condition>
</trans>

<trans id="141" from="7" to="8">
<condition id="40">
<or_exp><and_exp></and_exp></or_exp>
</condition>
</trans>

<trans id="142" from="8" to="2">
<condition id="41">
<or_exp><and_exp></and_exp></or_exp>
</condition>
</trans>
</trans_list>



<state_list>

<state id="1" st_id="1">

<operation id="10" st_id="1" stage="1" lat="1">
<core>NULL</core>
<MemPortIdVec></MemPortIdVec>
<condition id="20">
<or_exp><and_exp></and_exp></or_exp>
</condition>

<Node id="17" bw="32" op_0_bw="32" op_1_bw="16" op_2_bw="0" op_3_bw="32" op_4_bw="32" op_5_bw="0" op_6_bw="32" op_7_bw="32" op_8_bw="0" op_9_bw="0" op_10_bw="0" op_11_bw="32" op_12_bw="32" op_13_bw="32" op_14_bw="32" op_15_bw="0" op_16_bw="0">
<![CDATA[
entry:0  %empty = call i32 (...)* @_ssdm_op_SpecInterface(i16* %out_height, [8 x i8]* @ap_fifo_str, i32 0, i32 0, [1 x i8]* @p_str, i32 0, i32 0, [1 x i8]* @p_str, [1 x i8]* @p_str, [1 x i8]* @p_str, i32 2, i32 2, i32 16, i32 16, [1 x i8]* @p_str, [1 x i8]* @p_str)

]]></Node>
<StgValue><ssdm name="empty"/></StgValue>
</operation>

<operation id="11" st_id="1" stage="1" lat="1">
<core>NULL</core>
<MemPortIdVec></MemPortIdVec>
<condition id="20">
<or_exp><and_exp></and_exp></or_exp>
</condition>

<Node id="18" bw="32" op_0_bw="32" op_1_bw="16" op_2_bw="0" op_3_bw="32" op_4_bw="32" op_5_bw="0" op_6_bw="32" op_7_bw="32" op_8_bw="0" op_9_bw="0" op_10_bw="0" op_11_bw="32" op_12_bw="32" op_13_bw="32" op_14_bw="32" op_15_bw="0" op_16_bw="0">
<![CDATA[
entry:1  %empty_72 = call i32 (...)* @_ssdm_op_SpecInterface(i16* %out_width, [8 x i8]* @ap_fifo_str, i32 0, i32 0, [1 x i8]* @p_str, i32 0, i32 0, [1 x i8]* @p_str, [1 x i8]* @p_str, [1 x i8]* @p_str, i32 2, i32 2, i32 16, i32 16, [1 x i8]* @p_str, [1 x i8]* @p_str)

]]></Node>
<StgValue><ssdm name="empty_72"/></StgValue>
</operation>

<operation id="12" st_id="1" stage="1" lat="1">
<core>NULL</core>
<MemPortIdVec></MemPortIdVec>
<condition id="20">
<or_exp><and_exp></and_exp></or_exp>
</condition>

<Node id="19" bw="32" op_0_bw="32" op_1_bw="8" op_2_bw="0" op_3_bw="32" op_4_bw="32" op_5_bw="0" op_6_bw="32" op_7_bw="32" op_8_bw="0" op_9_bw="0" op_10_bw="0" op_11_bw="32" op_12_bw="32" op_13_bw="32" op_14_bw="32" op_15_bw="0" op_16_bw="0">
<![CDATA[
entry:2  %empty_73 = call i32 (...)* @_ssdm_op_SpecInterface(i8* %out_channels_ch3, [8 x i8]* @ap_fifo_str, i32 0, i32 0, [1 x i8]* @p_str, i32 0, i32 0, [1 x i8]* @p_str, [1 x i8]* @p_str, [1 x i8]* @p_str, i32 2, i32 2, i32 16, i32 16, [1 x i8]* @p_str, [1 x i8]* @p_str)

]]></Node>
<StgValue><ssdm name="empty_73"/></StgValue>
</operation>

<operation id="13" st_id="1" stage="1" lat="1">
<core>NULL</core>
<MemPortIdVec></MemPortIdVec>
<condition id="20">
<or_exp><and_exp></and_exp></or_exp>
</condition>

<Node id="20" bw="32" op_0_bw="32" op_1_bw="8" op_2_bw="0" op_3_bw="32" op_4_bw="32" op_5_bw="0" op_6_bw="32" op_7_bw="32" op_8_bw="0" op_9_bw="0" op_10_bw="0" op_11_bw="32" op_12_bw="32" op_13_bw="32" op_14_bw="32" op_15_bw="0" op_16_bw="0">
<![CDATA[
entry:3  %empty_74 = call i32 (...)* @_ssdm_op_SpecInterface(i8* %out_channels_ch2, [8 x i8]* @ap_fifo_str, i32 0, i32 0, [1 x i8]* @p_str, i32 0, i32 0, [1 x i8]* @p_str, [1 x i8]* @p_str, [1 x i8]* @p_str, i32 2, i32 2, i32 16, i32 16, [1 x i8]* @p_str, [1 x i8]* @p_str)

]]></Node>
<StgValue><ssdm name="empty_74"/></StgValue>
</operation>

<operation id="14" st_id="1" stage="1" lat="1">
<core>NULL</core>
<MemPortIdVec></MemPortIdVec>
<condition id="20">
<or_exp><and_exp></and_exp></or_exp>
</condition>

<Node id="21" bw="32" op_0_bw="32" op_1_bw="8" op_2_bw="0" op_3_bw="32" op_4_bw="32" op_5_bw="0" op_6_bw="32" op_7_bw="32" op_8_bw="0" op_9_bw="0" op_10_bw="0" op_11_bw="32" op_12_bw="32" op_13_bw="32" op_14_bw="32" op_15_bw="0" op_16_bw="0">
<![CDATA[
entry:4  %empty_75 = call i32 (...)* @_ssdm_op_SpecInterface(i8* %out_channels_ch1, [8 x i8]* @ap_fifo_str, i32 0, i32 0, [1 x i8]* @p_str, i32 0, i32 0, [1 x i8]* @p_str, [1 x i8]* @p_str, [1 x i8]* @p_str, i32 2, i32 2, i32 16, i32 16, [1 x i8]* @p_str, [1 x i8]* @p_str)

]]></Node>
<StgValue><ssdm name="empty_75"/></StgValue>
</operation>

<operation id="15" st_id="1" stage="1" lat="1">
<core>NULL</core>
<MemPortIdVec></MemPortIdVec>
<condition id="20">
<or_exp><and_exp></and_exp></or_exp>
</condition>

<Node id="22" bw="32" op_0_bw="32" op_1_bw="8" op_2_bw="0" op_3_bw="32" op_4_bw="32" op_5_bw="0" op_6_bw="32" op_7_bw="32" op_8_bw="0" op_9_bw="0" op_10_bw="0" op_11_bw="32" op_12_bw="32" op_13_bw="32" op_14_bw="32" op_15_bw="0" op_16_bw="0">
<![CDATA[
entry:5  %empty_76 = call i32 (...)* @_ssdm_op_SpecInterface(i8* %Y_scale_out, [8 x i8]* @ap_fifo_str, i32 0, i32 0, [1 x i8]* @p_str, i32 0, i32 0, [1 x i8]* @p_str, [1 x i8]* @p_str, [1 x i8]* @p_str, i32 2, i32 2, i32 16, i32 16, [1 x i8]* @p_str, [1 x i8]* @p_str)

]]></Node>
<StgValue><ssdm name="empty_76"/></StgValue>
</operation>

<operation id="16" st_id="1" stage="1" lat="1">
<core>NULL</core>
<MemPortIdVec></MemPortIdVec>
<condition id="20">
<or_exp><and_exp></and_exp></or_exp>
</condition>

<Node id="23" bw="8" op_0_bw="8" op_1_bw="8">
<![CDATA[
entry:6  %V_scale_read = call i8 @_ssdm_op_Read.ap_auto.i8(i8 %V_scale)

]]></Node>
<StgValue><ssdm name="V_scale_read"/></StgValue>
</operation>

<operation id="17" st_id="1" stage="1" lat="1">
<core>NULL</core>
<MemPortIdVec></MemPortIdVec>
<condition id="20">
<or_exp><and_exp></and_exp></or_exp>
</condition>

<Node id="24" bw="8" op_0_bw="8" op_1_bw="8">
<![CDATA[
entry:7  %U_scale_read = call i8 @_ssdm_op_Read.ap_auto.i8(i8 %U_scale)

]]></Node>
<StgValue><ssdm name="U_scale_read"/></StgValue>
</operation>

<operation id="18" st_id="1" stage="1" lat="1">
<core>NULL</core>
<MemPortIdVec></MemPortIdVec>
<condition id="20">
<or_exp><and_exp></and_exp></or_exp>
</condition>

<Node id="25" bw="8" op_0_bw="8" op_1_bw="8">
<![CDATA[
entry:8  %Y_scale_read = call i8 @_ssdm_op_Read.ap_auto.i8(i8 %Y_scale)

]]></Node>
<StgValue><ssdm name="Y_scale_read"/></StgValue>
</operation>

<operation id="19" st_id="1" stage="1" lat="1">
<core>FIFO</core>
<MemPortIdVec></MemPortIdVec>
<condition id="20">
<or_exp><and_exp></and_exp></or_exp>
</condition>

<Node id="26" bw="0" op_0_bw="0" op_1_bw="8" op_2_bw="8">
<![CDATA[
entry:9  call void @_ssdm_op_Write.ap_fifo.i8P(i8* %Y_scale_out, i8 %Y_scale_read)

]]></Node>
<StgValue><ssdm name=""/></StgValue>
</operation>

<operation id="20" st_id="1" stage="1" lat="1">
<core>NULL</core>
<MemPortIdVec></MemPortIdVec>
<condition id="20">
<or_exp><and_exp></and_exp></or_exp>
</condition>

<Node id="27" bw="32" op_0_bw="32" op_1_bw="8" op_2_bw="0" op_3_bw="32" op_4_bw="32" op_5_bw="0" op_6_bw="32" op_7_bw="32" op_8_bw="0" op_9_bw="0" op_10_bw="0" op_11_bw="32" op_12_bw="32" op_13_bw="32" op_14_bw="32" op_15_bw="0" op_16_bw="0">
<![CDATA[
entry:10  %empty_77 = call i32 (...)* @_ssdm_op_SpecInterface(i8* %U_scale_out, [8 x i8]* @ap_fifo_str, i32 0, i32 0, [1 x i8]* @p_str, i32 0, i32 0, [1 x i8]* @p_str, [1 x i8]* @p_str, [1 x i8]* @p_str, i32 2, i32 2, i32 16, i32 16, [1 x i8]* @p_str, [1 x i8]* @p_str)

]]></Node>
<StgValue><ssdm name="empty_77"/></StgValue>
</operation>

<operation id="21" st_id="1" stage="1" lat="1">
<core>FIFO</core>
<MemPortIdVec></MemPortIdVec>
<condition id="20">
<or_exp><and_exp></and_exp></or_exp>
</condition>

<Node id="28" bw="0" op_0_bw="0" op_1_bw="8" op_2_bw="8">
<![CDATA[
entry:11  call void @_ssdm_op_Write.ap_fifo.i8P(i8* %U_scale_out, i8 %U_scale_read)

]]></Node>
<StgValue><ssdm name=""/></StgValue>
</operation>

<operation id="22" st_id="1" stage="1" lat="1">
<core>NULL</core>
<MemPortIdVec></MemPortIdVec>
<condition id="20">
<or_exp><and_exp></and_exp></or_exp>
</condition>

<Node id="29" bw="32" op_0_bw="32" op_1_bw="8" op_2_bw="0" op_3_bw="32" op_4_bw="32" op_5_bw="0" op_6_bw="32" op_7_bw="32" op_8_bw="0" op_9_bw="0" op_10_bw="0" op_11_bw="32" op_12_bw="32" op_13_bw="32" op_14_bw="32" op_15_bw="0" op_16_bw="0">
<![CDATA[
entry:12  %empty_78 = call i32 (...)* @_ssdm_op_SpecInterface(i8* %V_scale_out, [8 x i8]* @ap_fifo_str, i32 0, i32 0, [1 x i8]* @p_str, i32 0, i32 0, [1 x i8]* @p_str, [1 x i8]* @p_str, [1 x i8]* @p_str, i32 2, i32 2, i32 16, i32 16, [1 x i8]* @p_str, [1 x i8]* @p_str)

]]></Node>
<StgValue><ssdm name="empty_78"/></StgValue>
</operation>

<operation id="23" st_id="1" stage="1" lat="1">
<core>FIFO</core>
<MemPortIdVec></MemPortIdVec>
<condition id="20">
<or_exp><and_exp></and_exp></or_exp>
</condition>

<Node id="30" bw="0" op_0_bw="0" op_1_bw="8" op_2_bw="8">
<![CDATA[
entry:13  call void @_ssdm_op_Write.ap_fifo.i8P(i8* %V_scale_out, i8 %V_scale_read)

]]></Node>
<StgValue><ssdm name=""/></StgValue>
</operation>

<operation id="24" st_id="1" stage="1" lat="1">
<core>NULL</core>
<MemPortIdVec></MemPortIdVec>
<condition id="20">
<or_exp><and_exp></and_exp></or_exp>
</condition>

<Node id="31" bw="16" op_0_bw="16" op_1_bw="16">
<![CDATA[
entry:14  %width = call i16 @_ssdm_op_Read.ap_auto.i16P(i16* %in_width)

]]></Node>
<StgValue><ssdm name="width"/></StgValue>
</operation>

<operation id="25" st_id="1" stage="1" lat="1">
<core>NULL</core>
<MemPortIdVec></MemPortIdVec>
<condition id="20">
<or_exp><and_exp></and_exp></or_exp>
</condition>

<Node id="32" bw="16" op_0_bw="16" op_1_bw="16">
<![CDATA[
entry:15  %height = call i16 @_ssdm_op_Read.ap_auto.i16P(i16* %in_height)

]]></Node>
<StgValue><ssdm name="height"/></StgValue>
</operation>

<operation id="26" st_id="1" stage="1" lat="1">
<core>FIFO</core>
<MemPortIdVec></MemPortIdVec>
<condition id="20">
<or_exp><and_exp></and_exp></or_exp>
</condition>

<Node id="33" bw="0" op_0_bw="0" op_1_bw="16" op_2_bw="16">
<![CDATA[
entry:16  call void @_ssdm_op_Write.ap_fifo.i16P(i16* %out_width, i16 %width)

]]></Node>
<StgValue><ssdm name=""/></StgValue>
</operation>

<operation id="27" st_id="1" stage="1" lat="1">
<core>FIFO</core>
<MemPortIdVec></MemPortIdVec>
<condition id="20">
<or_exp><and_exp></and_exp></or_exp>
</condition>

<Node id="34" bw="0" op_0_bw="0" op_1_bw="16" op_2_bw="16">
<![CDATA[
entry:17  call void @_ssdm_op_Write.ap_fifo.i16P(i16* %out_height, i16 %height)

]]></Node>
<StgValue><ssdm name=""/></StgValue>
</operation>

<operation id="28" st_id="1" stage="1" lat="1">
<core>NULL</core>
<MemPortIdVec></MemPortIdVec>
<condition id="20">
<or_exp><and_exp></and_exp></or_exp>
</condition>

<Node id="35" bw="32" op_0_bw="16">
<![CDATA[
entry:18  %cast = zext i16 %width to i32

]]></Node>
<StgValue><ssdm name="cast"/></StgValue>
</operation>

<operation id="29" st_id="1" stage="1" lat="1">
<core>NULL</core>
<MemPortIdVec></MemPortIdVec>
<condition id="20">
<or_exp><and_exp></and_exp></or_exp>
</condition>

<Node id="36" bw="32" op_0_bw="16">
<![CDATA[
entry:19  %cast1 = zext i16 %height to i32

]]></Node>
<StgValue><ssdm name="cast1"/></StgValue>
</operation>

<operation id="30" st_id="1" stage="1" lat="1">
<core>DSP48</core>
<MemPortIdVec></MemPortIdVec>
<condition id="20">
<or_exp><and_exp></and_exp></or_exp>
</condition>

<Node id="37" bw="32" op_0_bw="32" op_1_bw="32">
<![CDATA[
entry:20  %bound = mul i32 %cast1, %cast

]]></Node>
<StgValue><ssdm name="bound"/></StgValue>
</operation>

<operation id="31" st_id="1" stage="1" lat="1">
<core>NULL</core>
<MemPortIdVec></MemPortIdVec>
<condition id="20">
<or_exp><and_exp></and_exp></or_exp>
</condition>

<Node id="38" bw="0" op_0_bw="0">
<![CDATA[
entry:21  br label %0

]]></Node>
<StgValue><ssdm name=""/></StgValue>
</operation>
</state>

<state id="2" st_id="2">

<operation id="32" st_id="2" stage="1" lat="1">
<core>NULL</core>
<MemPortIdVec></MemPortIdVec>
<condition id="-1">
<or_exp><and_exp></and_exp></or_exp>
</condition>

<Node id="40" bw="32" op_0_bw="32" op_1_bw="0">
<![CDATA[
:0  %indvar_flatten = phi i32 [ 0, %entry ], [ %indvar_flatten_next, %.reset ]

]]></Node>
<StgValue><ssdm name="indvar_flatten"/></StgValue>
</operation>

<operation id="33" st_id="2" stage="1" lat="1">
<core>NULL</core>
<MemPortIdVec></MemPortIdVec>
<condition id="-1">
<or_exp><and_exp></and_exp></or_exp>
</condition>

<Node id="41" bw="16" op_0_bw="16" op_1_bw="0">
<![CDATA[
:1  %x_i_i = phi i16 [ 0, %entry ], [ %tmp_i_i_mid2_v, %.reset ]

]]></Node>
<StgValue><ssdm name="x_i_i"/></StgValue>
</operation>

<operation id="34" st_id="2" stage="1" lat="1">
<core>NULL</core>
<MemPortIdVec></MemPortIdVec>
<condition id="-1">
<or_exp><and_exp></and_exp></or_exp>
</condition>

<Node id="42" bw="16" op_0_bw="16" op_1_bw="0">
<![CDATA[
:2  %y_i_i = phi i16 [ 0, %entry ], [ %y, %.reset ]

]]></Node>
<StgValue><ssdm name="y_i_i"/></StgValue>
</operation>

<operation id="35" st_id="2" stage="1" lat="1">
<core>Cmp</core>
<MemPortIdVec></MemPortIdVec>
<condition id="-1">
<or_exp><and_exp></and_exp></or_exp>
</condition>

<Node id="43" bw="1" op_0_bw="32" op_1_bw="32">
<![CDATA[
:3  %exitcond_flatten = icmp eq i32 %indvar_flatten, %bound

]]></Node>
<StgValue><ssdm name="exitcond_flatten"/></StgValue>
</operation>

<operation id="36" st_id="2" stage="1" lat="1">
<core>AddSub</core>
<MemPortIdVec></MemPortIdVec>
<condition id="-1">
<or_exp><and_exp></and_exp></or_exp>
</condition>

<Node id="44" bw="32" op_0_bw="32" op_1_bw="32">
<![CDATA[
:4  %indvar_flatten_next = add i32 %indvar_flatten, 1

]]></Node>
<StgValue><ssdm name="indvar_flatten_next"/></StgValue>
</operation>

<operation id="37" st_id="2" stage="1" lat="1">
<core>NULL</core>
<MemPortIdVec></MemPortIdVec>
<condition id="-1">
<or_exp><and_exp></and_exp></or_exp>
</condition>

<Node id="45" bw="0" op_0_bw="1" op_1_bw="0" op_2_bw="0">
<![CDATA[
:5  br i1 %exitcond_flatten, label %.exit, label %.reset

]]></Node>
<StgValue><ssdm name=""/></StgValue>
</operation>

<operation id="38" st_id="2" stage="1" lat="1">
<core>AddSub</core>
<MemPortIdVec></MemPortIdVec>
<condition id="0">
<or_exp><and_exp><literal name="exitcond_flatten" val="0"/>
</and_exp></or_exp>
</condition>

<Node id="47" bw="16" op_0_bw="16" op_1_bw="16">
<![CDATA[
.reset:0  %x = add i16 1, %x_i_i

]]></Node>
<StgValue><ssdm name="x"/></StgValue>
</operation>

<operation id="39" st_id="2" stage="1" lat="1">
<core>Cmp</core>
<MemPortIdVec></MemPortIdVec>
<condition id="0">
<or_exp><and_exp><literal name="exitcond_flatten" val="0"/>
</and_exp></or_exp>
</condition>

<Node id="50" bw="1" op_0_bw="16" op_1_bw="16">
<![CDATA[
.reset:3  %exitcond_i_i = icmp eq i16 %y_i_i, %height

]]></Node>
<StgValue><ssdm name="exitcond_i_i"/></StgValue>
</operation>

<operation id="40" st_id="2" stage="1" lat="1">
<core>Sel</core>
<MemPortIdVec></MemPortIdVec>
<condition id="0">
<or_exp><and_exp><literal name="exitcond_flatten" val="0"/>
</and_exp></or_exp>
</condition>

<Node id="51" bw="16" op_0_bw="1" op_1_bw="16" op_2_bw="16">
<![CDATA[
.reset:4  %y_i_i_mid2 = select i1 %exitcond_i_i, i16 0, i16 %y_i_i

]]></Node>
<StgValue><ssdm name="y_i_i_mid2"/></StgValue>
</operation>

<operation id="41" st_id="2" stage="1" lat="1">
<core>Sel</core>
<MemPortIdVec></MemPortIdVec>
<condition id="0">
<or_exp><and_exp><literal name="exitcond_flatten" val="0"/>
</and_exp></or_exp>
</condition>

<Node id="52" bw="16" op_0_bw="1" op_1_bw="16" op_2_bw="16">
<![CDATA[
.reset:5  %tmp_i_i_mid2_v = select i1 %exitcond_i_i, i16 %x, i16 %x_i_i

]]></Node>
<StgValue><ssdm name="tmp_i_i_mid2_v"/></StgValue>
</operation>

<operation id="42" st_id="2" stage="1" lat="1">
<core>NULL</core>
<MemPortIdVec></MemPortIdVec>
<condition id="0">
<or_exp><and_exp><literal name="exitcond_flatten" val="0"/>
</and_exp></or_exp>
</condition>

<Node id="53" bw="13" op_0_bw="16">
<![CDATA[
.reset:6  %tmp_22 = trunc i16 %tmp_i_i_mid2_v to i13

]]></Node>
<StgValue><ssdm name="tmp_22"/></StgValue>
</operation>

<operation id="43" st_id="2" stage="1" lat="1">
<core>NULL</core>
<MemPortIdVec></MemPortIdVec>
<condition id="0">
<or_exp><and_exp><literal name="exitcond_flatten" val="0"/>
</and_exp></or_exp>
</condition>

<Node id="54" bw="23" op_0_bw="23" op_1_bw="13" op_2_bw="10">
<![CDATA[
.reset:7  %p_shl_cast = call i23 @_ssdm_op_BitConcatenate.i23.i13.i10(i13 %tmp_22, i10 0)

]]></Node>
<StgValue><ssdm name="p_shl_cast"/></StgValue>
</operation>

<operation id="44" st_id="2" stage="1" lat="1">
<core>NULL</core>
<MemPortIdVec></MemPortIdVec>
<condition id="0">
<or_exp><and_exp><literal name="exitcond_flatten" val="0"/>
</and_exp></or_exp>
</condition>

<Node id="55" bw="15" op_0_bw="16">
<![CDATA[
.reset:8  %tmp_23 = trunc i16 %tmp_i_i_mid2_v to i15

]]></Node>
<StgValue><ssdm name="tmp_23"/></StgValue>
</operation>

<operation id="45" st_id="2" stage="1" lat="1">
<core>NULL</core>
<MemPortIdVec></MemPortIdVec>
<condition id="0">
<or_exp><and_exp><literal name="exitcond_flatten" val="0"/>
</and_exp></or_exp>
</condition>

<Node id="56" bw="23" op_0_bw="23" op_1_bw="15" op_2_bw="8">
<![CDATA[
.reset:9  %p_shl1_cast = call i23 @_ssdm_op_BitConcatenate.i23.i15.i8(i15 %tmp_23, i8 0)

]]></Node>
<StgValue><ssdm name="p_shl1_cast"/></StgValue>
</operation>

<operation id="46" st_id="2" stage="1" lat="1">
<core>TAddSub</core>
<MemPortIdVec></MemPortIdVec>
<condition id="0">
<or_exp><and_exp><literal name="exitcond_flatten" val="0"/>
</and_exp></or_exp>
</condition>

<Node id="57" bw="23" op_0_bw="23" op_1_bw="23">
<![CDATA[
.reset:10  %tmp_s = add i23 %p_shl_cast, %p_shl1_cast

]]></Node>
<StgValue><ssdm name="tmp_s"/></StgValue>
</operation>

<operation id="47" st_id="2" stage="1" lat="1">
<core>NULL</core>
<MemPortIdVec></MemPortIdVec>
<condition id="0">
<or_exp><and_exp><literal name="exitcond_flatten" val="0"/>
</and_exp></or_exp>
</condition>

<Node id="61" bw="23" op_0_bw="16">
<![CDATA[
.reset:14  %tmp_i_i_cast = zext i16 %y_i_i_mid2 to i23

]]></Node>
<StgValue><ssdm name="tmp_i_i_cast"/></StgValue>
</operation>

<operation id="48" st_id="2" stage="1" lat="1">
<core>TAddSub</core>
<MemPortIdVec></MemPortIdVec>
<condition id="0">
<or_exp><and_exp><literal name="exitcond_flatten" val="0"/>
</and_exp></or_exp>
</condition>

<Node id="62" bw="23" op_0_bw="23" op_1_bw="23">
<![CDATA[
.reset:15  %tmp_24 = add i23 %tmp_i_i_cast, %tmp_s

]]></Node>
<StgValue><ssdm name="tmp_24"/></StgValue>
</operation>

<operation id="49" st_id="2" stage="1" lat="1">
<core>AddSub</core>
<MemPortIdVec></MemPortIdVec>
<condition id="0">
<or_exp><and_exp><literal name="exitcond_flatten" val="0"/>
</and_exp></or_exp>
</condition>

<Node id="123" bw="16" op_0_bw="16" op_1_bw="16">
<![CDATA[
.reset:76  %y = add i16 1, %y_i_i_mid2

]]></Node>
<StgValue><ssdm name="y"/></StgValue>
</operation>
</state>

<state id="3" st_id="3">

<operation id="50" st_id="3" stage="1" lat="1">
<core>NULL</core>
<MemPortIdVec></MemPortIdVec>
<condition id="0">
<or_exp><and_exp><literal name="exitcond_flatten" val="0"/>
</and_exp></or_exp>
</condition>

<Node id="63" bw="32" op_0_bw="23">
<![CDATA[
.reset:16  %tmp_26_cast = zext i23 %tmp_24 to i32

]]></Node>
<StgValue><ssdm name="tmp_26_cast"/></StgValue>
</operation>

<operation id="51" st_id="3" stage="1" lat="1">
<core>NULL</core>
<MemPortIdVec></MemPortIdVec>
<condition id="0">
<or_exp><and_exp><literal name="exitcond_flatten" val="0"/>
</and_exp></or_exp>
</condition>

<Node id="64" bw="22" op_0_bw="8" op_1_bw="32" op_2_bw="32">
<![CDATA[
.reset:17  %in_channels_ch1_addr = getelementptr [2457600 x i8]* %in_channels_ch1, i32 0, i32 %tmp_26_cast

]]></Node>
<StgValue><ssdm name="in_channels_ch1_addr"/></StgValue>
</operation>

<operation id="52" st_id="3" stage="1" lat="1">
<core>NULL</core>
<MemPortIdVec></MemPortIdVec>
<condition id="0">
<or_exp><and_exp><literal name="exitcond_flatten" val="0"/>
</and_exp></or_exp>
</condition>

<Node id="65" bw="22" op_0_bw="8" op_1_bw="32" op_2_bw="32">
<![CDATA[
.reset:18  %in_channels_ch2_addr = getelementptr [2457600 x i8]* %in_channels_ch2, i32 0, i32 %tmp_26_cast

]]></Node>
<StgValue><ssdm name="in_channels_ch2_addr"/></StgValue>
</operation>

<operation id="53" st_id="3" stage="1" lat="1">
<core>NULL</core>
<MemPortIdVec></MemPortIdVec>
<condition id="0">
<or_exp><and_exp><literal name="exitcond_flatten" val="0"/>
</and_exp></or_exp>
</condition>

<Node id="66" bw="22" op_0_bw="8" op_1_bw="32" op_2_bw="32">
<![CDATA[
.reset:19  %in_channels_ch3_addr = getelementptr [2457600 x i8]* %in_channels_ch3, i32 0, i32 %tmp_26_cast

]]></Node>
<StgValue><ssdm name="in_channels_ch3_addr"/></StgValue>
</operation>

<operation id="54" st_id="3" stage="4" lat="4">
<core>RAM</core>
<MemPortIdVec></MemPortIdVec>
<condition id="0">
<or_exp><and_exp><literal name="exitcond_flatten" val="0"/>
</and_exp></or_exp>
</condition>

<Node id="67" bw="8" op_0_bw="22">
<![CDATA[
.reset:20  %R = load i8* %in_channels_ch1_addr, align 1

]]></Node>
<StgValue><ssdm name="R"/></StgValue>
</operation>

<operation id="55" st_id="3" stage="4" lat="4">
<core>RAM</core>
<MemPortIdVec></MemPortIdVec>
<condition id="0">
<or_exp><and_exp><literal name="exitcond_flatten" val="0"/>
</and_exp></or_exp>
</condition>

<Node id="68" bw="8" op_0_bw="22">
<![CDATA[
.reset:21  %G = load i8* %in_channels_ch2_addr, align 1

]]></Node>
<StgValue><ssdm name="G"/></StgValue>
</operation>

<operation id="56" st_id="3" stage="4" lat="4">
<core>RAM</core>
<MemPortIdVec></MemPortIdVec>
<condition id="0">
<or_exp><and_exp><literal name="exitcond_flatten" val="0"/>
</and_exp></or_exp>
</condition>

<Node id="69" bw="8" op_0_bw="22">
<![CDATA[
.reset:22  %B = load i8* %in_channels_ch3_addr, align 1

]]></Node>
<StgValue><ssdm name="B"/></StgValue>
</operation>
</state>

<state id="4" st_id="4">

<operation id="57" st_id="4" stage="3" lat="4">
<core>RAM</core>
<MemPortIdVec></MemPortIdVec>
<condition id="0">
<or_exp><and_exp><literal name="exitcond_flatten" val="0"/>
</and_exp></or_exp>
</condition>

<Node id="67" bw="8" op_0_bw="22">
<![CDATA[
.reset:20  %R = load i8* %in_channels_ch1_addr, align 1

]]></Node>
<StgValue><ssdm name="R"/></StgValue>
</operation>

<operation id="58" st_id="4" stage="3" lat="4">
<core>RAM</core>
<MemPortIdVec></MemPortIdVec>
<condition id="0">
<or_exp><and_exp><literal name="exitcond_flatten" val="0"/>
</and_exp></or_exp>
</condition>

<Node id="68" bw="8" op_0_bw="22">
<![CDATA[
.reset:21  %G = load i8* %in_channels_ch2_addr, align 1

]]></Node>
<StgValue><ssdm name="G"/></StgValue>
</operation>

<operation id="59" st_id="4" stage="3" lat="4">
<core>RAM</core>
<MemPortIdVec></MemPortIdVec>
<condition id="0">
<or_exp><and_exp><literal name="exitcond_flatten" val="0"/>
</and_exp></or_exp>
</condition>

<Node id="69" bw="8" op_0_bw="22">
<![CDATA[
.reset:22  %B = load i8* %in_channels_ch3_addr, align 1

]]></Node>
<StgValue><ssdm name="B"/></StgValue>
</operation>
</state>

<state id="5" st_id="5">

<operation id="60" st_id="5" stage="2" lat="4">
<core>RAM</core>
<MemPortIdVec></MemPortIdVec>
<condition id="0">
<or_exp><and_exp><literal name="exitcond_flatten" val="0"/>
</and_exp></or_exp>
</condition>

<Node id="67" bw="8" op_0_bw="22">
<![CDATA[
.reset:20  %R = load i8* %in_channels_ch1_addr, align 1

]]></Node>
<StgValue><ssdm name="R"/></StgValue>
</operation>

<operation id="61" st_id="5" stage="2" lat="4">
<core>RAM</core>
<MemPortIdVec></MemPortIdVec>
<condition id="0">
<or_exp><and_exp><literal name="exitcond_flatten" val="0"/>
</and_exp></or_exp>
</condition>

<Node id="68" bw="8" op_0_bw="22">
<![CDATA[
.reset:21  %G = load i8* %in_channels_ch2_addr, align 1

]]></Node>
<StgValue><ssdm name="G"/></StgValue>
</operation>

<operation id="62" st_id="5" stage="2" lat="4">
<core>RAM</core>
<MemPortIdVec></MemPortIdVec>
<condition id="0">
<or_exp><and_exp><literal name="exitcond_flatten" val="0"/>
</and_exp></or_exp>
</condition>

<Node id="69" bw="8" op_0_bw="22">
<![CDATA[
.reset:22  %B = load i8* %in_channels_ch3_addr, align 1

]]></Node>
<StgValue><ssdm name="B"/></StgValue>
</operation>
</state>

<state id="6" st_id="6">

<operation id="63" st_id="6" stage="1" lat="4">
<core>RAM</core>
<MemPortIdVec></MemPortIdVec>
<condition id="0">
<or_exp><and_exp><literal name="exitcond_flatten" val="0"/>
</and_exp></or_exp>
</condition>

<Node id="67" bw="8" op_0_bw="22">
<![CDATA[
.reset:20  %R = load i8* %in_channels_ch1_addr, align 1

]]></Node>
<StgValue><ssdm name="R"/></StgValue>
</operation>

<operation id="64" st_id="6" stage="1" lat="4">
<core>RAM</core>
<MemPortIdVec></MemPortIdVec>
<condition id="0">
<or_exp><and_exp><literal name="exitcond_flatten" val="0"/>
</and_exp></or_exp>
</condition>

<Node id="68" bw="8" op_0_bw="22">
<![CDATA[
.reset:21  %G = load i8* %in_channels_ch2_addr, align 1

]]></Node>
<StgValue><ssdm name="G"/></StgValue>
</operation>

<operation id="65" st_id="6" stage="1" lat="4">
<core>RAM</core>
<MemPortIdVec></MemPortIdVec>
<condition id="0">
<or_exp><and_exp><literal name="exitcond_flatten" val="0"/>
</and_exp></or_exp>
</condition>

<Node id="69" bw="8" op_0_bw="22">
<![CDATA[
.reset:22  %B = load i8* %in_channels_ch3_addr, align 1

]]></Node>
<StgValue><ssdm name="B"/></StgValue>
</operation>

<operation id="66" st_id="6" stage="1" lat="1">
<core>NULL</core>
<MemPortIdVec></MemPortIdVec>
<condition id="0">
<or_exp><and_exp><literal name="exitcond_flatten" val="0"/>
</and_exp></or_exp>
</condition>

<Node id="95" bw="12" op_0_bw="12" op_1_bw="8" op_2_bw="4">
<![CDATA[
.reset:48  %p_shl3_i_i = call i12 @_ssdm_op_BitConcatenate.i12.i8.i4(i8 %B, i4 0)

]]></Node>
<StgValue><ssdm name="p_shl3_i_i"/></StgValue>
</operation>

<operation id="67" st_id="6" stage="1" lat="1">
<core>NULL</core>
<MemPortIdVec></MemPortIdVec>
<condition id="0">
<or_exp><and_exp><literal name="exitcond_flatten" val="0"/>
</and_exp></or_exp>
</condition>

<Node id="96" bw="13" op_0_bw="12">
<![CDATA[
.reset:49  %p_shl3_cast7_i_i = zext i12 %p_shl3_i_i to i13

]]></Node>
<StgValue><ssdm name="p_shl3_cast7_i_i"/></StgValue>
</operation>

<operation id="68" st_id="6" stage="1" lat="1">
<core>AddSub</core>
<MemPortIdVec></MemPortIdVec>
<condition id="0">
<or_exp><and_exp><literal name="exitcond_flatten" val="0"/>
</and_exp></or_exp>
</condition>

<Node id="107" bw="13" op_0_bw="13" op_1_bw="13">
<![CDATA[
.reset:60  %p_neg_i_i = sub i13 0, %p_shl3_cast7_i_i

]]></Node>
<StgValue><ssdm name="p_neg_i_i"/></StgValue>
</operation>
</state>

<state id="7" st_id="7">

<operation id="69" st_id="7" stage="1" lat="1">
<core>NULL</core>
<MemPortIdVec></MemPortIdVec>
<condition id="0">
<or_exp><and_exp><literal name="exitcond_flatten" val="0"/>
</and_exp></or_exp>
</condition>

<Node id="70" bw="15" op_0_bw="8">
<![CDATA[
.reset:23  %tmp_40_cast14_i_i = zext i8 %R to i15

]]></Node>
<StgValue><ssdm name="tmp_40_cast14_i_i"/></StgValue>
</operation>

<operation id="70" st_id="7" stage="1" lat="1">
<core>NULL</core>
<MemPortIdVec></MemPortIdVec>
<condition id="0">
<or_exp><and_exp><literal name="exitcond_flatten" val="0"/>
</and_exp></or_exp>
</condition>

<Node id="71" bw="14" op_0_bw="14" op_1_bw="8" op_2_bw="6">
<![CDATA[
.reset:24  %p_shl5_i_i = call i14 @_ssdm_op_BitConcatenate.i14.i8.i6(i8 %R, i6 0)

]]></Node>
<StgValue><ssdm name="p_shl5_i_i"/></StgValue>
</operation>

<operation id="71" st_id="7" stage="1" lat="1">
<core>NULL</core>
<MemPortIdVec></MemPortIdVec>
<condition id="0">
<or_exp><and_exp><literal name="exitcond_flatten" val="0"/>
</and_exp></or_exp>
</condition>

<Node id="72" bw="15" op_0_bw="14">
<![CDATA[
.reset:25  %p_shl5_cast_i_i = zext i14 %p_shl5_i_i to i15

]]></Node>
<StgValue><ssdm name="p_shl5_cast_i_i"/></StgValue>
</operation>

<operation id="72" st_id="7" stage="1" lat="1">
<core>NULL</core>
<MemPortIdVec></MemPortIdVec>
<condition id="0">
<or_exp><and_exp><literal name="exitcond_flatten" val="0"/>
</and_exp></or_exp>
</condition>

<Node id="73" bw="9" op_0_bw="9" op_1_bw="8" op_2_bw="1">
<![CDATA[
.reset:26  %p_shl6_i_i = call i9 @_ssdm_op_BitConcatenate.i9.i8.i1(i8 %R, i1 false)

]]></Node>
<StgValue><ssdm name="p_shl6_i_i"/></StgValue>
</operation>

<operation id="73" st_id="7" stage="1" lat="1">
<core>NULL</core>
<MemPortIdVec></MemPortIdVec>
<condition id="0">
<or_exp><and_exp><literal name="exitcond_flatten" val="0"/>
</and_exp></or_exp>
</condition>

<Node id="74" bw="10" op_0_bw="9">
<![CDATA[
.reset:27  %p_shl6_cast_i_i_cast = zext i9 %p_shl6_i_i to i10

]]></Node>
<StgValue><ssdm name="p_shl6_cast_i_i_cast"/></StgValue>
</operation>

<operation id="74" st_id="7" stage="1" lat="1">
<core>NULL</core>
<MemPortIdVec></MemPortIdVec>
<condition id="0">
<or_exp><and_exp><literal name="exitcond_flatten" val="0"/>
</and_exp></or_exp>
</condition>

<Node id="75" bw="16" op_0_bw="8">
<![CDATA[
.reset:28  %tmp_42_cast11_i_i = zext i8 %G to i16

]]></Node>
<StgValue><ssdm name="tmp_42_cast11_i_i"/></StgValue>
</operation>

<operation id="75" st_id="7" stage="1" lat="1">
<core>NULL</core>
<MemPortIdVec></MemPortIdVec>
<condition id="0">
<or_exp><and_exp><literal name="exitcond_flatten" val="0"/>
</and_exp></or_exp>
</condition>

<Node id="76" bw="13" op_0_bw="8">
<![CDATA[
.reset:29  %tmp_42_cast11_i_i_ca = zext i8 %G to i13

]]></Node>
<StgValue><ssdm name="tmp_42_cast11_i_i_ca"/></StgValue>
</operation>

<operation id="76" st_id="7" stage="1" lat="1">
<core>NULL</core>
<MemPortIdVec></MemPortIdVec>
<condition id="0">
<or_exp><and_exp><literal name="exitcond_flatten" val="0"/>
</and_exp></or_exp>
</condition>

<Node id="77" bw="15" op_0_bw="15" op_1_bw="8" op_2_bw="7">
<![CDATA[
.reset:30  %p_shl4_i_i = call i15 @_ssdm_op_BitConcatenate.i15.i8.i7(i8 %G, i7 0)

]]></Node>
<StgValue><ssdm name="p_shl4_i_i"/></StgValue>
</operation>

<operation id="77" st_id="7" stage="1" lat="1">
<core>NULL</core>
<MemPortIdVec></MemPortIdVec>
<condition id="0">
<or_exp><and_exp><literal name="exitcond_flatten" val="0"/>
</and_exp></or_exp>
</condition>

<Node id="78" bw="16" op_0_bw="15">
<![CDATA[
.reset:31  %p_shl4_cast_i_i = zext i15 %p_shl4_i_i to i16

]]></Node>
<StgValue><ssdm name="p_shl4_cast_i_i"/></StgValue>
</operation>

<operation id="78" st_id="7" stage="1" lat="1">
<core>NULL</core>
<MemPortIdVec></MemPortIdVec>
<condition id="0">
<or_exp><and_exp><literal name="exitcond_flatten" val="0"/>
</and_exp></or_exp>
</condition>

<Node id="79" bw="13" op_0_bw="8">
<![CDATA[
.reset:32  %tmp_44_cast10_i_i = zext i8 %B to i13

]]></Node>
<StgValue><ssdm name="tmp_44_cast10_i_i"/></StgValue>
</operation>

<operation id="79" st_id="7" stage="1" lat="1">
<core>DSP48</core>
<MemPortIdVec></MemPortIdVec>
<condition id="0">
<or_exp><and_exp><literal name="exitcond_flatten" val="0"/>
</and_exp></or_exp>
</condition>

<Node id="80" bw="13" op_0_bw="13" op_1_bw="13">
<![CDATA[
.reset:33  %tmp_45_i_i = mul i13 25, %tmp_44_cast10_i_i

]]></Node>
<StgValue><ssdm name="tmp_45_i_i"/></StgValue>
</operation>

<operation id="80" st_id="7" stage="1" lat="1">
<core>AddSub</core>
<MemPortIdVec></MemPortIdVec>
<condition id="0">
<or_exp><and_exp><literal name="exitcond_flatten" val="0"/>
</and_exp></or_exp>
</condition>

<Node id="81" bw="10" op_0_bw="10" op_1_bw="10">
<![CDATA[
.reset:34  %tmp = add i10 128, %p_shl6_cast_i_i_cast

]]></Node>
<StgValue><ssdm name="tmp"/></StgValue>
</operation>

<operation id="81" st_id="7" stage="1" lat="1">
<core>NULL</core>
<MemPortIdVec></MemPortIdVec>
<condition id="0">
<or_exp><and_exp><literal name="exitcond_flatten" val="0"/>
</and_exp></or_exp>
</condition>

<Node id="82" bw="15" op_0_bw="10">
<![CDATA[
.reset:35  %tmp_cast = zext i10 %tmp to i15

]]></Node>
<StgValue><ssdm name="tmp_cast"/></StgValue>
</operation>

<operation id="82" st_id="7" stage="1" lat="1">
<core>AddSub</core>
<MemPortIdVec></MemPortIdVec>
<condition id="0">
<or_exp><and_exp><literal name="exitcond_flatten" val="0"/>
</and_exp></or_exp>
</condition>

<Node id="83" bw="15" op_0_bw="15" op_1_bw="15">
<![CDATA[
.reset:36  %tmp_46_i_i = add i15 %tmp_cast, %p_shl5_cast_i_i

]]></Node>
<StgValue><ssdm name="tmp_46_i_i"/></StgValue>
</operation>

<operation id="83" st_id="7" stage="1" lat="1">
<core>NULL</core>
<MemPortIdVec></MemPortIdVec>
<condition id="0">
<or_exp><and_exp><literal name="exitcond_flatten" val="0"/>
</and_exp></or_exp>
</condition>

<Node id="84" bw="16" op_0_bw="15">
<![CDATA[
.reset:37  %tmp_46_cast_i_i = zext i15 %tmp_46_i_i to i16

]]></Node>
<StgValue><ssdm name="tmp_46_cast_i_i"/></StgValue>
</operation>

<operation id="84" st_id="7" stage="1" lat="1">
<core>TAddSub</core>
<MemPortIdVec></MemPortIdVec>
<condition id="0">
<or_exp><and_exp><literal name="exitcond_flatten" val="0"/>
</and_exp></or_exp>
</condition>

<Node id="85" bw="16" op_0_bw="16" op_1_bw="16">
<![CDATA[
.reset:38  %tmp1 = add i16 %p_shl4_cast_i_i, %tmp_46_cast_i_i

]]></Node>
<StgValue><ssdm name="tmp1"/></StgValue>
</operation>

<operation id="85" st_id="7" stage="1" lat="1">
<core>DSP48</core>
<MemPortIdVec></MemPortIdVec>
<condition id="0">
<or_exp><and_exp><literal name="exitcond_flatten" val="0"/>
</and_exp></or_exp>
</condition>

<Node id="86" bw="13" op_0_bw="13" op_1_bw="13">
<![CDATA[
.reset:39  %tmp2 = add i13 %tmp_45_i_i, %tmp_42_cast11_i_i_ca

]]></Node>
<StgValue><ssdm name="tmp2"/></StgValue>
</operation>

<operation id="86" st_id="7" stage="1" lat="1">
<core>NULL</core>
<MemPortIdVec></MemPortIdVec>
<condition id="0">
<or_exp><and_exp><literal name="exitcond_flatten" val="0"/>
</and_exp></or_exp>
</condition>

<Node id="87" bw="16" op_0_bw="13">
<![CDATA[
.reset:40  %tmp2_cast = zext i13 %tmp2 to i16

]]></Node>
<StgValue><ssdm name="tmp2_cast"/></StgValue>
</operation>

<operation id="87" st_id="7" stage="1" lat="1">
<core>TAddSub</core>
<MemPortIdVec></MemPortIdVec>
<condition id="0">
<or_exp><and_exp><literal name="exitcond_flatten" val="0"/>
</and_exp></or_exp>
</condition>

<Node id="88" bw="16" op_0_bw="16" op_1_bw="16">
<![CDATA[
.reset:41  %tmp_48_i_i = add i16 %tmp2_cast, %tmp1

]]></Node>
<StgValue><ssdm name="tmp_48_i_i"/></StgValue>
</operation>

<operation id="88" st_id="7" stage="1" lat="1">
<core>NULL</core>
<MemPortIdVec></MemPortIdVec>
<condition id="0">
<or_exp><and_exp><literal name="exitcond_flatten" val="0"/>
</and_exp></or_exp>
</condition>

<Node id="89" bw="8" op_0_bw="8" op_1_bw="16" op_2_bw="32" op_3_bw="32">
<![CDATA[
.reset:42  %tmp_50_i_i = call i8 @_ssdm_op_PartSelect.i8.i16.i32.i32(i16 %tmp_48_i_i, i32 8, i32 15)

]]></Node>
<StgValue><ssdm name="tmp_50_i_i"/></StgValue>
</operation>

<operation id="89" st_id="7" stage="1" lat="1">
<core>DSP48</core>
<MemPortIdVec></MemPortIdVec>
<condition id="0">
<or_exp><and_exp><literal name="exitcond_flatten" val="0"/>
</and_exp></or_exp>
</condition>

<Node id="91" bw="15" op_0_bw="15" op_1_bw="15">
<![CDATA[
.reset:44  %tmp_51_i_i = mul i15 -38, %tmp_40_cast14_i_i

]]></Node>
<StgValue><ssdm name="tmp_51_i_i"/></StgValue>
</operation>

<operation id="90" st_id="7" stage="1" lat="1">
<core>DSP48</core>
<MemPortIdVec></MemPortIdVec>
<condition id="0">
<or_exp><and_exp><literal name="exitcond_flatten" val="0"/>
</and_exp></or_exp>
</condition>

<Node id="92" bw="16" op_0_bw="16" op_1_bw="16">
<![CDATA[
.reset:45  %tmp_52_i_i = mul i16 -74, %tmp_42_cast11_i_i

]]></Node>
<StgValue><ssdm name="tmp_52_i_i"/></StgValue>
</operation>

<operation id="91" st_id="7" stage="1" lat="1">
<core>NULL</core>
<MemPortIdVec></MemPortIdVec>
<condition id="0">
<or_exp><and_exp><literal name="exitcond_flatten" val="0"/>
</and_exp></or_exp>
</condition>

<Node id="93" bw="15" op_0_bw="15" op_1_bw="8" op_2_bw="7">
<![CDATA[
.reset:46  %p_shl2_i_i = call i15 @_ssdm_op_BitConcatenate.i15.i8.i7(i8 %B, i7 0)

]]></Node>
<StgValue><ssdm name="p_shl2_i_i"/></StgValue>
</operation>

<operation id="92" st_id="7" stage="1" lat="1">
<core>NULL</core>
<MemPortIdVec></MemPortIdVec>
<condition id="0">
<or_exp><and_exp><literal name="exitcond_flatten" val="0"/>
</and_exp></or_exp>
</condition>

<Node id="94" bw="16" op_0_bw="15">
<![CDATA[
.reset:47  %p_shl2_cast_i_i = zext i15 %p_shl2_i_i to i16

]]></Node>
<StgValue><ssdm name="p_shl2_cast_i_i"/></StgValue>
</operation>

<operation id="93" st_id="7" stage="1" lat="1">
<core>NULL</core>
<MemPortIdVec></MemPortIdVec>
<condition id="0">
<or_exp><and_exp><literal name="exitcond_flatten" val="0"/>
</and_exp></or_exp>
</condition>

<Node id="97" bw="16" op_0_bw="12">
<![CDATA[
.reset:50  %p_shl3_cast_i_i = zext i12 %p_shl3_i_i to i16

]]></Node>
<StgValue><ssdm name="p_shl3_cast_i_i"/></StgValue>
</operation>

<operation id="94" st_id="7" stage="1" lat="1">
<core>TAddSub</core>
<MemPortIdVec></MemPortIdVec>
<condition id="0">
<or_exp><and_exp><literal name="exitcond_flatten" val="0"/>
</and_exp></or_exp>
</condition>

<Node id="98" bw="16" op_0_bw="16" op_1_bw="16">
<![CDATA[
.reset:51  %tmp_53_i_i = sub i16 %p_shl2_cast_i_i, %p_shl3_cast_i_i

]]></Node>
<StgValue><ssdm name="tmp_53_i_i"/></StgValue>
</operation>

<operation id="95" st_id="7" stage="1" lat="1">
<core>DSP48</core>
<MemPortIdVec></MemPortIdVec>
<condition id="0">
<or_exp><and_exp><literal name="exitcond_flatten" val="0"/>
</and_exp></or_exp>
</condition>

<Node id="99" bw="15" op_0_bw="15" op_1_bw="15">
<![CDATA[
.reset:52  %tmp_54_i_i = add i15 128, %tmp_51_i_i

]]></Node>
<StgValue><ssdm name="tmp_54_i_i"/></StgValue>
</operation>

<operation id="96" st_id="7" stage="1" lat="1">
<core>NULL</core>
<MemPortIdVec></MemPortIdVec>
<condition id="0">
<or_exp><and_exp><literal name="exitcond_flatten" val="0"/>
</and_exp></or_exp>
</condition>

<Node id="100" bw="16" op_0_bw="15">
<![CDATA[
.reset:53  %tmp_54_cast_i_i = sext i15 %tmp_54_i_i to i16

]]></Node>
<StgValue><ssdm name="tmp_54_cast_i_i"/></StgValue>
</operation>

<operation id="97" st_id="7" stage="1" lat="1">
<core>TAddSub</core>
<MemPortIdVec></MemPortIdVec>
<condition id="0">
<or_exp><and_exp><literal name="exitcond_flatten" val="0"/>
</and_exp></or_exp>
</condition>

<Node id="101" bw="16" op_0_bw="16" op_1_bw="16">
<![CDATA[
.reset:54  %tmp3 = add i16 %tmp_53_i_i, %tmp_54_cast_i_i

]]></Node>
<StgValue><ssdm name="tmp3"/></StgValue>
</operation>

<operation id="98" st_id="7" stage="1" lat="1">
<core>DSP48</core>
<MemPortIdVec></MemPortIdVec>
<condition id="0">
<or_exp><and_exp><literal name="exitcond_flatten" val="0"/>
</and_exp></or_exp>
</condition>

<Node id="102" bw="16" op_0_bw="16" op_1_bw="16">
<![CDATA[
.reset:55  %tmp_56_i_i = add i16 %tmp3, %tmp_52_i_i

]]></Node>
<StgValue><ssdm name="tmp_56_i_i"/></StgValue>
</operation>

<operation id="99" st_id="7" stage="1" lat="1">
<core>NULL</core>
<MemPortIdVec></MemPortIdVec>
<condition id="0">
<or_exp><and_exp><literal name="exitcond_flatten" val="0"/>
</and_exp></or_exp>
</condition>

<Node id="103" bw="8" op_0_bw="8" op_1_bw="16" op_2_bw="32" op_3_bw="32">
<![CDATA[
.reset:56  %tmp_58_i_i = call i8 @_ssdm_op_PartSelect.i8.i16.i32.i32(i16 %tmp_56_i_i, i32 8, i32 15)

]]></Node>
<StgValue><ssdm name="tmp_58_i_i"/></StgValue>
</operation>

<operation id="100" st_id="7" stage="1" lat="1">
<core>DSP48</core>
<MemPortIdVec></MemPortIdVec>
<condition id="0">
<or_exp><and_exp><literal name="exitcond_flatten" val="0"/>
</and_exp></or_exp>
</condition>

<Node id="105" bw="15" op_0_bw="15" op_1_bw="15">
<![CDATA[
.reset:58  %tmp_59_i_i = mul i15 122, %tmp_40_cast14_i_i

]]></Node>
<StgValue><ssdm name="tmp_59_i_i"/></StgValue>
</operation>

<operation id="101" st_id="7" stage="1" lat="1">
<core>DSP48</core>
<MemPortIdVec></MemPortIdVec>
<condition id="0">
<or_exp><and_exp><literal name="exitcond_flatten" val="0"/>
</and_exp></or_exp>
</condition>

<Node id="106" bw="16" op_0_bw="16" op_1_bw="16">
<![CDATA[
.reset:59  %tmp_60_i_i = mul i16 -94, %tmp_42_cast11_i_i

]]></Node>
<StgValue><ssdm name="tmp_60_i_i"/></StgValue>
</operation>

<operation id="102" st_id="7" stage="1" lat="1">
<core>NULL</core>
<MemPortIdVec></MemPortIdVec>
<condition id="0">
<or_exp><and_exp><literal name="exitcond_flatten" val="0"/>
</and_exp></or_exp>
</condition>

<Node id="108" bw="14" op_0_bw="13">
<![CDATA[
.reset:61  %p_neg_cast_i_i = sext i13 %p_neg_i_i to i14

]]></Node>
<StgValue><ssdm name="p_neg_cast_i_i"/></StgValue>
</operation>

<operation id="103" st_id="7" stage="1" lat="1">
<core>NULL</core>
<MemPortIdVec></MemPortIdVec>
<condition id="0">
<or_exp><and_exp><literal name="exitcond_flatten" val="0"/>
</and_exp></or_exp>
</condition>

<Node id="109" bw="9" op_0_bw="9" op_1_bw="8" op_2_bw="1">
<![CDATA[
.reset:62  %p_shl1_i_i = call i9 @_ssdm_op_BitConcatenate.i9.i8.i1(i8 %B, i1 false)

]]></Node>
<StgValue><ssdm name="p_shl1_i_i"/></StgValue>
</operation>

<operation id="104" st_id="7" stage="1" lat="1">
<core>NULL</core>
<MemPortIdVec></MemPortIdVec>
<condition id="0">
<or_exp><and_exp><literal name="exitcond_flatten" val="0"/>
</and_exp></or_exp>
</condition>

<Node id="110" bw="14" op_0_bw="9">
<![CDATA[
.reset:63  %p_shl1_cast_i_i = zext i9 %p_shl1_i_i to i14

]]></Node>
<StgValue><ssdm name="p_shl1_cast_i_i"/></StgValue>
</operation>

<operation id="105" st_id="7" stage="1" lat="1">
<core>AddSub</core>
<MemPortIdVec></MemPortIdVec>
<condition id="0">
<or_exp><and_exp><literal name="exitcond_flatten" val="0"/>
</and_exp></or_exp>
</condition>

<Node id="111" bw="14" op_0_bw="14" op_1_bw="14">
<![CDATA[
.reset:64  %tmp_61_i_i = sub i14 %p_neg_cast_i_i, %p_shl1_cast_i_i

]]></Node>
<StgValue><ssdm name="tmp_61_i_i"/></StgValue>
</operation>

<operation id="106" st_id="7" stage="1" lat="1">
<core>NULL</core>
<MemPortIdVec></MemPortIdVec>
<condition id="0">
<or_exp><and_exp><literal name="exitcond_flatten" val="0"/>
</and_exp></or_exp>
</condition>

<Node id="112" bw="16" op_0_bw="14">
<![CDATA[
.reset:65  %tmp_61_cast_i_i = sext i14 %tmp_61_i_i to i16

]]></Node>
<StgValue><ssdm name="tmp_61_cast_i_i"/></StgValue>
</operation>

<operation id="107" st_id="7" stage="1" lat="1">
<core>DSP48</core>
<MemPortIdVec></MemPortIdVec>
<condition id="0">
<or_exp><and_exp><literal name="exitcond_flatten" val="0"/>
</and_exp></or_exp>
</condition>

<Node id="113" bw="15" op_0_bw="15" op_1_bw="15">
<![CDATA[
.reset:66  %tmp_62_i_i = add i15 128, %tmp_59_i_i

]]></Node>
<StgValue><ssdm name="tmp_62_i_i"/></StgValue>
</operation>

<operation id="108" st_id="7" stage="1" lat="1">
<core>NULL</core>
<MemPortIdVec></MemPortIdVec>
<condition id="0">
<or_exp><and_exp><literal name="exitcond_flatten" val="0"/>
</and_exp></or_exp>
</condition>

<Node id="114" bw="16" op_0_bw="15">
<![CDATA[
.reset:67  %tmp_62_cast_i_i = zext i15 %tmp_62_i_i to i16

]]></Node>
<StgValue><ssdm name="tmp_62_cast_i_i"/></StgValue>
</operation>

<operation id="109" st_id="7" stage="1" lat="1">
<core>AddSub</core>
<MemPortIdVec></MemPortIdVec>
<condition id="0">
<or_exp><and_exp><literal name="exitcond_flatten" val="0"/>
</and_exp></or_exp>
</condition>

<Node id="115" bw="16" op_0_bw="16" op_1_bw="16">
<![CDATA[
.reset:68  %tmp4 = add i16 %tmp_62_cast_i_i, %tmp_61_cast_i_i

]]></Node>
<StgValue><ssdm name="tmp4"/></StgValue>
</operation>

<operation id="110" st_id="7" stage="1" lat="1">
<core>DSP48</core>
<MemPortIdVec></MemPortIdVec>
<condition id="0">
<or_exp><and_exp><literal name="exitcond_flatten" val="0"/>
</and_exp></or_exp>
</condition>

<Node id="116" bw="16" op_0_bw="16" op_1_bw="16">
<![CDATA[
.reset:69  %tmp_64_i_i = add i16 %tmp4, %tmp_60_i_i

]]></Node>
<StgValue><ssdm name="tmp_64_i_i"/></StgValue>
</operation>

<operation id="111" st_id="7" stage="1" lat="1">
<core>NULL</core>
<MemPortIdVec></MemPortIdVec>
<condition id="0">
<or_exp><and_exp><literal name="exitcond_flatten" val="0"/>
</and_exp></or_exp>
</condition>

<Node id="117" bw="8" op_0_bw="8" op_1_bw="16" op_2_bw="32" op_3_bw="32">
<![CDATA[
.reset:70  %tmp_66_i_i = call i8 @_ssdm_op_PartSelect.i8.i16.i32.i32(i16 %tmp_64_i_i, i32 8, i32 15)

]]></Node>
<StgValue><ssdm name="tmp_66_i_i"/></StgValue>
</operation>
</state>

<state id="8" st_id="8">

<operation id="112" st_id="8" stage="1" lat="1">
<core>NULL</core>
<MemPortIdVec></MemPortIdVec>
<condition id="0">
<or_exp><and_exp><literal name="exitcond_flatten" val="0"/>
</and_exp></or_exp>
</condition>

<Node id="48" bw="0" op_0_bw="0" op_1_bw="0">
<![CDATA[
.reset:1  call void (...)* @_ssdm_op_SpecLoopName([30 x i8]* @RGB2YUV_LOOP_X_RGB2Y)

]]></Node>
<StgValue><ssdm name=""/></StgValue>
</operation>

<operation id="113" st_id="8" stage="1" lat="1">
<core>NULL</core>
<MemPortIdVec></MemPortIdVec>
<condition id="0">
<or_exp><and_exp><literal name="exitcond_flatten" val="0"/>
</and_exp></or_exp>
</condition>

<Node id="49" bw="0" op_0_bw="0" op_1_bw="64" op_2_bw="64" op_3_bw="64">
<![CDATA[
.reset:2  call void (...)* @_ssdm_op_SpecLoopTripCount(i64 40000, i64 2457600, i64 784400)

]]></Node>
<StgValue><ssdm name=""/></StgValue>
</operation>

<operation id="114" st_id="8" stage="1" lat="1">
<core>NULL</core>
<MemPortIdVec></MemPortIdVec>
<condition id="0">
<or_exp><and_exp><literal name="exitcond_flatten" val="0"/>
</and_exp></or_exp>
</condition>

<Node id="58" bw="0" op_0_bw="0" op_1_bw="0">
<![CDATA[
.reset:11  call void (...)* @_ssdm_op_SpecLoopName([15 x i8]* @p_str2) nounwind

]]></Node>
<StgValue><ssdm name=""/></StgValue>
</operation>

<operation id="115" st_id="8" stage="1" lat="1">
<core>NULL</core>
<MemPortIdVec></MemPortIdVec>
<condition id="0">
<or_exp><and_exp><literal name="exitcond_flatten" val="0"/>
</and_exp></or_exp>
</condition>

<Node id="59" bw="32" op_0_bw="32" op_1_bw="0">
<![CDATA[
.reset:12  %tmp_69_i_i = call i32 (...)* @_ssdm_op_SpecRegionBegin([15 x i8]* @p_str2)

]]></Node>
<StgValue><ssdm name="tmp_69_i_i"/></StgValue>
</operation>

<operation id="116" st_id="8" stage="1" lat="1">
<core>NULL</core>
<MemPortIdVec></MemPortIdVec>
<condition id="0">
<or_exp><and_exp><literal name="exitcond_flatten" val="0"/>
</and_exp></or_exp>
</condition>

<Node id="60" bw="0" op_0_bw="0" op_1_bw="32" op_2_bw="32" op_3_bw="32" op_4_bw="32" op_5_bw="0">
<![CDATA[
.reset:13  call void (...)* @_ssdm_op_SpecPipeline(i32 -1, i32 1, i32 1, i32 0, [1 x i8]* @p_str) nounwind

]]></Node>
<StgValue><ssdm name=""/></StgValue>
</operation>

<operation id="117" st_id="8" stage="1" lat="1">
<core>AddSub</core>
<MemPortIdVec></MemPortIdVec>
<condition id="0">
<or_exp><and_exp><literal name="exitcond_flatten" val="0"/>
</and_exp></or_exp>
</condition>

<Node id="90" bw="8" op_0_bw="8" op_1_bw="8">
<![CDATA[
.reset:43  %Y = add i8 16, %tmp_50_i_i

]]></Node>
<StgValue><ssdm name="Y"/></StgValue>
</operation>

<operation id="118" st_id="8" stage="1" lat="1">
<core>LogicGate</core>
<MemPortIdVec></MemPortIdVec>
<condition id="0">
<or_exp><and_exp><literal name="exitcond_flatten" val="0"/>
</and_exp></or_exp>
</condition>

<Node id="104" bw="8" op_0_bw="8" op_1_bw="8">
<![CDATA[
.reset:57  %U = xor i8 %tmp_58_i_i, -128

]]></Node>
<StgValue><ssdm name="U"/></StgValue>
</operation>

<operation id="119" st_id="8" stage="1" lat="1">
<core>LogicGate</core>
<MemPortIdVec></MemPortIdVec>
<condition id="0">
<or_exp><and_exp><literal name="exitcond_flatten" val="0"/>
</and_exp></or_exp>
</condition>

<Node id="118" bw="8" op_0_bw="8" op_1_bw="8">
<![CDATA[
.reset:71  %V = xor i8 %tmp_66_i_i, -128

]]></Node>
<StgValue><ssdm name="V"/></StgValue>
</operation>

<operation id="120" st_id="8" stage="1" lat="1">
<core>FIFO</core>
<MemPortIdVec></MemPortIdVec>
<condition id="0">
<or_exp><and_exp><literal name="exitcond_flatten" val="0"/>
</and_exp></or_exp>
</condition>

<Node id="119" bw="0" op_0_bw="0" op_1_bw="8" op_2_bw="8">
<![CDATA[
.reset:72  call void @_ssdm_op_Write.ap_fifo.volatile.i8P(i8* %out_channels_ch1, i8 %Y)

]]></Node>
<StgValue><ssdm name=""/></StgValue>
</operation>

<operation id="121" st_id="8" stage="1" lat="1">
<core>FIFO</core>
<MemPortIdVec></MemPortIdVec>
<condition id="0">
<or_exp><and_exp><literal name="exitcond_flatten" val="0"/>
</and_exp></or_exp>
</condition>

<Node id="120" bw="0" op_0_bw="0" op_1_bw="8" op_2_bw="8">
<![CDATA[
.reset:73  call void @_ssdm_op_Write.ap_fifo.volatile.i8P(i8* %out_channels_ch2, i8 %U)

]]></Node>
<StgValue><ssdm name=""/></StgValue>
</operation>

<operation id="122" st_id="8" stage="1" lat="1">
<core>FIFO</core>
<MemPortIdVec></MemPortIdVec>
<condition id="0">
<or_exp><and_exp><literal name="exitcond_flatten" val="0"/>
</and_exp></or_exp>
</condition>

<Node id="121" bw="0" op_0_bw="0" op_1_bw="8" op_2_bw="8">
<![CDATA[
.reset:74  call void @_ssdm_op_Write.ap_fifo.volatile.i8P(i8* %out_channels_ch3, i8 %V)

]]></Node>
<StgValue><ssdm name=""/></StgValue>
</operation>

<operation id="123" st_id="8" stage="1" lat="1">
<core>NULL</core>
<MemPortIdVec></MemPortIdVec>
<condition id="0">
<or_exp><and_exp><literal name="exitcond_flatten" val="0"/>
</and_exp></or_exp>
</condition>

<Node id="122" bw="32" op_0_bw="32" op_1_bw="0" op_2_bw="32">
<![CDATA[
.reset:75  %empty_79 = call i32 (...)* @_ssdm_op_SpecRegionEnd([15 x i8]* @p_str2, i32 %tmp_69_i_i)

]]></Node>
<StgValue><ssdm name="empty_79"/></StgValue>
</operation>

<operation id="124" st_id="8" stage="1" lat="1">
<core>NULL</core>
<MemPortIdVec></MemPortIdVec>
<condition id="0">
<or_exp><and_exp><literal name="exitcond_flatten" val="0"/>
</and_exp></or_exp>
</condition>

<Node id="124" bw="0" op_0_bw="0">
<![CDATA[
.reset:77  br label %0

]]></Node>
<StgValue><ssdm name=""/></StgValue>
</operation>
</state>

<state id="9" st_id="9">

<operation id="125" st_id="9" stage="1" lat="1">
<core>NULL</core>
<MemPortIdVec></MemPortIdVec>
<condition id="21">
<or_exp><and_exp></and_exp></or_exp>
</condition>

<Node id="126" bw="0">
<![CDATA[
.exit:0  ret void

]]></Node>
<StgValue><ssdm name=""/></StgValue>
</operation>
</state>
</state_list>


<ports>
</ports>


<dataflows>
</dataflows>


</stg>
