<profile>

<section name = "Vivado HLS Report for 'yuv2rgb'" level="0">
<item name = "Date">Fri Nov 01 16:56:57 2024
</item>
<item name = "Version">2016.3 (Build 1682563 on Mon Oct 10 19:41:59 MDT 2016)</item>
<item name = "Project">yuv_filter.prj</item>
<item name = "Solution">solution3</item>
<item name = "Product family">zynq</item>
<item name = "Target device">xc7z020clg484-1</item>
</section>

<section name = "Performance Estimates" level="0">
<item name = "Timing (ns)">
<section name = "" level="1">
<item name = "Summary"><table name="" hasTotal="0">
<keys size="4">Clock, Target, Estimated, Uncertainty</keys>
<column name="ap_clk">10.00, 11.19, 1.25</column>
</table>
</item>
</section>
</item>
<item name = "Latency (clock cycles)">
<section name = "" level="1">
<item name = "Summary"><table name="" hasTotal="0">
<keys size="6">, min, max, min, max, Type</keys>
<column name="">40007, 2457607, 40007, 2457607, none</column>
</table>
</item>
<item name = "Detail">
<section name = "" level="1">
<item name = "Instance"><table name="" hasTotal="0">
<keys size="7">Instance, Module, min, max, min, max, Type</keys>
</table>
</item>
<item name = "Loop"><table name="" hasTotal="0">
<keys size="8">Loop Name, min, max, Latency, achieved, target, Count, Pipelined</keys>
<column name="- YUV2RGB_LOOP_X_YUV2RGB_LOOP_Y">40004, 2457604, 6, 1, 1, 40000 ~ 2457600, yes</column>
</table>
</item>
</section>
</item>
</section>
</item>
</section>

<section name = "Utilization Estimates" level="0">
<item name = "Summary"><table name="" hasTotal="1">
<keys size="5">Name, BRAM_18K, DSP48E, FF, LUT</keys>
<column name="DSP">-, 4, -, -</column>
<column name="Expression">-, 1, 0, 268</column>
<column name="FIFO">-, -, -, -</column>
<column name="Instance">-, -, -, -</column>
<column name="Memory">-, -, -, -</column>
<column name="Multiplexer">-, -, -, 87</column>
<column name="Register">-, -, 278, 24</column>
<specialColumn name="Available">280, 220, 106400, 53200</specialColumn>
<specialColumn name="Utilization (%)">0, 2, ~0, ~0</specialColumn>
</table>
</item>
<item name = "Detail">
<section name = "" level="1">
<item name = "Instance"><table name="" hasTotal="1">
<keys size="6">Instance, Module, BRAM_18K, DSP48E, FF, LUT</keys>
</table>
</item>
<item name = "DSP48"><table name="" hasTotal="0">
<keys size="3">Instance, Module, Expression</keys>
<column name="yuv_filter_ama_adg8j_U37">yuv_filter_ama_adg8j, i0 + i1 * (i2 + i3)</column>
<column name="yuv_filter_mac_muhbi_U38">yuv_filter_mac_muhbi, i0 + i1 * i2</column>
<column name="yuv_filter_mac_muibs_U39">yuv_filter_mac_muibs, i0 * i1 + i2</column>
<column name="yuv_filter_mul_mubkb_x_U36">yuv_filter_mul_mubkb, i0 * i1</column>
</table>
</item>
<item name = "Memory"><table name="" hasTotal="1">
<keys size="9">Memory, Module, BRAM_18K, FF, LUT, Words, Bits, Banks, W*Bits*Banks</keys>
</table>
</item>
<item name = "FIFO"><table name="" hasTotal="1">
<keys size="7">Name, BRAM_18K, FF, LUT, Depth, Bits, Size:D*B</keys>
</table>
</item>
<item name = "Expression"><table name="" hasTotal="1">
<keys size="7">Variable Name, Operation, DSP48E, FF, LUT, Bitwidth P0, Bitwidth P1</keys>
<column name="tmp_12_fu_340_p2">*, 1, 0, 0, 9, 8</column>
<column name="indvar_flatten_next_fu_244_p2">+, 0, 0, 32, 32, 1</column>
<column name="tmp_13_fu_411_p2">+, 0, 0, 18, 18, 18</column>
<column name="tmp_17_fu_494_p2">+, 0, 0, 18, 18, 18</column>
<column name="tmp_18_fu_504_p2">+, 0, 0, 18, 18, 18</column>
<column name="tmp_19_fu_509_p2">+, 0, 0, 19, 19, 19</column>
<column name="tmp_7_fu_301_p2">+, 0, 0, 11, 23, 23</column>
<column name="tmp_s_fu_311_p2">+, 0, 0, 11, 23, 23</column>
<column name="x_1_fu_250_p2">+, 0, 0, 16, 1, 16</column>
<column name="y_1_fu_317_p2">+, 0, 0, 16, 1, 16</column>
<column name="exitcond_flatten_fu_239_p2">icmp, 0, 0, 11, 32, 32</column>
<column name="exitcond_fu_256_p2">icmp, 0, 0, 6, 16, 16</column>
<column name="icmp1_fu_426_p2">icmp, 0, 0, 1, 2, 1</column>
<column name="icmp2_fu_525_p2">icmp, 0, 0, 2, 3, 1</column>
<column name="icmp_fu_361_p2">icmp, 0, 0, 1, 2, 1</column>
<column name="ap_condition_108">or, 0, 0, 1, 1, 1</column>
<column name="ap_condition_132">or, 0, 0, 1, 1, 1</column>
<column name="tmp_10_fu_391_p2">or, 0, 0, 1, 1, 1</column>
<column name="tmp_16_fu_458_p2">or, 0, 0, 1, 1, 1</column>
<column name="tmp_22_fu_557_p2">or, 0, 0, 1, 1, 1</column>
<column name="B_fu_563_p3">select, 0, 0, 8, 1, 8</column>
<column name="G_fu_464_p3">select, 0, 0, 8, 1, 8</column>
<column name="R_fu_397_p3">select, 0, 0, 8, 1, 8</column>
<column name="p_phitmp2_fu_450_p3">select, 0, 0, 2, 1, 2</column>
<column name="p_phitmp3_fu_549_p3">select, 0, 0, 2, 1, 2</column>
<column name="p_phitmp_fu_383_p3">select, 0, 0, 2, 1, 2</column>
<column name="tmp_mid2_v_fu_269_p3">select, 0, 0, 16, 1, 16</column>
<column name="y_mid2_fu_261_p3">select, 0, 0, 16, 1, 1</column>
<column name="D_fu_326_p2">xor, 0, 0, 10, 8, 9</column>
<column name="E_fu_331_p2">xor, 0, 0, 10, 8, 9</column>
</table>
</item>
<item name = "Multiplexer"><table name="" hasTotal="1">
<keys size="5">Name, LUT, Input Size, Bits, Total Bits</keys>
<column name="ap_NS_fsm">1, 5, 1, 5</column>
<column name="ap_enable_reg_pp0_iter5">1, 2, 1, 2</column>
<column name="in_channels_ch1_blk_n">1, 2, 1, 2</column>
<column name="in_channels_ch2_blk_n">1, 2, 1, 2</column>
<column name="in_channels_ch3_blk_n">1, 2, 1, 2</column>
<column name="in_height_blk_n">1, 2, 1, 2</column>
<column name="in_width_blk_n">1, 2, 1, 2</column>
<column name="indvar_flatten_reg_200">32, 2, 32, 64</column>
<column name="x_phi_fu_215_p4">16, 2, 16, 32</column>
<column name="x_reg_211">16, 2, 16, 32</column>
<column name="y_reg_222">16, 2, 16, 32</column>
</table>
</item>
<item name = "Register"><table name="" hasTotal="1">
<keys size="5">Name, FF, LUT, Bits, Const Bits</keys>
<column name="B_reg_703">8, 0, 8, 0</column>
<column name="D_reg_668">8, 0, 8, 0</column>
<column name="E_reg_675">8, 0, 8, 0</column>
<column name="G_reg_698">8, 0, 8, 0</column>
<column name="R_reg_693">8, 0, 8, 0</column>
<column name="U_reg_658">8, 0, 8, 0</column>
<column name="V_reg_663">8, 0, 8, 0</column>
<column name="Y_reg_653">8, 0, 8, 0</column>
<column name="ap_CS_fsm">4, 0, 4, 0</column>
<column name="ap_done_reg">1, 0, 1, 0</column>
<column name="ap_enable_reg_pp0_iter0">1, 0, 1, 0</column>
<column name="ap_enable_reg_pp0_iter1">1, 0, 1, 0</column>
<column name="ap_enable_reg_pp0_iter2">1, 0, 1, 0</column>
<column name="ap_enable_reg_pp0_iter3">1, 0, 1, 0</column>
<column name="ap_enable_reg_pp0_iter4">1, 0, 1, 0</column>
<column name="ap_enable_reg_pp0_iter5">1, 0, 1, 0</column>
<column name="bound_reg_624">32, 0, 32, 0</column>
<column name="exitcond_flatten_reg_629">1, 0, 1, 0</column>
<column name="height_reg_617">16, 0, 16, 0</column>
<column name="indvar_flatten_reg_200">32, 0, 32, 0</column>
<column name="tmp_12_reg_688">17, 0, 17, 0</column>
<column name="tmp_5_reg_680">18, 0, 18, 0</column>
<column name="tmp_mid2_v_reg_638">16, 0, 16, 0</column>
<column name="tmp_s_reg_643">23, 0, 23, 0</column>
<column name="width_reg_611">16, 0, 16, 0</column>
<column name="x_reg_211">16, 0, 16, 0</column>
<column name="y_reg_222">16, 0, 16, 0</column>
<column name="exitcond_flatten_reg_629">0, 1, 1, 0</column>
<column name="tmp_s_reg_643">0, 23, 23, 0</column>
</table>
</item>
</section>
</item>
</section>

<section name = "Interface" level="0">
<item name = "Summary"><table name="" hasTotal="0">
<keys size="6">RTL Ports, Dir, Bits, Protocol, Source Object, C Type</keys>
<column name="ap_clk">in, 1, ap_ctrl_hs, yuv2rgb, return value</column>
<column name="ap_rst">in, 1, ap_ctrl_hs, yuv2rgb, return value</column>
<column name="ap_start">in, 1, ap_ctrl_hs, yuv2rgb, return value</column>
<column name="ap_done">out, 1, ap_ctrl_hs, yuv2rgb, return value</column>
<column name="ap_continue">in, 1, ap_ctrl_hs, yuv2rgb, return value</column>
<column name="ap_idle">out, 1, ap_ctrl_hs, yuv2rgb, return value</column>
<column name="ap_ready">out, 1, ap_ctrl_hs, yuv2rgb, return value</column>
<column name="in_channels_ch1_dout">in, 8, ap_fifo, in_channels_ch1, pointer</column>
<column name="in_channels_ch1_empty_n">in, 1, ap_fifo, in_channels_ch1, pointer</column>
<column name="in_channels_ch1_read">out, 1, ap_fifo, in_channels_ch1, pointer</column>
<column name="in_channels_ch2_dout">in, 8, ap_fifo, in_channels_ch2, pointer</column>
<column name="in_channels_ch2_empty_n">in, 1, ap_fifo, in_channels_ch2, pointer</column>
<column name="in_channels_ch2_read">out, 1, ap_fifo, in_channels_ch2, pointer</column>
<column name="in_channels_ch3_dout">in, 8, ap_fifo, in_channels_ch3, pointer</column>
<column name="in_channels_ch3_empty_n">in, 1, ap_fifo, in_channels_ch3, pointer</column>
<column name="in_channels_ch3_read">out, 1, ap_fifo, in_channels_ch3, pointer</column>
<column name="in_width_dout">in, 16, ap_fifo, in_width, pointer</column>
<column name="in_width_empty_n">in, 1, ap_fifo, in_width, pointer</column>
<column name="in_width_read">out, 1, ap_fifo, in_width, pointer</column>
<column name="in_height_dout">in, 16, ap_fifo, in_height, pointer</column>
<column name="in_height_empty_n">in, 1, ap_fifo, in_height, pointer</column>
<column name="in_height_read">out, 1, ap_fifo, in_height, pointer</column>
<column name="out_channels_ch1_address0">out, 22, ap_memory, out_channels_ch1, array</column>
<column name="out_channels_ch1_ce0">out, 1, ap_memory, out_channels_ch1, array</column>
<column name="out_channels_ch1_we0">out, 1, ap_memory, out_channels_ch1, array</column>
<column name="out_channels_ch1_d0">out, 8, ap_memory, out_channels_ch1, array</column>
<column name="out_channels_ch2_address0">out, 22, ap_memory, out_channels_ch2, array</column>
<column name="out_channels_ch2_ce0">out, 1, ap_memory, out_channels_ch2, array</column>
<column name="out_channels_ch2_we0">out, 1, ap_memory, out_channels_ch2, array</column>
<column name="out_channels_ch2_d0">out, 8, ap_memory, out_channels_ch2, array</column>
<column name="out_channels_ch3_address0">out, 22, ap_memory, out_channels_ch3, array</column>
<column name="out_channels_ch3_ce0">out, 1, ap_memory, out_channels_ch3, array</column>
<column name="out_channels_ch3_we0">out, 1, ap_memory, out_channels_ch3, array</column>
<column name="out_channels_ch3_d0">out, 8, ap_memory, out_channels_ch3, array</column>
<column name="out_width">out, 16, ap_vld, out_width, pointer</column>
<column name="out_width_ap_vld">out, 1, ap_vld, out_width, pointer</column>
<column name="out_height">out, 16, ap_vld, out_height, pointer</column>
<column name="out_height_ap_vld">out, 1, ap_vld, out_height, pointer</column>
</table>
</item>
</section>
</profile>
