<stg><name>yuv2rgb</name>


<trans_list>

<trans id="110" from="1" to="2">
<condition id="36">
<or_exp><and_exp></and_exp></or_exp>
</condition>
</trans>

<trans id="111" from="2" to="3">
<condition id="38">
<or_exp><and_exp></and_exp></or_exp>
</condition>
</trans>

<trans id="126" from="3" to="9">
<condition id="49">
<or_exp><and_exp><literal name="exitcond_flatten" val="1"/>
</and_exp></or_exp>
</condition>
</trans>

<trans id="127" from="3" to="4">
<condition id="55">
<or_exp><and_exp><literal name="exitcond_flatten" val="0"/>
</and_exp></or_exp>
</condition>
</trans>

<trans id="121" from="4" to="5">
<condition id="50">
<or_exp><and_exp></and_exp></or_exp>
</condition>
</trans>

<trans id="122" from="5" to="6">
<condition id="51">
<or_exp><and_exp></and_exp></or_exp>
</condition>
</trans>

<trans id="123" from="6" to="7">
<condition id="52">
<or_exp><and_exp></and_exp></or_exp>
</condition>
</trans>

<trans id="124" from="7" to="8">
<condition id="53">
<or_exp><and_exp></and_exp></or_exp>
</condition>
</trans>

<trans id="125" from="8" to="3">
<condition id="54">
<or_exp><and_exp></and_exp></or_exp>
</condition>
</trans>
</trans_list>



<state_list>

<state id="1" st_id="1">

<operation id="10" st_id="1" stage="1" lat="1">
<core>FIFO</core>
<MemPortIdVec></MemPortIdVec>
<condition id="33">
<or_exp><and_exp></and_exp></or_exp>
</condition>

<Node id="16" bw="16" op_0_bw="16" op_1_bw="16">
<![CDATA[
:5  %width = call i16 @_ssdm_op_Read.ap_fifo.i16P(i16* %in_width)

]]></Node>
<StgValue><ssdm name="width"/></StgValue>
</operation>

<operation id="11" st_id="1" stage="1" lat="1">
<core>FIFO</core>
<MemPortIdVec></MemPortIdVec>
<condition id="33">
<or_exp><and_exp></and_exp></or_exp>
</condition>

<Node id="17" bw="16" op_0_bw="16" op_1_bw="16">
<![CDATA[
:6  %height = call i16 @_ssdm_op_Read.ap_fifo.i16P(i16* %in_height)

]]></Node>
<StgValue><ssdm name="height"/></StgValue>
</operation>
</state>

<state id="2" st_id="2">

<operation id="12" st_id="2" stage="1" lat="1">
<core>NULL</core>
<MemPortIdVec></MemPortIdVec>
<condition id="34">
<or_exp><and_exp></and_exp></or_exp>
</condition>

<Node id="11" bw="32" op_0_bw="32" op_1_bw="16" op_2_bw="0" op_3_bw="32" op_4_bw="32" op_5_bw="0" op_6_bw="32" op_7_bw="32" op_8_bw="0" op_9_bw="0" op_10_bw="0" op_11_bw="32" op_12_bw="32" op_13_bw="32" op_14_bw="32" op_15_bw="0" op_16_bw="0">
<![CDATA[
:0  %empty = call i32 (...)* @_ssdm_op_SpecInterface(i16* %in_height, [8 x i8]* @ap_fifo_str, i32 0, i32 0, [1 x i8]* @p_str, i32 0, i32 0, [1 x i8]* @p_str, [1 x i8]* @p_str, [1 x i8]* @p_str, i32 2, i32 2, i32 16, i32 16, [1 x i8]* @p_str, [1 x i8]* @p_str)

]]></Node>
<StgValue><ssdm name="empty"/></StgValue>
</operation>

<operation id="13" st_id="2" stage="1" lat="1">
<core>NULL</core>
<MemPortIdVec></MemPortIdVec>
<condition id="34">
<or_exp><and_exp></and_exp></or_exp>
</condition>

<Node id="12" bw="32" op_0_bw="32" op_1_bw="16" op_2_bw="0" op_3_bw="32" op_4_bw="32" op_5_bw="0" op_6_bw="32" op_7_bw="32" op_8_bw="0" op_9_bw="0" op_10_bw="0" op_11_bw="32" op_12_bw="32" op_13_bw="32" op_14_bw="32" op_15_bw="0" op_16_bw="0">
<![CDATA[
:1  %empty_67 = call i32 (...)* @_ssdm_op_SpecInterface(i16* %in_width, [8 x i8]* @ap_fifo_str, i32 0, i32 0, [1 x i8]* @p_str, i32 0, i32 0, [1 x i8]* @p_str, [1 x i8]* @p_str, [1 x i8]* @p_str, i32 2, i32 2, i32 16, i32 16, [1 x i8]* @p_str, [1 x i8]* @p_str)

]]></Node>
<StgValue><ssdm name="empty_67"/></StgValue>
</operation>

<operation id="14" st_id="2" stage="1" lat="1">
<core>NULL</core>
<MemPortIdVec></MemPortIdVec>
<condition id="34">
<or_exp><and_exp></and_exp></or_exp>
</condition>

<Node id="13" bw="32" op_0_bw="32" op_1_bw="8" op_2_bw="0" op_3_bw="32" op_4_bw="32" op_5_bw="0" op_6_bw="32" op_7_bw="32" op_8_bw="0" op_9_bw="0" op_10_bw="0" op_11_bw="32" op_12_bw="32" op_13_bw="32" op_14_bw="32" op_15_bw="0" op_16_bw="0">
<![CDATA[
:2  %empty_68 = call i32 (...)* @_ssdm_op_SpecInterface(i8* %in_channels_ch3, [8 x i8]* @ap_fifo_str, i32 0, i32 0, [1 x i8]* @p_str, i32 0, i32 0, [1 x i8]* @p_str, [1 x i8]* @p_str, [1 x i8]* @p_str, i32 2, i32 2, i32 16, i32 16, [1 x i8]* @p_str, [1 x i8]* @p_str)

]]></Node>
<StgValue><ssdm name="empty_68"/></StgValue>
</operation>

<operation id="15" st_id="2" stage="1" lat="1">
<core>NULL</core>
<MemPortIdVec></MemPortIdVec>
<condition id="34">
<or_exp><and_exp></and_exp></or_exp>
</condition>

<Node id="14" bw="32" op_0_bw="32" op_1_bw="8" op_2_bw="0" op_3_bw="32" op_4_bw="32" op_5_bw="0" op_6_bw="32" op_7_bw="32" op_8_bw="0" op_9_bw="0" op_10_bw="0" op_11_bw="32" op_12_bw="32" op_13_bw="32" op_14_bw="32" op_15_bw="0" op_16_bw="0">
<![CDATA[
:3  %empty_69 = call i32 (...)* @_ssdm_op_SpecInterface(i8* %in_channels_ch2, [8 x i8]* @ap_fifo_str, i32 0, i32 0, [1 x i8]* @p_str, i32 0, i32 0, [1 x i8]* @p_str, [1 x i8]* @p_str, [1 x i8]* @p_str, i32 2, i32 2, i32 16, i32 16, [1 x i8]* @p_str, [1 x i8]* @p_str)

]]></Node>
<StgValue><ssdm name="empty_69"/></StgValue>
</operation>

<operation id="16" st_id="2" stage="1" lat="1">
<core>NULL</core>
<MemPortIdVec></MemPortIdVec>
<condition id="34">
<or_exp><and_exp></and_exp></or_exp>
</condition>

<Node id="15" bw="32" op_0_bw="32" op_1_bw="8" op_2_bw="0" op_3_bw="32" op_4_bw="32" op_5_bw="0" op_6_bw="32" op_7_bw="32" op_8_bw="0" op_9_bw="0" op_10_bw="0" op_11_bw="32" op_12_bw="32" op_13_bw="32" op_14_bw="32" op_15_bw="0" op_16_bw="0">
<![CDATA[
:4  %empty_70 = call i32 (...)* @_ssdm_op_SpecInterface(i8* %in_channels_ch1, [8 x i8]* @ap_fifo_str, i32 0, i32 0, [1 x i8]* @p_str, i32 0, i32 0, [1 x i8]* @p_str, [1 x i8]* @p_str, [1 x i8]* @p_str, i32 2, i32 2, i32 16, i32 16, [1 x i8]* @p_str, [1 x i8]* @p_str)

]]></Node>
<StgValue><ssdm name="empty_70"/></StgValue>
</operation>

<operation id="17" st_id="2" stage="1" lat="1">
<core>NULL</core>
<MemPortIdVec></MemPortIdVec>
<condition id="34">
<or_exp><and_exp></and_exp></or_exp>
</condition>

<Node id="18" bw="0" op_0_bw="0" op_1_bw="16" op_2_bw="16">
<![CDATA[
:7  call void @_ssdm_op_Write.ap_auto.i16P(i16* %out_width, i16 %width)

]]></Node>
<StgValue><ssdm name=""/></StgValue>
</operation>

<operation id="18" st_id="2" stage="1" lat="1">
<core>NULL</core>
<MemPortIdVec></MemPortIdVec>
<condition id="34">
<or_exp><and_exp></and_exp></or_exp>
</condition>

<Node id="19" bw="0" op_0_bw="0" op_1_bw="16" op_2_bw="16">
<![CDATA[
:8  call void @_ssdm_op_Write.ap_auto.i16P(i16* %out_height, i16 %height)

]]></Node>
<StgValue><ssdm name=""/></StgValue>
</operation>

<operation id="19" st_id="2" stage="1" lat="1">
<core>NULL</core>
<MemPortIdVec></MemPortIdVec>
<condition id="34">
<or_exp><and_exp></and_exp></or_exp>
</condition>

<Node id="20" bw="32" op_0_bw="16">
<![CDATA[
:9  %cast = zext i16 %width to i32

]]></Node>
<StgValue><ssdm name="cast"/></StgValue>
</operation>

<operation id="20" st_id="2" stage="1" lat="1">
<core>NULL</core>
<MemPortIdVec></MemPortIdVec>
<condition id="34">
<or_exp><and_exp></and_exp></or_exp>
</condition>

<Node id="21" bw="32" op_0_bw="16">
<![CDATA[
:10  %cast1 = zext i16 %height to i32

]]></Node>
<StgValue><ssdm name="cast1"/></StgValue>
</operation>

<operation id="21" st_id="2" stage="1" lat="1">
<core>DSP48</core>
<MemPortIdVec></MemPortIdVec>
<condition id="34">
<or_exp><and_exp></and_exp></or_exp>
</condition>

<Node id="22" bw="32" op_0_bw="32" op_1_bw="32">
<![CDATA[
:11  %bound = mul i32 %cast1, %cast

]]></Node>
<StgValue><ssdm name="bound"/></StgValue>
</operation>

<operation id="22" st_id="2" stage="1" lat="1">
<core>NULL</core>
<MemPortIdVec></MemPortIdVec>
<condition id="34">
<or_exp><and_exp></and_exp></or_exp>
</condition>

<Node id="23" bw="0" op_0_bw="0">
<![CDATA[
:12  br label %1

]]></Node>
<StgValue><ssdm name=""/></StgValue>
</operation>
</state>

<state id="3" st_id="3">

<operation id="23" st_id="3" stage="1" lat="1">
<core>NULL</core>
<MemPortIdVec></MemPortIdVec>
<condition id="-1">
<or_exp><and_exp></and_exp></or_exp>
</condition>

<Node id="25" bw="32" op_0_bw="32" op_1_bw="0">
<![CDATA[
:0  %indvar_flatten = phi i32 [ 0, %0 ], [ %indvar_flatten_next, %.reset ]

]]></Node>
<StgValue><ssdm name="indvar_flatten"/></StgValue>
</operation>

<operation id="24" st_id="3" stage="1" lat="1">
<core>NULL</core>
<MemPortIdVec></MemPortIdVec>
<condition id="-1">
<or_exp><and_exp></and_exp></or_exp>
</condition>

<Node id="26" bw="16" op_0_bw="16" op_1_bw="0">
<![CDATA[
:1  %x = phi i16 [ 0, %0 ], [ %tmp_mid2_v, %.reset ]

]]></Node>
<StgValue><ssdm name="x"/></StgValue>
</operation>

<operation id="25" st_id="3" stage="1" lat="1">
<core>NULL</core>
<MemPortIdVec></MemPortIdVec>
<condition id="-1">
<or_exp><and_exp></and_exp></or_exp>
</condition>

<Node id="27" bw="16" op_0_bw="16" op_1_bw="0">
<![CDATA[
:2  %y = phi i16 [ 0, %0 ], [ %y_1, %.reset ]

]]></Node>
<StgValue><ssdm name="y"/></StgValue>
</operation>

<operation id="26" st_id="3" stage="1" lat="1">
<core>Cmp</core>
<MemPortIdVec></MemPortIdVec>
<condition id="-1">
<or_exp><and_exp></and_exp></or_exp>
</condition>

<Node id="28" bw="1" op_0_bw="32" op_1_bw="32">
<![CDATA[
:3  %exitcond_flatten = icmp eq i32 %indvar_flatten, %bound

]]></Node>
<StgValue><ssdm name="exitcond_flatten"/></StgValue>
</operation>

<operation id="27" st_id="3" stage="1" lat="1">
<core>AddSub</core>
<MemPortIdVec></MemPortIdVec>
<condition id="-1">
<or_exp><and_exp></and_exp></or_exp>
</condition>

<Node id="29" bw="32" op_0_bw="32" op_1_bw="32">
<![CDATA[
:4  %indvar_flatten_next = add i32 %indvar_flatten, 1

]]></Node>
<StgValue><ssdm name="indvar_flatten_next"/></StgValue>
</operation>

<operation id="28" st_id="3" stage="1" lat="1">
<core>NULL</core>
<MemPortIdVec></MemPortIdVec>
<condition id="-1">
<or_exp><and_exp></and_exp></or_exp>
</condition>

<Node id="30" bw="0" op_0_bw="1" op_1_bw="0" op_2_bw="0">
<![CDATA[
:5  br i1 %exitcond_flatten, label %2, label %.reset

]]></Node>
<StgValue><ssdm name=""/></StgValue>
</operation>

<operation id="29" st_id="3" stage="1" lat="1">
<core>AddSub</core>
<MemPortIdVec></MemPortIdVec>
<condition id="0">
<or_exp><and_exp><literal name="exitcond_flatten" val="0"/>
</and_exp></or_exp>
</condition>

<Node id="32" bw="16" op_0_bw="16" op_1_bw="16">
<![CDATA[
.reset:0  %x_1 = add i16 1, %x

]]></Node>
<StgValue><ssdm name="x_1"/></StgValue>
</operation>

<operation id="30" st_id="3" stage="1" lat="1">
<core>Cmp</core>
<MemPortIdVec></MemPortIdVec>
<condition id="0">
<or_exp><and_exp><literal name="exitcond_flatten" val="0"/>
</and_exp></or_exp>
</condition>

<Node id="35" bw="1" op_0_bw="16" op_1_bw="16">
<![CDATA[
.reset:3  %exitcond = icmp eq i16 %y, %height

]]></Node>
<StgValue><ssdm name="exitcond"/></StgValue>
</operation>

<operation id="31" st_id="3" stage="1" lat="1">
<core>Sel</core>
<MemPortIdVec></MemPortIdVec>
<condition id="0">
<or_exp><and_exp><literal name="exitcond_flatten" val="0"/>
</and_exp></or_exp>
</condition>

<Node id="36" bw="16" op_0_bw="1" op_1_bw="16" op_2_bw="16">
<![CDATA[
.reset:4  %y_mid2 = select i1 %exitcond, i16 0, i16 %y

]]></Node>
<StgValue><ssdm name="y_mid2"/></StgValue>
</operation>

<operation id="32" st_id="3" stage="1" lat="1">
<core>Sel</core>
<MemPortIdVec></MemPortIdVec>
<condition id="0">
<or_exp><and_exp><literal name="exitcond_flatten" val="0"/>
</and_exp></or_exp>
</condition>

<Node id="37" bw="16" op_0_bw="1" op_1_bw="16" op_2_bw="16">
<![CDATA[
.reset:5  %tmp_mid2_v = select i1 %exitcond, i16 %x_1, i16 %x

]]></Node>
<StgValue><ssdm name="tmp_mid2_v"/></StgValue>
</operation>

<operation id="33" st_id="3" stage="1" lat="1">
<core>NULL</core>
<MemPortIdVec></MemPortIdVec>
<condition id="0">
<or_exp><and_exp><literal name="exitcond_flatten" val="0"/>
</and_exp></or_exp>
</condition>

<Node id="38" bw="13" op_0_bw="16">
<![CDATA[
.reset:6  %tmp = trunc i16 %tmp_mid2_v to i13

]]></Node>
<StgValue><ssdm name="tmp"/></StgValue>
</operation>

<operation id="34" st_id="3" stage="1" lat="1">
<core>NULL</core>
<MemPortIdVec></MemPortIdVec>
<condition id="0">
<or_exp><and_exp><literal name="exitcond_flatten" val="0"/>
</and_exp></or_exp>
</condition>

<Node id="39" bw="23" op_0_bw="23" op_1_bw="13" op_2_bw="10">
<![CDATA[
.reset:7  %p_shl2_cast = call i23 @_ssdm_op_BitConcatenate.i23.i13.i10(i13 %tmp, i10 0)

]]></Node>
<StgValue><ssdm name="p_shl2_cast"/></StgValue>
</operation>

<operation id="35" st_id="3" stage="1" lat="1">
<core>NULL</core>
<MemPortIdVec></MemPortIdVec>
<condition id="0">
<or_exp><and_exp><literal name="exitcond_flatten" val="0"/>
</and_exp></or_exp>
</condition>

<Node id="40" bw="15" op_0_bw="16">
<![CDATA[
.reset:8  %tmp_1 = trunc i16 %tmp_mid2_v to i15

]]></Node>
<StgValue><ssdm name="tmp_1"/></StgValue>
</operation>

<operation id="36" st_id="3" stage="1" lat="1">
<core>NULL</core>
<MemPortIdVec></MemPortIdVec>
<condition id="0">
<or_exp><and_exp><literal name="exitcond_flatten" val="0"/>
</and_exp></or_exp>
</condition>

<Node id="41" bw="23" op_0_bw="23" op_1_bw="15" op_2_bw="8">
<![CDATA[
.reset:9  %p_shl3_cast = call i23 @_ssdm_op_BitConcatenate.i23.i15.i8(i15 %tmp_1, i8 0)

]]></Node>
<StgValue><ssdm name="p_shl3_cast"/></StgValue>
</operation>

<operation id="37" st_id="3" stage="1" lat="1">
<core>TAddSub</core>
<MemPortIdVec></MemPortIdVec>
<condition id="0">
<or_exp><and_exp><literal name="exitcond_flatten" val="0"/>
</and_exp></or_exp>
</condition>

<Node id="42" bw="23" op_0_bw="23" op_1_bw="23">
<![CDATA[
.reset:10  %tmp_7 = add i23 %p_shl3_cast, %p_shl2_cast

]]></Node>
<StgValue><ssdm name="tmp_7"/></StgValue>
</operation>

<operation id="38" st_id="3" stage="1" lat="1">
<core>NULL</core>
<MemPortIdVec></MemPortIdVec>
<condition id="0">
<or_exp><and_exp><literal name="exitcond_flatten" val="0"/>
</and_exp></or_exp>
</condition>

<Node id="46" bw="23" op_0_bw="16">
<![CDATA[
.reset:14  %tmp_cast = zext i16 %y_mid2 to i23

]]></Node>
<StgValue><ssdm name="tmp_cast"/></StgValue>
</operation>

<operation id="39" st_id="3" stage="1" lat="1">
<core>TAddSub</core>
<MemPortIdVec></MemPortIdVec>
<condition id="0">
<or_exp><and_exp><literal name="exitcond_flatten" val="0"/>
</and_exp></or_exp>
</condition>

<Node id="47" bw="23" op_0_bw="23" op_1_bw="23">
<![CDATA[
.reset:15  %tmp_s = add i23 %tmp_7, %tmp_cast

]]></Node>
<StgValue><ssdm name="tmp_s"/></StgValue>
</operation>

<operation id="40" st_id="3" stage="1" lat="1">
<core>AddSub</core>
<MemPortIdVec></MemPortIdVec>
<condition id="0">
<or_exp><and_exp><literal name="exitcond_flatten" val="0"/>
</and_exp></or_exp>
</condition>

<Node id="107" bw="16" op_0_bw="16" op_1_bw="16">
<![CDATA[
.reset:75  %y_1 = add i16 1, %y_mid2

]]></Node>
<StgValue><ssdm name="y_1"/></StgValue>
</operation>
</state>

<state id="4" st_id="4">

<operation id="41" st_id="4" stage="1" lat="1">
<core>FIFO</core>
<MemPortIdVec></MemPortIdVec>
<condition id="0">
<or_exp><and_exp><literal name="exitcond_flatten" val="0"/>
</and_exp></or_exp>
</condition>

<Node id="52" bw="8" op_0_bw="8" op_1_bw="8">
<![CDATA[
.reset:20  %Y = call i8 @_ssdm_op_Read.ap_fifo.volatile.i8P(i8* %in_channels_ch1)

]]></Node>
<StgValue><ssdm name="Y"/></StgValue>
</operation>

<operation id="42" st_id="4" stage="1" lat="1">
<core>FIFO</core>
<MemPortIdVec></MemPortIdVec>
<condition id="0">
<or_exp><and_exp><literal name="exitcond_flatten" val="0"/>
</and_exp></or_exp>
</condition>

<Node id="53" bw="8" op_0_bw="8" op_1_bw="8">
<![CDATA[
.reset:21  %U = call i8 @_ssdm_op_Read.ap_fifo.volatile.i8P(i8* %in_channels_ch2)

]]></Node>
<StgValue><ssdm name="U"/></StgValue>
</operation>

<operation id="43" st_id="4" stage="1" lat="1">
<core>FIFO</core>
<MemPortIdVec></MemPortIdVec>
<condition id="0">
<or_exp><and_exp><literal name="exitcond_flatten" val="0"/>
</and_exp></or_exp>
</condition>

<Node id="54" bw="8" op_0_bw="8" op_1_bw="8">
<![CDATA[
.reset:22  %V = call i8 @_ssdm_op_Read.ap_fifo.volatile.i8P(i8* %in_channels_ch3)

]]></Node>
<StgValue><ssdm name="V"/></StgValue>
</operation>
</state>

<state id="5" st_id="5">

<operation id="44" st_id="5" stage="1" lat="1">
<core>NULL</core>
<MemPortIdVec></MemPortIdVec>
<condition id="0">
<or_exp><and_exp><literal name="exitcond_flatten" val="0"/>
</and_exp></or_exp>
</condition>

<Node id="55" bw="9" op_0_bw="8">
<![CDATA[
.reset:23  %tmp_13_cast = zext i8 %Y to i9

]]></Node>
<StgValue><ssdm name="tmp_13_cast"/></StgValue>
</operation>

<operation id="45" st_id="5" stage="1" lat="1">
<core>DSP48</core>
<MemPortIdVec></MemPortIdVec>
<condition id="0">
<or_exp><and_exp><literal name="exitcond_flatten" val="0"/>
</and_exp></or_exp>
</condition>

<Node id="56" bw="9" op_0_bw="9" op_1_bw="9">
<![CDATA[
.reset:24  %C = add i9 -16, %tmp_13_cast

]]></Node>
<StgValue><ssdm name="C"/></StgValue>
</operation>

<operation id="46" st_id="5" stage="1" lat="1">
<core>LogicGate</core>
<MemPortIdVec></MemPortIdVec>
<condition id="0">
<or_exp><and_exp><literal name="exitcond_flatten" val="0"/>
</and_exp></or_exp>
</condition>

<Node id="57" bw="8" op_0_bw="8" op_1_bw="8">
<![CDATA[
.reset:25  %D = xor i8 %U, -128

]]></Node>
<StgValue><ssdm name="D"/></StgValue>
</operation>

<operation id="47" st_id="5" stage="1" lat="1">
<core>LogicGate</core>
<MemPortIdVec></MemPortIdVec>
<condition id="0">
<or_exp><and_exp><literal name="exitcond_flatten" val="0"/>
</and_exp></or_exp>
</condition>

<Node id="58" bw="8" op_0_bw="8" op_1_bw="8">
<![CDATA[
.reset:26  %E = xor i8 %V, -128

]]></Node>
<StgValue><ssdm name="E"/></StgValue>
</operation>

<operation id="48" st_id="5" stage="1" lat="1">
<core>NULL</core>
<MemPortIdVec></MemPortIdVec>
<condition id="0">
<or_exp><and_exp><literal name="exitcond_flatten" val="0"/>
</and_exp></or_exp>
</condition>

<Node id="59" bw="18" op_0_bw="9">
<![CDATA[
.reset:27  %tmp_16_cast = sext i9 %C to i18

]]></Node>
<StgValue><ssdm name="tmp_16_cast"/></StgValue>
</operation>

<operation id="49" st_id="5" stage="1" lat="1">
<core>DSP48</core>
<MemPortIdVec></MemPortIdVec>
<condition id="0">
<or_exp><and_exp><literal name="exitcond_flatten" val="0"/>
</and_exp></or_exp>
</condition>

<Node id="60" bw="18" op_0_bw="18" op_1_bw="18">
<![CDATA[
.reset:28  %tmp_3 = mul i18 298, %tmp_16_cast

]]></Node>
<StgValue><ssdm name="tmp_3"/></StgValue>
</operation>

<operation id="50" st_id="5" stage="1" lat="1">
<core>NULL</core>
<MemPortIdVec></MemPortIdVec>
<condition id="0">
<or_exp><and_exp><literal name="exitcond_flatten" val="0"/>
</and_exp></or_exp>
</condition>

<Node id="62" bw="17" op_0_bw="8">
<![CDATA[
.reset:30  %tmp_18_cast4_cast = sext i8 %E to i17

]]></Node>
<StgValue><ssdm name="tmp_18_cast4_cast"/></StgValue>
</operation>

<operation id="51" st_id="5" stage="1" lat="1">
<core>DSP48</core>
<MemPortIdVec></MemPortIdVec>
<condition id="0">
<or_exp><and_exp><literal name="exitcond_flatten" val="0"/>
</and_exp></or_exp>
</condition>

<Node id="64" bw="18" op_0_bw="18" op_1_bw="18">
<![CDATA[
.reset:32  %tmp_5 = add i18 128, %tmp_3

]]></Node>
<StgValue><ssdm name="tmp_5"/></StgValue>
</operation>

<operation id="52" st_id="5" stage="1" lat="1">
<core>Mul</core>
<MemPortIdVec></MemPortIdVec>
<condition id="0">
<or_exp><and_exp><literal name="exitcond_flatten" val="0"/>
</and_exp></or_exp>
</condition>

<Node id="77" bw="17" op_0_bw="17" op_1_bw="17">
<![CDATA[
.reset:45  %tmp_12 = mul i17 -208, %tmp_18_cast4_cast

]]></Node>
<StgValue><ssdm name="tmp_12"/></StgValue>
</operation>
</state>

<state id="6" st_id="6">

<operation id="53" st_id="6" stage="1" lat="1">
<core>NULL</core>
<MemPortIdVec></MemPortIdVec>
<condition id="0">
<or_exp><and_exp><literal name="exitcond_flatten" val="0"/>
</and_exp></or_exp>
</condition>

<Node id="61" bw="18" op_0_bw="8">
<![CDATA[
.reset:29  %tmp_18_cast4 = sext i8 %E to i18

]]></Node>
<StgValue><ssdm name="tmp_18_cast4"/></StgValue>
</operation>

<operation id="54" st_id="6" stage="1" lat="1">
<core>DSP48</core>
<MemPortIdVec></MemPortIdVec>
<condition id="0">
<or_exp><and_exp><literal name="exitcond_flatten" val="0"/>
</and_exp></or_exp>
</condition>

<Node id="63" bw="18" op_0_bw="18" op_1_bw="18">
<![CDATA[
.reset:31  %tmp_4 = mul i18 409, %tmp_18_cast4

]]></Node>
<StgValue><ssdm name="tmp_4"/></StgValue>
</operation>

<operation id="55" st_id="6" stage="1" lat="1">
<core>NULL</core>
<MemPortIdVec></MemPortIdVec>
<condition id="0">
<or_exp><and_exp><literal name="exitcond_flatten" val="0"/>
</and_exp></or_exp>
</condition>

<Node id="65" bw="19" op_0_bw="18">
<![CDATA[
.reset:33  %tmp_20_cast = sext i18 %tmp_5 to i19

]]></Node>
<StgValue><ssdm name="tmp_20_cast"/></StgValue>
</operation>

<operation id="56" st_id="6" stage="1" lat="1">
<core>DSP48</core>
<MemPortIdVec></MemPortIdVec>
<condition id="0">
<or_exp><and_exp><literal name="exitcond_flatten" val="0"/>
</and_exp></or_exp>
</condition>

<Node id="66" bw="18" op_0_bw="18" op_1_bw="18">
<![CDATA[
.reset:34  %tmp_6 = add i18 %tmp_5, %tmp_4

]]></Node>
<StgValue><ssdm name="tmp_6"/></StgValue>
</operation>

<operation id="57" st_id="6" stage="1" lat="1">
<core>NULL</core>
<MemPortIdVec></MemPortIdVec>
<condition id="0">
<or_exp><and_exp><literal name="exitcond_flatten" val="0"/>
</and_exp></or_exp>
</condition>

<Node id="67" bw="2" op_0_bw="2" op_1_bw="18" op_2_bw="32" op_3_bw="32">
<![CDATA[
.reset:35  %tmp_8 = call i2 @_ssdm_op_PartSelect.i2.i18.i32.i32(i18 %tmp_6, i32 16, i32 17)

]]></Node>
<StgValue><ssdm name="tmp_8"/></StgValue>
</operation>

<operation id="58" st_id="6" stage="1" lat="1">
<core>Cmp</core>
<MemPortIdVec></MemPortIdVec>
<condition id="0">
<or_exp><and_exp><literal name="exitcond_flatten" val="0"/>
</and_exp></or_exp>
</condition>

<Node id="68" bw="1" op_0_bw="2" op_1_bw="2">
<![CDATA[
.reset:36  %icmp = icmp eq i2 %tmp_8, 1

]]></Node>
<StgValue><ssdm name="icmp"/></StgValue>
</operation>

<operation id="59" st_id="6" stage="1" lat="1">
<core>NULL</core>
<MemPortIdVec></MemPortIdVec>
<condition id="0">
<or_exp><and_exp><literal name="exitcond_flatten" val="0"/>
</and_exp></or_exp>
</condition>

<Node id="69" bw="1" op_0_bw="1" op_1_bw="18" op_2_bw="32">
<![CDATA[
.reset:37  %tmp_9 = call i1 @_ssdm_op_BitSelect.i1.i18.i32(i18 %tmp_6, i32 17)

]]></Node>
<StgValue><ssdm name="tmp_9"/></StgValue>
</operation>

<operation id="60" st_id="6" stage="1" lat="1">
<core>NULL</core>
<MemPortIdVec></MemPortIdVec>
<condition id="0">
<or_exp><and_exp><literal name="exitcond_flatten" val="0"/>
</and_exp></or_exp>
</condition>

<Node id="70" bw="8" op_0_bw="8" op_1_bw="18" op_2_bw="32" op_3_bw="32">
<![CDATA[
.reset:38  %phitmp = call i8 @_ssdm_op_PartSelect.i8.i18.i32.i32(i18 %tmp_6, i32 8, i32 15)

]]></Node>
<StgValue><ssdm name="phitmp"/></StgValue>
</operation>

<operation id="61" st_id="6" stage="1" lat="1">
<core>Sel</core>
<MemPortIdVec></MemPortIdVec>
<condition id="0">
<or_exp><and_exp><literal name="exitcond_flatten" val="0"/>
</and_exp></or_exp>
</condition>

<Node id="71" bw="8" op_0_bw="1" op_1_bw="8" op_2_bw="8">
<![CDATA[
.reset:39  %p_phitmp = select i1 %icmp, i8 -1, i8 0

]]></Node>
<StgValue><ssdm name="p_phitmp"/></StgValue>
</operation>

<operation id="62" st_id="6" stage="1" lat="1">
<core>LogicGate</core>
<MemPortIdVec></MemPortIdVec>
<condition id="0">
<or_exp><and_exp><literal name="exitcond_flatten" val="0"/>
</and_exp></or_exp>
</condition>

<Node id="72" bw="1" op_0_bw="1" op_1_bw="1">
<![CDATA[
.reset:40  %tmp_10 = or i1 %icmp, %tmp_9

]]></Node>
<StgValue><ssdm name="tmp_10"/></StgValue>
</operation>

<operation id="63" st_id="6" stage="1" lat="1">
<core>Sel</core>
<MemPortIdVec></MemPortIdVec>
<condition id="0">
<or_exp><and_exp><literal name="exitcond_flatten" val="0"/>
</and_exp></or_exp>
</condition>

<Node id="73" bw="8" op_0_bw="1" op_1_bw="8" op_2_bw="8">
<![CDATA[
.reset:41  %R = select i1 %tmp_10, i8 %p_phitmp, i8 %phitmp

]]></Node>
<StgValue><ssdm name="R"/></StgValue>
</operation>

<operation id="64" st_id="6" stage="1" lat="1">
<core>NULL</core>
<MemPortIdVec></MemPortIdVec>
<condition id="0">
<or_exp><and_exp><literal name="exitcond_flatten" val="0"/>
</and_exp></or_exp>
</condition>

<Node id="74" bw="16" op_0_bw="8">
<![CDATA[
.reset:42  %tmp_26_cast3_cast = sext i8 %D to i16

]]></Node>
<StgValue><ssdm name="tmp_26_cast3_cast"/></StgValue>
</operation>

<operation id="65" st_id="6" stage="1" lat="1">
<core>DSP48</core>
<MemPortIdVec></MemPortIdVec>
<condition id="0">
<or_exp><and_exp><literal name="exitcond_flatten" val="0"/>
</and_exp></or_exp>
</condition>

<Node id="75" bw="16" op_0_bw="16" op_1_bw="16">
<![CDATA[
.reset:43  %tmp_11 = mul i16 -100, %tmp_26_cast3_cast

]]></Node>
<StgValue><ssdm name="tmp_11"/></StgValue>
</operation>

<operation id="66" st_id="6" stage="1" lat="1">
<core>NULL</core>
<MemPortIdVec></MemPortIdVec>
<condition id="0">
<or_exp><and_exp><literal name="exitcond_flatten" val="0"/>
</and_exp></or_exp>
</condition>

<Node id="76" bw="17" op_0_bw="16">
<![CDATA[
.reset:44  %tmp_11_cast = sext i16 %tmp_11 to i17

]]></Node>
<StgValue><ssdm name="tmp_11_cast"/></StgValue>
</operation>

<operation id="67" st_id="6" stage="1" lat="1">
<core>DSP48</core>
<MemPortIdVec></MemPortIdVec>
<condition id="0">
<or_exp><and_exp><literal name="exitcond_flatten" val="0"/>
</and_exp></or_exp>
</condition>

<Node id="78" bw="17" op_0_bw="17" op_1_bw="17">
<![CDATA[
.reset:46  %tmp1 = add i17 %tmp_11_cast, %tmp_12

]]></Node>
<StgValue><ssdm name="tmp1"/></StgValue>
</operation>

<operation id="68" st_id="6" stage="1" lat="1">
<core>NULL</core>
<MemPortIdVec></MemPortIdVec>
<condition id="0">
<or_exp><and_exp><literal name="exitcond_flatten" val="0"/>
</and_exp></or_exp>
</condition>

<Node id="79" bw="18" op_0_bw="17">
<![CDATA[
.reset:47  %tmp1_cast = sext i17 %tmp1 to i18

]]></Node>
<StgValue><ssdm name="tmp1_cast"/></StgValue>
</operation>

<operation id="69" st_id="6" stage="1" lat="1">
<core>AddSub</core>
<MemPortIdVec></MemPortIdVec>
<condition id="0">
<or_exp><and_exp><literal name="exitcond_flatten" val="0"/>
</and_exp></or_exp>
</condition>

<Node id="80" bw="18" op_0_bw="18" op_1_bw="18">
<![CDATA[
.reset:48  %tmp_13 = add i18 %tmp1_cast, %tmp_5

]]></Node>
<StgValue><ssdm name="tmp_13"/></StgValue>
</operation>

<operation id="70" st_id="6" stage="1" lat="1">
<core>NULL</core>
<MemPortIdVec></MemPortIdVec>
<condition id="0">
<or_exp><and_exp><literal name="exitcond_flatten" val="0"/>
</and_exp></or_exp>
</condition>

<Node id="81" bw="2" op_0_bw="2" op_1_bw="18" op_2_bw="32" op_3_bw="32">
<![CDATA[
.reset:49  %tmp_14 = call i2 @_ssdm_op_PartSelect.i2.i18.i32.i32(i18 %tmp_13, i32 16, i32 17)

]]></Node>
<StgValue><ssdm name="tmp_14"/></StgValue>
</operation>

<operation id="71" st_id="6" stage="1" lat="1">
<core>Cmp</core>
<MemPortIdVec></MemPortIdVec>
<condition id="0">
<or_exp><and_exp><literal name="exitcond_flatten" val="0"/>
</and_exp></or_exp>
</condition>

<Node id="82" bw="1" op_0_bw="2" op_1_bw="2">
<![CDATA[
.reset:50  %icmp1 = icmp eq i2 %tmp_14, 1

]]></Node>
<StgValue><ssdm name="icmp1"/></StgValue>
</operation>

<operation id="72" st_id="6" stage="1" lat="1">
<core>NULL</core>
<MemPortIdVec></MemPortIdVec>
<condition id="0">
<or_exp><and_exp><literal name="exitcond_flatten" val="0"/>
</and_exp></or_exp>
</condition>

<Node id="83" bw="1" op_0_bw="1" op_1_bw="18" op_2_bw="32">
<![CDATA[
.reset:51  %tmp_15 = call i1 @_ssdm_op_BitSelect.i1.i18.i32(i18 %tmp_13, i32 17)

]]></Node>
<StgValue><ssdm name="tmp_15"/></StgValue>
</operation>

<operation id="73" st_id="6" stage="1" lat="1">
<core>NULL</core>
<MemPortIdVec></MemPortIdVec>
<condition id="0">
<or_exp><and_exp><literal name="exitcond_flatten" val="0"/>
</and_exp></or_exp>
</condition>

<Node id="84" bw="8" op_0_bw="8" op_1_bw="18" op_2_bw="32" op_3_bw="32">
<![CDATA[
.reset:52  %phitmp2 = call i8 @_ssdm_op_PartSelect.i8.i18.i32.i32(i18 %tmp_13, i32 8, i32 15)

]]></Node>
<StgValue><ssdm name="phitmp2"/></StgValue>
</operation>

<operation id="74" st_id="6" stage="1" lat="1">
<core>Sel</core>
<MemPortIdVec></MemPortIdVec>
<condition id="0">
<or_exp><and_exp><literal name="exitcond_flatten" val="0"/>
</and_exp></or_exp>
</condition>

<Node id="85" bw="8" op_0_bw="1" op_1_bw="8" op_2_bw="8">
<![CDATA[
.reset:53  %p_phitmp2 = select i1 %icmp1, i8 -1, i8 0

]]></Node>
<StgValue><ssdm name="p_phitmp2"/></StgValue>
</operation>

<operation id="75" st_id="6" stage="1" lat="1">
<core>LogicGate</core>
<MemPortIdVec></MemPortIdVec>
<condition id="0">
<or_exp><and_exp><literal name="exitcond_flatten" val="0"/>
</and_exp></or_exp>
</condition>

<Node id="86" bw="1" op_0_bw="1" op_1_bw="1">
<![CDATA[
.reset:54  %tmp_16 = or i1 %icmp1, %tmp_15

]]></Node>
<StgValue><ssdm name="tmp_16"/></StgValue>
</operation>

<operation id="76" st_id="6" stage="1" lat="1">
<core>Sel</core>
<MemPortIdVec></MemPortIdVec>
<condition id="0">
<or_exp><and_exp><literal name="exitcond_flatten" val="0"/>
</and_exp></or_exp>
</condition>

<Node id="87" bw="8" op_0_bw="1" op_1_bw="8" op_2_bw="8">
<![CDATA[
.reset:55  %G = select i1 %tmp_16, i8 %p_phitmp2, i8 %phitmp2

]]></Node>
<StgValue><ssdm name="G"/></StgValue>
</operation>

<operation id="77" st_id="6" stage="1" lat="1">
<core>NULL</core>
<MemPortIdVec></MemPortIdVec>
<condition id="0">
<or_exp><and_exp><literal name="exitcond_flatten" val="0"/>
</and_exp></or_exp>
</condition>

<Node id="88" bw="17" op_0_bw="17" op_1_bw="8" op_2_bw="9">
<![CDATA[
.reset:56  %p_shl = call i17 @_ssdm_op_BitConcatenate.i17.i8.i9(i8 %D, i9 0)

]]></Node>
<StgValue><ssdm name="p_shl"/></StgValue>
</operation>

<operation id="78" st_id="6" stage="1" lat="1">
<core>NULL</core>
<MemPortIdVec></MemPortIdVec>
<condition id="0">
<or_exp><and_exp><literal name="exitcond_flatten" val="0"/>
</and_exp></or_exp>
</condition>

<Node id="89" bw="18" op_0_bw="17">
<![CDATA[
.reset:57  %p_shl_cast = sext i17 %p_shl to i18

]]></Node>
<StgValue><ssdm name="p_shl_cast"/></StgValue>
</operation>

<operation id="79" st_id="6" stage="1" lat="1">
<core>NULL</core>
<MemPortIdVec></MemPortIdVec>
<condition id="0">
<or_exp><and_exp><literal name="exitcond_flatten" val="0"/>
</and_exp></or_exp>
</condition>

<Node id="90" bw="10" op_0_bw="10" op_1_bw="8" op_2_bw="2">
<![CDATA[
.reset:58  %p_shl1 = call i10 @_ssdm_op_BitConcatenate.i10.i8.i2(i8 %D, i2 0)

]]></Node>
<StgValue><ssdm name="p_shl1"/></StgValue>
</operation>

<operation id="80" st_id="6" stage="1" lat="1">
<core>NULL</core>
<MemPortIdVec></MemPortIdVec>
<condition id="0">
<or_exp><and_exp><literal name="exitcond_flatten" val="0"/>
</and_exp></or_exp>
</condition>

<Node id="91" bw="18" op_0_bw="10">
<![CDATA[
.reset:59  %p_shl1_cast = sext i10 %p_shl1 to i18

]]></Node>
<StgValue><ssdm name="p_shl1_cast"/></StgValue>
</operation>

<operation id="81" st_id="6" stage="1" lat="1">
<core>AddSub</core>
<MemPortIdVec></MemPortIdVec>
<condition id="0">
<or_exp><and_exp><literal name="exitcond_flatten" val="0"/>
</and_exp></or_exp>
</condition>

<Node id="92" bw="18" op_0_bw="18" op_1_bw="18">
<![CDATA[
.reset:60  %tmp_17 = add i18 %p_shl_cast, %p_shl1_cast

]]></Node>
<StgValue><ssdm name="tmp_17"/></StgValue>
</operation>

<operation id="82" st_id="6" stage="1" lat="1">
<core>NULL</core>
<MemPortIdVec></MemPortIdVec>
<condition id="0">
<or_exp><and_exp><literal name="exitcond_flatten" val="0"/>
</and_exp></or_exp>
</condition>

<Node id="93" bw="19" op_0_bw="18">
<![CDATA[
.reset:61  %tmp_35_cast = sext i18 %tmp_17 to i19

]]></Node>
<StgValue><ssdm name="tmp_35_cast"/></StgValue>
</operation>

<operation id="83" st_id="6" stage="1" lat="1">
<core>AddSub</core>
<MemPortIdVec></MemPortIdVec>
<condition id="0">
<or_exp><and_exp><literal name="exitcond_flatten" val="0"/>
</and_exp></or_exp>
</condition>

<Node id="94" bw="18" op_0_bw="18" op_1_bw="18">
<![CDATA[
.reset:62  %tmp_18 = add i18 %tmp_17, %tmp_5

]]></Node>
<StgValue><ssdm name="tmp_18"/></StgValue>
</operation>

<operation id="84" st_id="6" stage="1" lat="1">
<core>AddSub</core>
<MemPortIdVec></MemPortIdVec>
<condition id="0">
<or_exp><and_exp><literal name="exitcond_flatten" val="0"/>
</and_exp></or_exp>
</condition>

<Node id="95" bw="19" op_0_bw="19" op_1_bw="19">
<![CDATA[
.reset:63  %tmp_19 = add i19 %tmp_20_cast, %tmp_35_cast

]]></Node>
<StgValue><ssdm name="tmp_19"/></StgValue>
</operation>

<operation id="85" st_id="6" stage="1" lat="1">
<core>NULL</core>
<MemPortIdVec></MemPortIdVec>
<condition id="0">
<or_exp><and_exp><literal name="exitcond_flatten" val="0"/>
</and_exp></or_exp>
</condition>

<Node id="96" bw="3" op_0_bw="3" op_1_bw="19" op_2_bw="32" op_3_bw="32">
<![CDATA[
.reset:64  %tmp_20 = call i3 @_ssdm_op_PartSelect.i3.i19.i32.i32(i19 %tmp_19, i32 16, i32 18)

]]></Node>
<StgValue><ssdm name="tmp_20"/></StgValue>
</operation>

<operation id="86" st_id="6" stage="1" lat="1">
<core>Cmp</core>
<MemPortIdVec></MemPortIdVec>
<condition id="0">
<or_exp><and_exp><literal name="exitcond_flatten" val="0"/>
</and_exp></or_exp>
</condition>

<Node id="97" bw="1" op_0_bw="3" op_1_bw="3">
<![CDATA[
.reset:65  %icmp2 = icmp sgt i3 %tmp_20, 0

]]></Node>
<StgValue><ssdm name="icmp2"/></StgValue>
</operation>

<operation id="87" st_id="6" stage="1" lat="1">
<core>NULL</core>
<MemPortIdVec></MemPortIdVec>
<condition id="0">
<or_exp><and_exp><literal name="exitcond_flatten" val="0"/>
</and_exp></or_exp>
</condition>

<Node id="98" bw="1" op_0_bw="1" op_1_bw="19" op_2_bw="32">
<![CDATA[
.reset:66  %tmp_21 = call i1 @_ssdm_op_BitSelect.i1.i19.i32(i19 %tmp_19, i32 18)

]]></Node>
<StgValue><ssdm name="tmp_21"/></StgValue>
</operation>

<operation id="88" st_id="6" stage="1" lat="1">
<core>NULL</core>
<MemPortIdVec></MemPortIdVec>
<condition id="0">
<or_exp><and_exp><literal name="exitcond_flatten" val="0"/>
</and_exp></or_exp>
</condition>

<Node id="99" bw="8" op_0_bw="8" op_1_bw="18" op_2_bw="32" op_3_bw="32">
<![CDATA[
.reset:67  %phitmp3 = call i8 @_ssdm_op_PartSelect.i8.i18.i32.i32(i18 %tmp_18, i32 8, i32 15)

]]></Node>
<StgValue><ssdm name="phitmp3"/></StgValue>
</operation>

<operation id="89" st_id="6" stage="1" lat="1">
<core>Sel</core>
<MemPortIdVec></MemPortIdVec>
<condition id="0">
<or_exp><and_exp><literal name="exitcond_flatten" val="0"/>
</and_exp></or_exp>
</condition>

<Node id="100" bw="8" op_0_bw="1" op_1_bw="8" op_2_bw="8">
<![CDATA[
.reset:68  %p_phitmp3 = select i1 %icmp2, i8 -1, i8 0

]]></Node>
<StgValue><ssdm name="p_phitmp3"/></StgValue>
</operation>

<operation id="90" st_id="6" stage="1" lat="1">
<core>LogicGate</core>
<MemPortIdVec></MemPortIdVec>
<condition id="0">
<or_exp><and_exp><literal name="exitcond_flatten" val="0"/>
</and_exp></or_exp>
</condition>

<Node id="101" bw="1" op_0_bw="1" op_1_bw="1">
<![CDATA[
.reset:69  %tmp_22 = or i1 %icmp2, %tmp_21

]]></Node>
<StgValue><ssdm name="tmp_22"/></StgValue>
</operation>

<operation id="91" st_id="6" stage="1" lat="1">
<core>Sel</core>
<MemPortIdVec></MemPortIdVec>
<condition id="0">
<or_exp><and_exp><literal name="exitcond_flatten" val="0"/>
</and_exp></or_exp>
</condition>

<Node id="102" bw="8" op_0_bw="1" op_1_bw="8" op_2_bw="8">
<![CDATA[
.reset:70  %B = select i1 %tmp_22, i8 %p_phitmp3, i8 %phitmp3

]]></Node>
<StgValue><ssdm name="B"/></StgValue>
</operation>
</state>

<state id="7" st_id="7">

<operation id="92" st_id="7" stage="1" lat="1">
<core>NULL</core>
<MemPortIdVec></MemPortIdVec>
<condition id="0">
<or_exp><and_exp><literal name="exitcond_flatten" val="0"/>
</and_exp></or_exp>
</condition>

<Node id="48" bw="32" op_0_bw="23">
<![CDATA[
.reset:16  %tmp_15_cast = zext i23 %tmp_s to i32

]]></Node>
<StgValue><ssdm name="tmp_15_cast"/></StgValue>
</operation>

<operation id="93" st_id="7" stage="1" lat="1">
<core>NULL</core>
<MemPortIdVec></MemPortIdVec>
<condition id="0">
<or_exp><and_exp><literal name="exitcond_flatten" val="0"/>
</and_exp></or_exp>
</condition>

<Node id="49" bw="22" op_0_bw="8" op_1_bw="32" op_2_bw="32">
<![CDATA[
.reset:17  %out_channels_ch1_add = getelementptr [2457600 x i8]* %out_channels_ch1, i32 0, i32 %tmp_15_cast

]]></Node>
<StgValue><ssdm name="out_channels_ch1_add"/></StgValue>
</operation>

<operation id="94" st_id="7" stage="1" lat="1">
<core>NULL</core>
<MemPortIdVec></MemPortIdVec>
<condition id="0">
<or_exp><and_exp><literal name="exitcond_flatten" val="0"/>
</and_exp></or_exp>
</condition>

<Node id="50" bw="22" op_0_bw="8" op_1_bw="32" op_2_bw="32">
<![CDATA[
.reset:18  %out_channels_ch2_add = getelementptr [2457600 x i8]* %out_channels_ch2, i32 0, i32 %tmp_15_cast

]]></Node>
<StgValue><ssdm name="out_channels_ch2_add"/></StgValue>
</operation>

<operation id="95" st_id="7" stage="1" lat="1">
<core>NULL</core>
<MemPortIdVec></MemPortIdVec>
<condition id="0">
<or_exp><and_exp><literal name="exitcond_flatten" val="0"/>
</and_exp></or_exp>
</condition>

<Node id="51" bw="22" op_0_bw="8" op_1_bw="32" op_2_bw="32">
<![CDATA[
.reset:19  %out_channels_ch3_add = getelementptr [2457600 x i8]* %out_channels_ch3, i32 0, i32 %tmp_15_cast

]]></Node>
<StgValue><ssdm name="out_channels_ch3_add"/></StgValue>
</operation>

<operation id="96" st_id="7" stage="2" lat="2">
<core>RAM</core>
<MemPortIdVec>0 </MemPortIdVec>
<condition id="0">
<or_exp><and_exp><literal name="exitcond_flatten" val="0"/>
</and_exp></or_exp>
</condition>

<Node id="103" bw="0" op_0_bw="8" op_1_bw="22">
<![CDATA[
.reset:71  store i8 %R, i8* %out_channels_ch1_add, align 1

]]></Node>
<StgValue><ssdm name=""/></StgValue>
</operation>

<operation id="97" st_id="7" stage="2" lat="2">
<core>RAM</core>
<MemPortIdVec>0 </MemPortIdVec>
<condition id="0">
<or_exp><and_exp><literal name="exitcond_flatten" val="0"/>
</and_exp></or_exp>
</condition>

<Node id="104" bw="0" op_0_bw="8" op_1_bw="22">
<![CDATA[
.reset:72  store i8 %G, i8* %out_channels_ch2_add, align 1

]]></Node>
<StgValue><ssdm name=""/></StgValue>
</operation>

<operation id="98" st_id="7" stage="2" lat="2">
<core>RAM</core>
<MemPortIdVec>0 </MemPortIdVec>
<condition id="0">
<or_exp><and_exp><literal name="exitcond_flatten" val="0"/>
</and_exp></or_exp>
</condition>

<Node id="105" bw="0" op_0_bw="8" op_1_bw="22">
<![CDATA[
.reset:73  store i8 %B, i8* %out_channels_ch3_add, align 1

]]></Node>
<StgValue><ssdm name=""/></StgValue>
</operation>
</state>

<state id="8" st_id="8">

<operation id="99" st_id="8" stage="1" lat="1">
<core>NULL</core>
<MemPortIdVec></MemPortIdVec>
<condition id="0">
<or_exp><and_exp><literal name="exitcond_flatten" val="0"/>
</and_exp></or_exp>
</condition>

<Node id="33" bw="0" op_0_bw="0" op_1_bw="0">
<![CDATA[
.reset:1  call void (...)* @_ssdm_op_SpecLoopName([30 x i8]* @YUV2RGB_LOOP_X_YUV2R)

]]></Node>
<StgValue><ssdm name=""/></StgValue>
</operation>

<operation id="100" st_id="8" stage="1" lat="1">
<core>NULL</core>
<MemPortIdVec></MemPortIdVec>
<condition id="0">
<or_exp><and_exp><literal name="exitcond_flatten" val="0"/>
</and_exp></or_exp>
</condition>

<Node id="34" bw="0" op_0_bw="0" op_1_bw="64" op_2_bw="64" op_3_bw="64">
<![CDATA[
.reset:2  call void (...)* @_ssdm_op_SpecLoopTripCount(i64 40000, i64 2457600, i64 784400)

]]></Node>
<StgValue><ssdm name=""/></StgValue>
</operation>

<operation id="101" st_id="8" stage="1" lat="1">
<core>NULL</core>
<MemPortIdVec></MemPortIdVec>
<condition id="0">
<or_exp><and_exp><literal name="exitcond_flatten" val="0"/>
</and_exp></or_exp>
</condition>

<Node id="43" bw="0" op_0_bw="0" op_1_bw="0">
<![CDATA[
.reset:11  call void (...)* @_ssdm_op_SpecLoopName([15 x i8]* @p_str4) nounwind

]]></Node>
<StgValue><ssdm name=""/></StgValue>
</operation>

<operation id="102" st_id="8" stage="1" lat="1">
<core>NULL</core>
<MemPortIdVec></MemPortIdVec>
<condition id="0">
<or_exp><and_exp><literal name="exitcond_flatten" val="0"/>
</and_exp></or_exp>
</condition>

<Node id="44" bw="32" op_0_bw="32" op_1_bw="0">
<![CDATA[
.reset:12  %tmp_2 = call i32 (...)* @_ssdm_op_SpecRegionBegin([15 x i8]* @p_str4)

]]></Node>
<StgValue><ssdm name="tmp_2"/></StgValue>
</operation>

<operation id="103" st_id="8" stage="1" lat="1">
<core>NULL</core>
<MemPortIdVec></MemPortIdVec>
<condition id="0">
<or_exp><and_exp><literal name="exitcond_flatten" val="0"/>
</and_exp></or_exp>
</condition>

<Node id="45" bw="0" op_0_bw="0" op_1_bw="32" op_2_bw="32" op_3_bw="32" op_4_bw="32" op_5_bw="0">
<![CDATA[
.reset:13  call void (...)* @_ssdm_op_SpecPipeline(i32 -1, i32 1, i32 1, i32 0, [1 x i8]* @p_str) nounwind

]]></Node>
<StgValue><ssdm name=""/></StgValue>
</operation>

<operation id="104" st_id="8" stage="1" lat="2">
<core>RAM</core>
<MemPortIdVec>0 </MemPortIdVec>
<condition id="0">
<or_exp><and_exp><literal name="exitcond_flatten" val="0"/>
</and_exp></or_exp>
</condition>

<Node id="103" bw="0" op_0_bw="8" op_1_bw="22">
<![CDATA[
.reset:71  store i8 %R, i8* %out_channels_ch1_add, align 1

]]></Node>
<StgValue><ssdm name=""/></StgValue>
</operation>

<operation id="105" st_id="8" stage="1" lat="2">
<core>RAM</core>
<MemPortIdVec>0 </MemPortIdVec>
<condition id="0">
<or_exp><and_exp><literal name="exitcond_flatten" val="0"/>
</and_exp></or_exp>
</condition>

<Node id="104" bw="0" op_0_bw="8" op_1_bw="22">
<![CDATA[
.reset:72  store i8 %G, i8* %out_channels_ch2_add, align 1

]]></Node>
<StgValue><ssdm name=""/></StgValue>
</operation>

<operation id="106" st_id="8" stage="1" lat="2">
<core>RAM</core>
<MemPortIdVec>0 </MemPortIdVec>
<condition id="0">
<or_exp><and_exp><literal name="exitcond_flatten" val="0"/>
</and_exp></or_exp>
</condition>

<Node id="105" bw="0" op_0_bw="8" op_1_bw="22">
<![CDATA[
.reset:73  store i8 %B, i8* %out_channels_ch3_add, align 1

]]></Node>
<StgValue><ssdm name=""/></StgValue>
</operation>

<operation id="107" st_id="8" stage="1" lat="1">
<core>NULL</core>
<MemPortIdVec></MemPortIdVec>
<condition id="0">
<or_exp><and_exp><literal name="exitcond_flatten" val="0"/>
</and_exp></or_exp>
</condition>

<Node id="106" bw="32" op_0_bw="32" op_1_bw="0" op_2_bw="32">
<![CDATA[
.reset:74  %empty_71 = call i32 (...)* @_ssdm_op_SpecRegionEnd([15 x i8]* @p_str4, i32 %tmp_2)

]]></Node>
<StgValue><ssdm name="empty_71"/></StgValue>
</operation>

<operation id="108" st_id="8" stage="1" lat="1">
<core>NULL</core>
<MemPortIdVec></MemPortIdVec>
<condition id="0">
<or_exp><and_exp><literal name="exitcond_flatten" val="0"/>
</and_exp></or_exp>
</condition>

<Node id="108" bw="0" op_0_bw="0">
<![CDATA[
.reset:76  br label %1

]]></Node>
<StgValue><ssdm name=""/></StgValue>
</operation>
</state>

<state id="9" st_id="9">

<operation id="109" st_id="9" stage="1" lat="1">
<core>NULL</core>
<MemPortIdVec></MemPortIdVec>
<condition id="35">
<or_exp><and_exp></and_exp></or_exp>
</condition>

<Node id="110" bw="0">
<![CDATA[
:0  ret void

]]></Node>
<StgValue><ssdm name=""/></StgValue>
</operation>
</state>
</state_list>


<ports>
<port id="128" name="in_channels_ch1" dir="0" iftype="3">
<core>FIFO</core><StgValue><ssdm name="in_channels_ch1"/></StgValue>
</port>
<port id="129" name="in_channels_ch2" dir="0" iftype="3">
<core>FIFO</core><StgValue><ssdm name="in_channels_ch2"/></StgValue>
</port>
<port id="130" name="in_channels_ch3" dir="0" iftype="3">
<core>FIFO</core><StgValue><ssdm name="in_channels_ch3"/></StgValue>
</port>
<port id="131" name="in_width" dir="0" iftype="3">
<core>FIFO</core><StgValue><ssdm name="in_width"/></StgValue>
</port>
<port id="132" name="in_height" dir="0" iftype="3">
<core>FIFO</core><StgValue><ssdm name="in_height"/></StgValue>
</port>
<port id="133" name="out_channels_ch1" dir="1" iftype="1">
<core>RAM</core><StgValue><ssdm name="out_channels_ch1"/><MemPortTyVec>0 3 </MemPortTyVec>
</StgValue>
</port>
<port id="134" name="out_channels_ch2" dir="1" iftype="1">
<core>RAM</core><StgValue><ssdm name="out_channels_ch2"/><MemPortTyVec>0 3 </MemPortTyVec>
</StgValue>
</port>
<port id="135" name="out_channels_ch3" dir="1" iftype="1">
<core>RAM</core><StgValue><ssdm name="out_channels_ch3"/><MemPortTyVec>0 3 </MemPortTyVec>
</StgValue>
</port>
<port id="136" name="out_width" dir="1" iftype="0">
<core>NULL</core><StgValue><ssdm name="out_width"/></StgValue>
</port>
<port id="137" name="out_height" dir="1" iftype="0">
<core>NULL</core><StgValue><ssdm name="out_height"/></StgValue>
</port>
</ports>


<dataflows>
<dataflow id="139" from="_ssdm_op_Read.ap_fifo.i16P" to="width" fromId="138" toId="10">
</dataflow>
<dataflow id="140" from="in_width" to="width" fromId="131" toId="10">
</dataflow>
<dataflow id="141" from="_ssdm_op_Read.ap_fifo.i16P" to="height" fromId="138" toId="11">
</dataflow>
<dataflow id="142" from="in_height" to="height" fromId="132" toId="11">
</dataflow>
<dataflow id="144" from="_ssdm_op_SpecInterface" to="empty" fromId="143" toId="12">
</dataflow>
<dataflow id="145" from="in_height" to="empty" fromId="132" toId="12">
</dataflow>
<dataflow id="147" from="ap_fifo_str" to="empty" fromId="146" toId="12">
</dataflow>
<dataflow id="149" from="StgValue_148" to="empty" fromId="148" toId="12">
</dataflow>
<dataflow id="150" from="StgValue_148" to="empty" fromId="148" toId="12">
</dataflow>
<dataflow id="152" from="p_str" to="empty" fromId="151" toId="12">
</dataflow>
<dataflow id="153" from="StgValue_148" to="empty" fromId="148" toId="12">
</dataflow>
<dataflow id="154" from="StgValue_148" to="empty" fromId="148" toId="12">
</dataflow>
<dataflow id="155" from="p_str" to="empty" fromId="151" toId="12">
</dataflow>
<dataflow id="156" from="p_str" to="empty" fromId="151" toId="12">
</dataflow>
<dataflow id="157" from="p_str" to="empty" fromId="151" toId="12">
</dataflow>
<dataflow id="159" from="StgValue_158" to="empty" fromId="158" toId="12">
</dataflow>
<dataflow id="160" from="StgValue_158" to="empty" fromId="158" toId="12">
</dataflow>
<dataflow id="162" from="StgValue_161" to="empty" fromId="161" toId="12">
</dataflow>
<dataflow id="163" from="StgValue_161" to="empty" fromId="161" toId="12">
</dataflow>
<dataflow id="164" from="p_str" to="empty" fromId="151" toId="12">
</dataflow>
<dataflow id="165" from="p_str" to="empty" fromId="151" toId="12">
</dataflow>
<dataflow id="166" from="_ssdm_op_SpecInterface" to="empty_67" fromId="143" toId="13">
</dataflow>
<dataflow id="167" from="in_width" to="empty_67" fromId="131" toId="13">
</dataflow>
<dataflow id="168" from="ap_fifo_str" to="empty_67" fromId="146" toId="13">
</dataflow>
<dataflow id="169" from="StgValue_148" to="empty_67" fromId="148" toId="13">
</dataflow>
<dataflow id="170" from="StgValue_148" to="empty_67" fromId="148" toId="13">
</dataflow>
<dataflow id="171" from="p_str" to="empty_67" fromId="151" toId="13">
</dataflow>
<dataflow id="172" from="StgValue_148" to="empty_67" fromId="148" toId="13">
</dataflow>
<dataflow id="173" from="StgValue_148" to="empty_67" fromId="148" toId="13">
</dataflow>
<dataflow id="174" from="p_str" to="empty_67" fromId="151" toId="13">
</dataflow>
<dataflow id="175" from="p_str" to="empty_67" fromId="151" toId="13">
</dataflow>
<dataflow id="176" from="p_str" to="empty_67" fromId="151" toId="13">
</dataflow>
<dataflow id="177" from="StgValue_158" to="empty_67" fromId="158" toId="13">
</dataflow>
<dataflow id="178" from="StgValue_158" to="empty_67" fromId="158" toId="13">
</dataflow>
<dataflow id="179" from="StgValue_161" to="empty_67" fromId="161" toId="13">
</dataflow>
<dataflow id="180" from="StgValue_161" to="empty_67" fromId="161" toId="13">
</dataflow>
<dataflow id="181" from="p_str" to="empty_67" fromId="151" toId="13">
</dataflow>
<dataflow id="182" from="p_str" to="empty_67" fromId="151" toId="13">
</dataflow>
<dataflow id="183" from="_ssdm_op_SpecInterface" to="empty_68" fromId="143" toId="14">
</dataflow>
<dataflow id="184" from="in_channels_ch3" to="empty_68" fromId="130" toId="14">
</dataflow>
<dataflow id="185" from="ap_fifo_str" to="empty_68" fromId="146" toId="14">
</dataflow>
<dataflow id="186" from="StgValue_148" to="empty_68" fromId="148" toId="14">
</dataflow>
<dataflow id="187" from="StgValue_148" to="empty_68" fromId="148" toId="14">
</dataflow>
<dataflow id="188" from="p_str" to="empty_68" fromId="151" toId="14">
</dataflow>
<dataflow id="189" from="StgValue_148" to="empty_68" fromId="148" toId="14">
</dataflow>
<dataflow id="190" from="StgValue_148" to="empty_68" fromId="148" toId="14">
</dataflow>
<dataflow id="191" from="p_str" to="empty_68" fromId="151" toId="14">
</dataflow>
<dataflow id="192" from="p_str" to="empty_68" fromId="151" toId="14">
</dataflow>
<dataflow id="193" from="p_str" to="empty_68" fromId="151" toId="14">
</dataflow>
<dataflow id="194" from="StgValue_158" to="empty_68" fromId="158" toId="14">
</dataflow>
<dataflow id="195" from="StgValue_158" to="empty_68" fromId="158" toId="14">
</dataflow>
<dataflow id="196" from="StgValue_161" to="empty_68" fromId="161" toId="14">
</dataflow>
<dataflow id="197" from="StgValue_161" to="empty_68" fromId="161" toId="14">
</dataflow>
<dataflow id="198" from="p_str" to="empty_68" fromId="151" toId="14">
</dataflow>
<dataflow id="199" from="p_str" to="empty_68" fromId="151" toId="14">
</dataflow>
<dataflow id="200" from="_ssdm_op_SpecInterface" to="empty_69" fromId="143" toId="15">
</dataflow>
<dataflow id="201" from="in_channels_ch2" to="empty_69" fromId="129" toId="15">
</dataflow>
<dataflow id="202" from="ap_fifo_str" to="empty_69" fromId="146" toId="15">
</dataflow>
<dataflow id="203" from="StgValue_148" to="empty_69" fromId="148" toId="15">
</dataflow>
<dataflow id="204" from="StgValue_148" to="empty_69" fromId="148" toId="15">
</dataflow>
<dataflow id="205" from="p_str" to="empty_69" fromId="151" toId="15">
</dataflow>
<dataflow id="206" from="StgValue_148" to="empty_69" fromId="148" toId="15">
</dataflow>
<dataflow id="207" from="StgValue_148" to="empty_69" fromId="148" toId="15">
</dataflow>
<dataflow id="208" from="p_str" to="empty_69" fromId="151" toId="15">
</dataflow>
<dataflow id="209" from="p_str" to="empty_69" fromId="151" toId="15">
</dataflow>
<dataflow id="210" from="p_str" to="empty_69" fromId="151" toId="15">
</dataflow>
<dataflow id="211" from="StgValue_158" to="empty_69" fromId="158" toId="15">
</dataflow>
<dataflow id="212" from="StgValue_158" to="empty_69" fromId="158" toId="15">
</dataflow>
<dataflow id="213" from="StgValue_161" to="empty_69" fromId="161" toId="15">
</dataflow>
<dataflow id="214" from="StgValue_161" to="empty_69" fromId="161" toId="15">
</dataflow>
<dataflow id="215" from="p_str" to="empty_69" fromId="151" toId="15">
</dataflow>
<dataflow id="216" from="p_str" to="empty_69" fromId="151" toId="15">
</dataflow>
<dataflow id="217" from="_ssdm_op_SpecInterface" to="empty_70" fromId="143" toId="16">
</dataflow>
<dataflow id="218" from="in_channels_ch1" to="empty_70" fromId="128" toId="16">
</dataflow>
<dataflow id="219" from="ap_fifo_str" to="empty_70" fromId="146" toId="16">
</dataflow>
<dataflow id="220" from="StgValue_148" to="empty_70" fromId="148" toId="16">
</dataflow>
<dataflow id="221" from="StgValue_148" to="empty_70" fromId="148" toId="16">
</dataflow>
<dataflow id="222" from="p_str" to="empty_70" fromId="151" toId="16">
</dataflow>
<dataflow id="223" from="StgValue_148" to="empty_70" fromId="148" toId="16">
</dataflow>
<dataflow id="224" from="StgValue_148" to="empty_70" fromId="148" toId="16">
</dataflow>
<dataflow id="225" from="p_str" to="empty_70" fromId="151" toId="16">
</dataflow>
<dataflow id="226" from="p_str" to="empty_70" fromId="151" toId="16">
</dataflow>
<dataflow id="227" from="p_str" to="empty_70" fromId="151" toId="16">
</dataflow>
<dataflow id="228" from="StgValue_158" to="empty_70" fromId="158" toId="16">
</dataflow>
<dataflow id="229" from="StgValue_158" to="empty_70" fromId="158" toId="16">
</dataflow>
<dataflow id="230" from="StgValue_161" to="empty_70" fromId="161" toId="16">
</dataflow>
<dataflow id="231" from="StgValue_161" to="empty_70" fromId="161" toId="16">
</dataflow>
<dataflow id="232" from="p_str" to="empty_70" fromId="151" toId="16">
</dataflow>
<dataflow id="233" from="p_str" to="empty_70" fromId="151" toId="16">
</dataflow>
<dataflow id="235" from="_ssdm_op_Write.ap_auto.i16P" to="StgValue_17" fromId="234" toId="17">
</dataflow>
<dataflow id="236" from="out_width" to="StgValue_17" fromId="136" toId="17">
</dataflow>
<dataflow id="237" from="width" to="StgValue_17" fromId="10" toId="17">
</dataflow>
<dataflow id="238" from="_ssdm_op_Write.ap_auto.i16P" to="StgValue_18" fromId="234" toId="18">
</dataflow>
<dataflow id="239" from="out_height" to="StgValue_18" fromId="137" toId="18">
</dataflow>
<dataflow id="240" from="height" to="StgValue_18" fromId="11" toId="18">
</dataflow>
<dataflow id="241" from="width" to="cast" fromId="10" toId="19">
</dataflow>
<dataflow id="242" from="height" to="cast1" fromId="11" toId="20">
</dataflow>
<dataflow id="243" from="cast1" to="bound" fromId="20" toId="21">
</dataflow>
<dataflow id="244" from="cast" to="bound" fromId="19" toId="21">
</dataflow>
<dataflow id="245" from="StgValue_148" to="indvar_flatten" fromId="148" toId="23">
<condition id="74">
<or_exp><and_exp></and_exp></or_exp>
</condition>
</dataflow>
<dataflow id="246" from="StgValue_22" to="indvar_flatten" fromId="22" toId="23">
</dataflow>
<dataflow id="247" from="indvar_flatten_next" to="indvar_flatten" fromId="27" toId="23">
<BackEdge/>
<condition id="75">
<or_exp><and_exp><literal name="exitcond_flatten" val="0"/>
</and_exp></or_exp>
</condition>
</dataflow>
<dataflow id="248" from="StgValue_108" to="indvar_flatten" fromId="108" toId="23">
<BackEdge/>
</dataflow>
<dataflow id="250" from="StgValue_249" to="x" fromId="249" toId="24">
<condition id="76">
<or_exp><and_exp></and_exp></or_exp>
</condition>
</dataflow>
<dataflow id="251" from="StgValue_22" to="x" fromId="22" toId="24">
</dataflow>
<dataflow id="252" from="tmp_mid2_v" to="x" fromId="32" toId="24">
<BackEdge/>
<condition id="77">
<or_exp><and_exp><literal name="exitcond_flatten" val="0"/>
</and_exp></or_exp>
</condition>
</dataflow>
<dataflow id="253" from="StgValue_108" to="x" fromId="108" toId="24">
<BackEdge/>
</dataflow>
<dataflow id="254" from="StgValue_249" to="y" fromId="249" toId="25">
<condition id="78">
<or_exp><and_exp></and_exp></or_exp>
</condition>
</dataflow>
<dataflow id="255" from="StgValue_22" to="y" fromId="22" toId="25">
</dataflow>
<dataflow id="256" from="y_1" to="y" fromId="40" toId="25">
<BackEdge/>
<condition id="79">
<or_exp><and_exp><literal name="exitcond_flatten" val="0"/>
</and_exp></or_exp>
</condition>
</dataflow>
<dataflow id="257" from="StgValue_108" to="y" fromId="108" toId="25">
<BackEdge/>
</dataflow>
<dataflow id="258" from="indvar_flatten" to="exitcond_flatten" fromId="23" toId="26">
</dataflow>
<dataflow id="259" from="bound" to="exitcond_flatten" fromId="21" toId="26">
</dataflow>
<dataflow id="260" from="indvar_flatten" to="indvar_flatten_next" fromId="23" toId="27">
</dataflow>
<dataflow id="262" from="StgValue_261" to="indvar_flatten_next" fromId="261" toId="27">
</dataflow>
<dataflow id="263" from="exitcond_flatten" to="StgValue_28" fromId="26" toId="28">
</dataflow>
<dataflow id="265" from="StgValue_264" to="x_1" fromId="264" toId="29">
</dataflow>
<dataflow id="266" from="x" to="x_1" fromId="24" toId="29">
</dataflow>
<dataflow id="267" from="y" to="exitcond" fromId="25" toId="30">
</dataflow>
<dataflow id="268" from="height" to="exitcond" fromId="11" toId="30">
</dataflow>
<dataflow id="269" from="exitcond" to="y_mid2" fromId="30" toId="31">
</dataflow>
<dataflow id="270" from="StgValue_249" to="y_mid2" fromId="249" toId="31">
</dataflow>
<dataflow id="271" from="y" to="y_mid2" fromId="25" toId="31">
</dataflow>
<dataflow id="272" from="exitcond" to="tmp_mid2_v" fromId="30" toId="32">
</dataflow>
<dataflow id="273" from="x_1" to="tmp_mid2_v" fromId="29" toId="32">
</dataflow>
<dataflow id="274" from="x" to="tmp_mid2_v" fromId="24" toId="32">
</dataflow>
<dataflow id="275" from="tmp_mid2_v" to="tmp" fromId="32" toId="33">
</dataflow>
<dataflow id="277" from="_ssdm_op_BitConcatenate.i23.i13.i10" to="p_shl2_cast" fromId="276" toId="34">
</dataflow>
<dataflow id="278" from="tmp" to="p_shl2_cast" fromId="33" toId="34">
</dataflow>
<dataflow id="280" from="StgValue_279" to="p_shl2_cast" fromId="279" toId="34">
</dataflow>
<dataflow id="281" from="tmp_mid2_v" to="tmp_1" fromId="32" toId="35">
</dataflow>
<dataflow id="283" from="_ssdm_op_BitConcatenate.i23.i15.i8" to="p_shl3_cast" fromId="282" toId="36">
</dataflow>
<dataflow id="284" from="tmp_1" to="p_shl3_cast" fromId="35" toId="36">
</dataflow>
<dataflow id="286" from="StgValue_285" to="p_shl3_cast" fromId="285" toId="36">
</dataflow>
<dataflow id="287" from="p_shl3_cast" to="tmp_7" fromId="36" toId="37">
</dataflow>
<dataflow id="288" from="p_shl2_cast" to="tmp_7" fromId="34" toId="37">
</dataflow>
<dataflow id="289" from="y_mid2" to="tmp_cast" fromId="31" toId="38">
</dataflow>
<dataflow id="290" from="tmp_7" to="tmp_s" fromId="37" toId="39">
</dataflow>
<dataflow id="291" from="tmp_cast" to="tmp_s" fromId="38" toId="39">
</dataflow>
<dataflow id="292" from="StgValue_264" to="y_1" fromId="264" toId="40">
</dataflow>
<dataflow id="293" from="y_mid2" to="y_1" fromId="31" toId="40">
</dataflow>
<dataflow id="295" from="_ssdm_op_Read.ap_fifo.volatile.i8P" to="Y" fromId="294" toId="41">
</dataflow>
<dataflow id="296" from="in_channels_ch1" to="Y" fromId="128" toId="41">
</dataflow>
<dataflow id="297" from="_ssdm_op_Read.ap_fifo.volatile.i8P" to="U" fromId="294" toId="42">
</dataflow>
<dataflow id="298" from="in_channels_ch2" to="U" fromId="129" toId="42">
</dataflow>
<dataflow id="299" from="_ssdm_op_Read.ap_fifo.volatile.i8P" to="V" fromId="294" toId="43">
</dataflow>
<dataflow id="300" from="in_channels_ch3" to="V" fromId="130" toId="43">
</dataflow>
<dataflow id="301" from="Y" to="tmp_13_cast" fromId="41" toId="44">
</dataflow>
<dataflow id="303" from="StgValue_302" to="C" fromId="302" toId="45">
</dataflow>
<dataflow id="304" from="tmp_13_cast" to="C" fromId="44" toId="45">
</dataflow>
<dataflow id="305" from="U" to="D" fromId="42" toId="46">
</dataflow>
<dataflow id="307" from="StgValue_306" to="D" fromId="306" toId="46">
</dataflow>
<dataflow id="308" from="V" to="E" fromId="43" toId="47">
</dataflow>
<dataflow id="309" from="StgValue_306" to="E" fromId="306" toId="47">
</dataflow>
<dataflow id="310" from="C" to="tmp_16_cast" fromId="45" toId="48">
</dataflow>
<dataflow id="312" from="StgValue_311" to="tmp_3" fromId="311" toId="49">
</dataflow>
<dataflow id="313" from="tmp_16_cast" to="tmp_3" fromId="48" toId="49">
</dataflow>
<dataflow id="314" from="E" to="tmp_18_cast4_cast" fromId="47" toId="50">
</dataflow>
<dataflow id="316" from="StgValue_315" to="tmp_5" fromId="315" toId="51">
</dataflow>
<dataflow id="317" from="tmp_3" to="tmp_5" fromId="49" toId="51">
</dataflow>
<dataflow id="319" from="StgValue_318" to="tmp_12" fromId="318" toId="52">
</dataflow>
<dataflow id="320" from="tmp_18_cast4_cast" to="tmp_12" fromId="50" toId="52">
</dataflow>
<dataflow id="321" from="E" to="tmp_18_cast4" fromId="47" toId="53">
</dataflow>
<dataflow id="323" from="StgValue_322" to="tmp_4" fromId="322" toId="54">
</dataflow>
<dataflow id="324" from="tmp_18_cast4" to="tmp_4" fromId="53" toId="54">
</dataflow>
<dataflow id="325" from="tmp_5" to="tmp_20_cast" fromId="51" toId="55">
</dataflow>
<dataflow id="326" from="tmp_5" to="tmp_6" fromId="51" toId="56">
</dataflow>
<dataflow id="327" from="tmp_4" to="tmp_6" fromId="54" toId="56">
</dataflow>
<dataflow id="329" from="_ssdm_op_PartSelect.i2.i18.i32.i32" to="tmp_8" fromId="328" toId="57">
</dataflow>
<dataflow id="330" from="tmp_6" to="tmp_8" fromId="56" toId="57">
</dataflow>
<dataflow id="331" from="StgValue_161" to="tmp_8" fromId="161" toId="57">
</dataflow>
<dataflow id="333" from="StgValue_332" to="tmp_8" fromId="332" toId="57">
</dataflow>
<dataflow id="334" from="tmp_8" to="icmp" fromId="57" toId="58">
</dataflow>
<dataflow id="336" from="StgValue_335" to="icmp" fromId="335" toId="58">
</dataflow>
<dataflow id="338" from="_ssdm_op_BitSelect.i1.i18.i32" to="tmp_9" fromId="337" toId="59">
</dataflow>
<dataflow id="339" from="tmp_6" to="tmp_9" fromId="56" toId="59">
</dataflow>
<dataflow id="340" from="StgValue_332" to="tmp_9" fromId="332" toId="59">
</dataflow>
<dataflow id="342" from="_ssdm_op_PartSelect.i8.i18.i32.i32" to="phitmp" fromId="341" toId="60">
</dataflow>
<dataflow id="343" from="tmp_6" to="phitmp" fromId="56" toId="60">
</dataflow>
<dataflow id="345" from="StgValue_344" to="phitmp" fromId="344" toId="60">
</dataflow>
<dataflow id="347" from="StgValue_346" to="phitmp" fromId="346" toId="60">
</dataflow>
<dataflow id="348" from="icmp" to="p_phitmp" fromId="58" toId="61">
</dataflow>
<dataflow id="350" from="StgValue_349" to="p_phitmp" fromId="349" toId="61">
</dataflow>
<dataflow id="351" from="StgValue_285" to="p_phitmp" fromId="285" toId="61">
</dataflow>
<dataflow id="352" from="icmp" to="tmp_10" fromId="58" toId="62">
</dataflow>
<dataflow id="353" from="tmp_9" to="tmp_10" fromId="59" toId="62">
</dataflow>
<dataflow id="354" from="tmp_10" to="R" fromId="62" toId="63">
</dataflow>
<dataflow id="355" from="p_phitmp" to="R" fromId="61" toId="63">
</dataflow>
<dataflow id="356" from="phitmp" to="R" fromId="60" toId="63">
</dataflow>
<dataflow id="357" from="D" to="tmp_26_cast3_cast" fromId="46" toId="64">
</dataflow>
<dataflow id="359" from="StgValue_358" to="tmp_11" fromId="358" toId="65">
</dataflow>
<dataflow id="360" from="tmp_26_cast3_cast" to="tmp_11" fromId="64" toId="65">
</dataflow>
<dataflow id="361" from="tmp_11" to="tmp_11_cast" fromId="65" toId="66">
</dataflow>
<dataflow id="362" from="tmp_11_cast" to="tmp1" fromId="66" toId="67">
</dataflow>
<dataflow id="363" from="tmp_12" to="tmp1" fromId="52" toId="67">
</dataflow>
<dataflow id="364" from="tmp1" to="tmp1_cast" fromId="67" toId="68">
</dataflow>
<dataflow id="365" from="tmp1_cast" to="tmp_13" fromId="68" toId="69">
</dataflow>
<dataflow id="366" from="tmp_5" to="tmp_13" fromId="51" toId="69">
</dataflow>
<dataflow id="367" from="_ssdm_op_PartSelect.i2.i18.i32.i32" to="tmp_14" fromId="328" toId="70">
</dataflow>
<dataflow id="368" from="tmp_13" to="tmp_14" fromId="69" toId="70">
</dataflow>
<dataflow id="369" from="StgValue_161" to="tmp_14" fromId="161" toId="70">
</dataflow>
<dataflow id="370" from="StgValue_332" to="tmp_14" fromId="332" toId="70">
</dataflow>
<dataflow id="371" from="tmp_14" to="icmp1" fromId="70" toId="71">
</dataflow>
<dataflow id="372" from="StgValue_335" to="icmp1" fromId="335" toId="71">
</dataflow>
<dataflow id="373" from="_ssdm_op_BitSelect.i1.i18.i32" to="tmp_15" fromId="337" toId="72">
</dataflow>
<dataflow id="374" from="tmp_13" to="tmp_15" fromId="69" toId="72">
</dataflow>
<dataflow id="375" from="StgValue_332" to="tmp_15" fromId="332" toId="72">
</dataflow>
<dataflow id="376" from="_ssdm_op_PartSelect.i8.i18.i32.i32" to="phitmp2" fromId="341" toId="73">
</dataflow>
<dataflow id="377" from="tmp_13" to="phitmp2" fromId="69" toId="73">
</dataflow>
<dataflow id="378" from="StgValue_344" to="phitmp2" fromId="344" toId="73">
</dataflow>
<dataflow id="379" from="StgValue_346" to="phitmp2" fromId="346" toId="73">
</dataflow>
<dataflow id="380" from="icmp1" to="p_phitmp2" fromId="71" toId="74">
</dataflow>
<dataflow id="381" from="StgValue_349" to="p_phitmp2" fromId="349" toId="74">
</dataflow>
<dataflow id="382" from="StgValue_285" to="p_phitmp2" fromId="285" toId="74">
</dataflow>
<dataflow id="383" from="icmp1" to="tmp_16" fromId="71" toId="75">
</dataflow>
<dataflow id="384" from="tmp_15" to="tmp_16" fromId="72" toId="75">
</dataflow>
<dataflow id="385" from="tmp_16" to="G" fromId="75" toId="76">
</dataflow>
<dataflow id="386" from="p_phitmp2" to="G" fromId="74" toId="76">
</dataflow>
<dataflow id="387" from="phitmp2" to="G" fromId="73" toId="76">
</dataflow>
<dataflow id="389" from="_ssdm_op_BitConcatenate.i17.i8.i9" to="p_shl" fromId="388" toId="77">
</dataflow>
<dataflow id="390" from="D" to="p_shl" fromId="46" toId="77">
</dataflow>
<dataflow id="392" from="StgValue_391" to="p_shl" fromId="391" toId="77">
</dataflow>
<dataflow id="393" from="p_shl" to="p_shl_cast" fromId="77" toId="78">
</dataflow>
<dataflow id="395" from="_ssdm_op_BitConcatenate.i10.i8.i2" to="p_shl1" fromId="394" toId="79">
</dataflow>
<dataflow id="396" from="D" to="p_shl1" fromId="46" toId="79">
</dataflow>
<dataflow id="398" from="StgValue_397" to="p_shl1" fromId="397" toId="79">
</dataflow>
<dataflow id="399" from="p_shl1" to="p_shl1_cast" fromId="79" toId="80">
</dataflow>
<dataflow id="400" from="p_shl_cast" to="tmp_17" fromId="78" toId="81">
</dataflow>
<dataflow id="401" from="p_shl1_cast" to="tmp_17" fromId="80" toId="81">
</dataflow>
<dataflow id="402" from="tmp_17" to="tmp_35_cast" fromId="81" toId="82">
</dataflow>
<dataflow id="403" from="tmp_17" to="tmp_18" fromId="81" toId="83">
</dataflow>
<dataflow id="404" from="tmp_5" to="tmp_18" fromId="51" toId="83">
</dataflow>
<dataflow id="405" from="tmp_20_cast" to="tmp_19" fromId="55" toId="84">
</dataflow>
<dataflow id="406" from="tmp_35_cast" to="tmp_19" fromId="82" toId="84">
</dataflow>
<dataflow id="408" from="_ssdm_op_PartSelect.i3.i19.i32.i32" to="tmp_20" fromId="407" toId="85">
</dataflow>
<dataflow id="409" from="tmp_19" to="tmp_20" fromId="84" toId="85">
</dataflow>
<dataflow id="410" from="StgValue_161" to="tmp_20" fromId="161" toId="85">
</dataflow>
<dataflow id="412" from="StgValue_411" to="tmp_20" fromId="411" toId="85">
</dataflow>
<dataflow id="413" from="tmp_20" to="icmp2" fromId="85" toId="86">
</dataflow>
<dataflow id="415" from="StgValue_414" to="icmp2" fromId="414" toId="86">
</dataflow>
<dataflow id="417" from="_ssdm_op_BitSelect.i1.i19.i32" to="tmp_21" fromId="416" toId="87">
</dataflow>
<dataflow id="418" from="tmp_19" to="tmp_21" fromId="84" toId="87">
</dataflow>
<dataflow id="419" from="StgValue_411" to="tmp_21" fromId="411" toId="87">
</dataflow>
<dataflow id="420" from="_ssdm_op_PartSelect.i8.i18.i32.i32" to="phitmp3" fromId="341" toId="88">
</dataflow>
<dataflow id="421" from="tmp_18" to="phitmp3" fromId="83" toId="88">
</dataflow>
<dataflow id="422" from="StgValue_344" to="phitmp3" fromId="344" toId="88">
</dataflow>
<dataflow id="423" from="StgValue_346" to="phitmp3" fromId="346" toId="88">
</dataflow>
<dataflow id="424" from="icmp2" to="p_phitmp3" fromId="86" toId="89">
</dataflow>
<dataflow id="425" from="StgValue_349" to="p_phitmp3" fromId="349" toId="89">
</dataflow>
<dataflow id="426" from="StgValue_285" to="p_phitmp3" fromId="285" toId="89">
</dataflow>
<dataflow id="427" from="icmp2" to="tmp_22" fromId="86" toId="90">
</dataflow>
<dataflow id="428" from="tmp_21" to="tmp_22" fromId="87" toId="90">
</dataflow>
<dataflow id="429" from="tmp_22" to="B" fromId="90" toId="91">
</dataflow>
<dataflow id="430" from="p_phitmp3" to="B" fromId="89" toId="91">
</dataflow>
<dataflow id="431" from="phitmp3" to="B" fromId="88" toId="91">
</dataflow>
<dataflow id="432" from="tmp_s" to="tmp_15_cast" fromId="39" toId="92">
</dataflow>
<dataflow id="433" from="out_channels_ch1" to="out_channels_ch1_add" fromId="133" toId="93">
</dataflow>
<dataflow id="434" from="StgValue_148" to="out_channels_ch1_add" fromId="148" toId="93">
</dataflow>
<dataflow id="435" from="tmp_15_cast" to="out_channels_ch1_add" fromId="92" toId="93">
</dataflow>
<dataflow id="436" from="out_channels_ch2" to="out_channels_ch2_add" fromId="134" toId="94">
</dataflow>
<dataflow id="437" from="StgValue_148" to="out_channels_ch2_add" fromId="148" toId="94">
</dataflow>
<dataflow id="438" from="tmp_15_cast" to="out_channels_ch2_add" fromId="92" toId="94">
</dataflow>
<dataflow id="439" from="out_channels_ch3" to="out_channels_ch3_add" fromId="135" toId="95">
</dataflow>
<dataflow id="440" from="StgValue_148" to="out_channels_ch3_add" fromId="148" toId="95">
</dataflow>
<dataflow id="441" from="tmp_15_cast" to="out_channels_ch3_add" fromId="92" toId="95">
</dataflow>
<dataflow id="442" from="R" to="StgValue_96" fromId="63" toId="96">
</dataflow>
<dataflow id="443" from="out_channels_ch1_add" to="StgValue_96" fromId="93" toId="96">
</dataflow>
<dataflow id="444" from="G" to="StgValue_97" fromId="76" toId="97">
</dataflow>
<dataflow id="445" from="out_channels_ch2_add" to="StgValue_97" fromId="94" toId="97">
</dataflow>
<dataflow id="446" from="B" to="StgValue_98" fromId="91" toId="98">
</dataflow>
<dataflow id="447" from="out_channels_ch3_add" to="StgValue_98" fromId="95" toId="98">
</dataflow>
<dataflow id="449" from="_ssdm_op_SpecLoopName" to="StgValue_99" fromId="448" toId="99">
</dataflow>
<dataflow id="451" from="YUV2RGB_LOOP_X_YUV2R" to="StgValue_99" fromId="450" toId="99">
</dataflow>
<dataflow id="453" from="_ssdm_op_SpecLoopTripCount" to="StgValue_100" fromId="452" toId="100">
</dataflow>
<dataflow id="455" from="StgValue_454" to="StgValue_100" fromId="454" toId="100">
</dataflow>
<dataflow id="457" from="StgValue_456" to="StgValue_100" fromId="456" toId="100">
</dataflow>
<dataflow id="459" from="StgValue_458" to="StgValue_100" fromId="458" toId="100">
</dataflow>
<dataflow id="460" from="_ssdm_op_SpecLoopName" to="StgValue_101" fromId="448" toId="101">
</dataflow>
<dataflow id="462" from="p_str4" to="StgValue_101" fromId="461" toId="101">
</dataflow>
<dataflow id="464" from="_ssdm_op_SpecRegionBegin" to="tmp_2" fromId="463" toId="102">
</dataflow>
<dataflow id="465" from="p_str4" to="tmp_2" fromId="461" toId="102">
</dataflow>
<dataflow id="467" from="_ssdm_op_SpecPipeline" to="StgValue_103" fromId="466" toId="103">
</dataflow>
<dataflow id="469" from="StgValue_468" to="StgValue_103" fromId="468" toId="103">
</dataflow>
<dataflow id="470" from="StgValue_261" to="StgValue_103" fromId="261" toId="103">
</dataflow>
<dataflow id="471" from="StgValue_261" to="StgValue_103" fromId="261" toId="103">
</dataflow>
<dataflow id="472" from="StgValue_148" to="StgValue_103" fromId="148" toId="103">
</dataflow>
<dataflow id="473" from="p_str" to="StgValue_103" fromId="151" toId="103">
</dataflow>
<dataflow id="474" from="R" to="StgValue_104" fromId="63" toId="104">
</dataflow>
<dataflow id="475" from="out_channels_ch1_add" to="StgValue_104" fromId="93" toId="104">
</dataflow>
<dataflow id="476" from="G" to="StgValue_105" fromId="76" toId="105">
</dataflow>
<dataflow id="477" from="out_channels_ch2_add" to="StgValue_105" fromId="94" toId="105">
</dataflow>
<dataflow id="478" from="B" to="StgValue_106" fromId="91" toId="106">
</dataflow>
<dataflow id="479" from="out_channels_ch3_add" to="StgValue_106" fromId="95" toId="106">
</dataflow>
<dataflow id="481" from="_ssdm_op_SpecRegionEnd" to="empty_71" fromId="480" toId="107">
</dataflow>
<dataflow id="482" from="p_str4" to="empty_71" fromId="461" toId="107">
</dataflow>
<dataflow id="483" from="tmp_2" to="empty_71" fromId="102" toId="107">
</dataflow>
<dataflow id="484" from="exitcond_flatten" to="StgValue_3" fromId="26" toId="3">
</dataflow>
<dataflow id="485" from="exitcond_flatten" to="StgValue_4" fromId="26" toId="4">
</dataflow>
<dataflow id="486" from="exitcond_flatten" to="StgValue_5" fromId="26" toId="5">
</dataflow>
<dataflow id="487" from="exitcond_flatten" to="StgValue_6" fromId="26" toId="6">
</dataflow>
<dataflow id="488" from="exitcond_flatten" to="StgValue_7" fromId="26" toId="7">
</dataflow>
<dataflow id="489" from="exitcond_flatten" to="StgValue_8" fromId="26" toId="8">
</dataflow>
</dataflows>


</stg>
