<stg><name>dct</name>


<trans_list>

<trans id="27" from="1" to="2">
<condition id="0">
<or_exp><and_exp></and_exp></or_exp>
</condition>
</trans>

<trans id="28" from="2" to="3">
<condition id="1">
<or_exp><and_exp></and_exp></or_exp>
</condition>
</trans>

<trans id="29" from="3" to="4">
<condition id="2">
<or_exp><and_exp></and_exp></or_exp>
</condition>
</trans>

<trans id="30" from="4" to="5">
<condition id="3">
<or_exp><and_exp></and_exp></or_exp>
</condition>
</trans>

<trans id="31" from="5" to="6">
<condition id="4">
<or_exp><and_exp></and_exp></or_exp>
</condition>
</trans>
</trans_list>



<state_list>

<state id="1" st_id="1">

<operation id="7" st_id="1" stage="1" lat="1">
<core>NULL</core>
<MemPortIdVec></MemPortIdVec>
<condition id="-1">
<or_exp><and_exp></and_exp></or_exp>
</condition>

<Node id="15" bw="16" op_0_bw="32">
<![CDATA[
:4  %buf_2d_in_0 = alloca [8 x i16], align 2

]]></Node>
<StgValue><ssdm name="buf_2d_in_0"/></StgValue>
</operation>

<operation id="8" st_id="1" stage="1" lat="1">
<core>NULL</core>
<MemPortIdVec></MemPortIdVec>
<condition id="-1">
<or_exp><and_exp></and_exp></or_exp>
</condition>

<Node id="16" bw="16" op_0_bw="32">
<![CDATA[
:5  %buf_2d_in_1 = alloca [8 x i16], align 2

]]></Node>
<StgValue><ssdm name="buf_2d_in_1"/></StgValue>
</operation>

<operation id="9" st_id="1" stage="1" lat="1">
<core>NULL</core>
<MemPortIdVec></MemPortIdVec>
<condition id="-1">
<or_exp><and_exp></and_exp></or_exp>
</condition>

<Node id="17" bw="16" op_0_bw="32">
<![CDATA[
:6  %buf_2d_in_2 = alloca [8 x i16], align 2

]]></Node>
<StgValue><ssdm name="buf_2d_in_2"/></StgValue>
</operation>

<operation id="10" st_id="1" stage="1" lat="1">
<core>NULL</core>
<MemPortIdVec></MemPortIdVec>
<condition id="-1">
<or_exp><and_exp></and_exp></or_exp>
</condition>

<Node id="18" bw="16" op_0_bw="32">
<![CDATA[
:7  %buf_2d_in_3 = alloca [8 x i16], align 2

]]></Node>
<StgValue><ssdm name="buf_2d_in_3"/></StgValue>
</operation>

<operation id="11" st_id="1" stage="1" lat="1">
<core>NULL</core>
<MemPortIdVec></MemPortIdVec>
<condition id="-1">
<or_exp><and_exp></and_exp></or_exp>
</condition>

<Node id="19" bw="16" op_0_bw="32">
<![CDATA[
:8  %buf_2d_in_4 = alloca [8 x i16], align 2

]]></Node>
<StgValue><ssdm name="buf_2d_in_4"/></StgValue>
</operation>

<operation id="12" st_id="1" stage="1" lat="1">
<core>NULL</core>
<MemPortIdVec></MemPortIdVec>
<condition id="-1">
<or_exp><and_exp></and_exp></or_exp>
</condition>

<Node id="20" bw="16" op_0_bw="32">
<![CDATA[
:9  %buf_2d_in_5 = alloca [8 x i16], align 2

]]></Node>
<StgValue><ssdm name="buf_2d_in_5"/></StgValue>
</operation>

<operation id="13" st_id="1" stage="1" lat="1">
<core>NULL</core>
<MemPortIdVec></MemPortIdVec>
<condition id="-1">
<or_exp><and_exp></and_exp></or_exp>
</condition>

<Node id="21" bw="16" op_0_bw="32">
<![CDATA[
:10  %buf_2d_in_6 = alloca [8 x i16], align 2

]]></Node>
<StgValue><ssdm name="buf_2d_in_6"/></StgValue>
</operation>

<operation id="14" st_id="1" stage="1" lat="1">
<core>NULL</core>
<MemPortIdVec></MemPortIdVec>
<condition id="-1">
<or_exp><and_exp></and_exp></or_exp>
</condition>

<Node id="22" bw="16" op_0_bw="32">
<![CDATA[
:11  %buf_2d_in_7 = alloca [8 x i16], align 2

]]></Node>
<StgValue><ssdm name="buf_2d_in_7"/></StgValue>
</operation>

<operation id="15" st_id="1" stage="1" lat="1">
<core>NULL</core>
<MemPortIdVec></MemPortIdVec>
<condition id="-1">
<or_exp><and_exp></and_exp></or_exp>
</condition>

<Node id="23" bw="16" op_0_bw="32">
<![CDATA[
:12  %buf_2d_out = alloca [64 x i16], align 2

]]></Node>
<StgValue><ssdm name="buf_2d_out"/></StgValue>
</operation>

<operation id="16" st_id="1" stage="2" lat="2">
<core></core>
<MemPortIdVec></MemPortIdVec>
<condition id="-1">
<or_exp><and_exp></and_exp></or_exp>
</condition>

<Node id="24" bw="0" op_0_bw="0" op_1_bw="16" op_2_bw="16" op_3_bw="16" op_4_bw="16" op_5_bw="16" op_6_bw="16" op_7_bw="16" op_8_bw="16" op_9_bw="16">
<![CDATA[
:13  call fastcc void @read_data([64 x i16]* %input_r, [8 x i16]* %buf_2d_in_0, [8 x i16]* %buf_2d_in_1, [8 x i16]* %buf_2d_in_2, [8 x i16]* %buf_2d_in_3, [8 x i16]* %buf_2d_in_4, [8 x i16]* %buf_2d_in_5, [8 x i16]* %buf_2d_in_6, [8 x i16]* %buf_2d_in_7) nounwind

]]></Node>
<StgValue><ssdm name=""/></StgValue>
</operation>
</state>

<state id="2" st_id="2">

<operation id="17" st_id="2" stage="1" lat="2">
<core></core>
<MemPortIdVec></MemPortIdVec>
<condition id="-1">
<or_exp><and_exp></and_exp></or_exp>
</condition>

<Node id="24" bw="0" op_0_bw="0" op_1_bw="16" op_2_bw="16" op_3_bw="16" op_4_bw="16" op_5_bw="16" op_6_bw="16" op_7_bw="16" op_8_bw="16" op_9_bw="16">
<![CDATA[
:13  call fastcc void @read_data([64 x i16]* %input_r, [8 x i16]* %buf_2d_in_0, [8 x i16]* %buf_2d_in_1, [8 x i16]* %buf_2d_in_2, [8 x i16]* %buf_2d_in_3, [8 x i16]* %buf_2d_in_4, [8 x i16]* %buf_2d_in_5, [8 x i16]* %buf_2d_in_6, [8 x i16]* %buf_2d_in_7) nounwind

]]></Node>
<StgValue><ssdm name=""/></StgValue>
</operation>
</state>

<state id="3" st_id="3">

<operation id="18" st_id="3" stage="2" lat="2">
<core></core>
<MemPortIdVec></MemPortIdVec>
<condition id="-1">
<or_exp><and_exp></and_exp></or_exp>
</condition>

<Node id="25" bw="0" op_0_bw="0" op_1_bw="16" op_2_bw="16" op_3_bw="16" op_4_bw="16" op_5_bw="16" op_6_bw="16" op_7_bw="16" op_8_bw="16" op_9_bw="16">
<![CDATA[
:14  call fastcc void @dct_2d([8 x i16]* %buf_2d_in_0, [8 x i16]* %buf_2d_in_1, [8 x i16]* %buf_2d_in_2, [8 x i16]* %buf_2d_in_3, [8 x i16]* %buf_2d_in_4, [8 x i16]* %buf_2d_in_5, [8 x i16]* %buf_2d_in_6, [8 x i16]* %buf_2d_in_7, [64 x i16]* %buf_2d_out) nounwind

]]></Node>
<StgValue><ssdm name=""/></StgValue>
</operation>
</state>

<state id="4" st_id="4">

<operation id="19" st_id="4" stage="1" lat="2">
<core></core>
<MemPortIdVec></MemPortIdVec>
<condition id="-1">
<or_exp><and_exp></and_exp></or_exp>
</condition>

<Node id="25" bw="0" op_0_bw="0" op_1_bw="16" op_2_bw="16" op_3_bw="16" op_4_bw="16" op_5_bw="16" op_6_bw="16" op_7_bw="16" op_8_bw="16" op_9_bw="16">
<![CDATA[
:14  call fastcc void @dct_2d([8 x i16]* %buf_2d_in_0, [8 x i16]* %buf_2d_in_1, [8 x i16]* %buf_2d_in_2, [8 x i16]* %buf_2d_in_3, [8 x i16]* %buf_2d_in_4, [8 x i16]* %buf_2d_in_5, [8 x i16]* %buf_2d_in_6, [8 x i16]* %buf_2d_in_7, [64 x i16]* %buf_2d_out) nounwind

]]></Node>
<StgValue><ssdm name=""/></StgValue>
</operation>
</state>

<state id="5" st_id="5">

<operation id="20" st_id="5" stage="2" lat="2">
<core></core>
<MemPortIdVec></MemPortIdVec>
<condition id="-1">
<or_exp><and_exp></and_exp></or_exp>
</condition>

<Node id="26" bw="0" op_0_bw="0" op_1_bw="16" op_2_bw="16">
<![CDATA[
:15  call fastcc void @write_data([64 x i16]* %buf_2d_out, [64 x i16]* %output_r) nounwind

]]></Node>
<StgValue><ssdm name=""/></StgValue>
</operation>
</state>

<state id="6" st_id="6">

<operation id="21" st_id="6" stage="1" lat="1">
<core>NULL</core>
<MemPortIdVec></MemPortIdVec>
<condition id="-1">
<or_exp><and_exp></and_exp></or_exp>
</condition>

<Node id="11" bw="0" op_0_bw="0" op_1_bw="32" op_2_bw="0">
<![CDATA[
:0  call void (...)* @_ssdm_op_SpecDataflowPipeline(i32 -1, [1 x i8]* @p_str1) nounwind

]]></Node>
<StgValue><ssdm name=""/></StgValue>
</operation>

<operation id="22" st_id="6" stage="1" lat="1">
<core>NULL</core>
<MemPortIdVec></MemPortIdVec>
<condition id="-1">
<or_exp><and_exp></and_exp></or_exp>
</condition>

<Node id="12" bw="0" op_0_bw="0" op_1_bw="16">
<![CDATA[
:1  call void (...)* @_ssdm_op_SpecBitsMap([64 x i16]* %input_r) nounwind, !map !19

]]></Node>
<StgValue><ssdm name=""/></StgValue>
</operation>

<operation id="23" st_id="6" stage="1" lat="1">
<core>NULL</core>
<MemPortIdVec></MemPortIdVec>
<condition id="-1">
<or_exp><and_exp></and_exp></or_exp>
</condition>

<Node id="13" bw="0" op_0_bw="0" op_1_bw="16">
<![CDATA[
:2  call void (...)* @_ssdm_op_SpecBitsMap([64 x i16]* %output_r) nounwind, !map !25

]]></Node>
<StgValue><ssdm name=""/></StgValue>
</operation>

<operation id="24" st_id="6" stage="1" lat="1">
<core>NULL</core>
<MemPortIdVec></MemPortIdVec>
<condition id="-1">
<or_exp><and_exp></and_exp></or_exp>
</condition>

<Node id="14" bw="0" op_0_bw="0" op_1_bw="0">
<![CDATA[
:3  call void (...)* @_ssdm_op_SpecTopModule([4 x i8]* @dct_str) nounwind

]]></Node>
<StgValue><ssdm name=""/></StgValue>
</operation>

<operation id="25" st_id="6" stage="1" lat="2">
<core></core>
<MemPortIdVec></MemPortIdVec>
<condition id="-1">
<or_exp><and_exp></and_exp></or_exp>
</condition>

<Node id="26" bw="0" op_0_bw="0" op_1_bw="16" op_2_bw="16">
<![CDATA[
:15  call fastcc void @write_data([64 x i16]* %buf_2d_out, [64 x i16]* %output_r) nounwind

]]></Node>
<StgValue><ssdm name=""/></StgValue>
</operation>

<operation id="26" st_id="6" stage="1" lat="1">
<core>NULL</core>
<MemPortIdVec></MemPortIdVec>
<condition id="-1">
<or_exp><and_exp></and_exp></or_exp>
</condition>

<Node id="27" bw="0">
<![CDATA[
:16  ret void

]]></Node>
<StgValue><ssdm name=""/></StgValue>
</operation>
</state>
</state_list>


<ports>
</ports>


<dataflows>
</dataflows>


</stg>
