<stg><name>dct_2d</name>


<trans_list>

<trans id="131" from="1" to="2">
<condition id="110">
<or_exp><and_exp></and_exp></or_exp>
</condition>
</trans>

<trans id="132" from="2" to="3">
<condition id="111">
<or_exp><and_exp><literal name="tmp" val="0"/>
</and_exp></or_exp>
</condition>
</trans>

<trans id="135" from="2" to="4">
<condition id="116">
<or_exp><and_exp><literal name="tmp" val="1"/>
</and_exp></or_exp>
</condition>
</trans>

<trans id="134" from="3" to="2">
<condition id="114">
<or_exp><and_exp></and_exp></or_exp>
</condition>
</trans>

<trans id="152" from="4" to="6">
<condition id="138">
<or_exp><and_exp><literal name="exitcond_flatten" val="1"/>
</and_exp></or_exp>
</condition>
</trans>

<trans id="153" from="4" to="5">
<condition id="140">
<or_exp><and_exp><literal name="exitcond_flatten" val="0"/>
</and_exp></or_exp>
</condition>
</trans>

<trans id="151" from="5" to="4">
<condition id="139">
<or_exp><and_exp></and_exp></or_exp>
</condition>
</trans>

<trans id="141" from="6" to="7">
<condition id="125">
<or_exp><and_exp></and_exp></or_exp>
</condition>
</trans>

<trans id="142" from="7" to="8">
<condition id="126">
<or_exp><and_exp><literal name="tmp_9" val="0"/>
</and_exp></or_exp>
</condition>
</trans>

<trans id="145" from="7" to="9">
<condition id="131">
<or_exp><and_exp><literal name="tmp_9" val="1"/>
</and_exp></or_exp>
</condition>
</trans>

<trans id="144" from="8" to="7">
<condition id="129">
<or_exp><and_exp></and_exp></or_exp>
</condition>
</trans>

<trans id="156" from="9" to="11">
<condition id="141">
<or_exp><and_exp><literal name="exitcond_flatten1" val="1"/>
</and_exp></or_exp>
</condition>
</trans>

<trans id="157" from="9" to="10">
<condition id="143">
<or_exp><and_exp><literal name="exitcond_flatten1" val="0"/>
</and_exp></or_exp>
</condition>
</trans>

<trans id="155" from="10" to="9">
<condition id="142">
<or_exp><and_exp></and_exp></or_exp>
</condition>
</trans>
</trans_list>



<state_list>

<state id="1" st_id="1">

<operation id="12" st_id="1" stage="1" lat="1">
<core>RAM</core>
<MemPortIdVec></MemPortIdVec>
<condition id="76">
<or_exp><and_exp></and_exp></or_exp>
</condition>

<Node id="18" bw="16" op_0_bw="32">
<![CDATA[
:0  %row_outbuf = alloca [64 x i16], align 2

]]></Node>
<StgValue><ssdm name="row_outbuf"/><MemPortTyVec>2 3 </MemPortTyVec>
</StgValue>
</operation>

<operation id="13" st_id="1" stage="1" lat="1">
<core>RAM</core>
<MemPortIdVec></MemPortIdVec>
<condition id="76">
<or_exp><and_exp></and_exp></or_exp>
</condition>

<Node id="19" bw="16" op_0_bw="32">
<![CDATA[
:1  %col_outbuf = alloca [64 x i16], align 2

]]></Node>
<StgValue><ssdm name="col_outbuf"/><MemPortTyVec>2 3 </MemPortTyVec>
</StgValue>
</operation>

<operation id="14" st_id="1" stage="1" lat="1">
<core>RAM</core>
<MemPortIdVec></MemPortIdVec>
<condition id="76">
<or_exp><and_exp></and_exp></or_exp>
</condition>

<Node id="20" bw="16" op_0_bw="32">
<![CDATA[
:2  %col_inbuf_0 = alloca [8 x i16], align 2

]]></Node>
<StgValue><ssdm name="col_inbuf_0"/><MemPortTyVec>2 3 </MemPortTyVec>
</StgValue>
</operation>

<operation id="15" st_id="1" stage="1" lat="1">
<core>RAM</core>
<MemPortIdVec></MemPortIdVec>
<condition id="76">
<or_exp><and_exp></and_exp></or_exp>
</condition>

<Node id="21" bw="16" op_0_bw="32">
<![CDATA[
:3  %col_inbuf_1 = alloca [8 x i16], align 2

]]></Node>
<StgValue><ssdm name="col_inbuf_1"/><MemPortTyVec>2 3 </MemPortTyVec>
</StgValue>
</operation>

<operation id="16" st_id="1" stage="1" lat="1">
<core>RAM</core>
<MemPortIdVec></MemPortIdVec>
<condition id="76">
<or_exp><and_exp></and_exp></or_exp>
</condition>

<Node id="22" bw="16" op_0_bw="32">
<![CDATA[
:4  %col_inbuf_2 = alloca [8 x i16], align 2

]]></Node>
<StgValue><ssdm name="col_inbuf_2"/><MemPortTyVec>2 3 </MemPortTyVec>
</StgValue>
</operation>

<operation id="17" st_id="1" stage="1" lat="1">
<core>RAM</core>
<MemPortIdVec></MemPortIdVec>
<condition id="76">
<or_exp><and_exp></and_exp></or_exp>
</condition>

<Node id="23" bw="16" op_0_bw="32">
<![CDATA[
:5  %col_inbuf_3 = alloca [8 x i16], align 2

]]></Node>
<StgValue><ssdm name="col_inbuf_3"/><MemPortTyVec>2 3 </MemPortTyVec>
</StgValue>
</operation>

<operation id="18" st_id="1" stage="1" lat="1">
<core>RAM</core>
<MemPortIdVec></MemPortIdVec>
<condition id="76">
<or_exp><and_exp></and_exp></or_exp>
</condition>

<Node id="24" bw="16" op_0_bw="32">
<![CDATA[
:6  %col_inbuf_4 = alloca [8 x i16], align 2

]]></Node>
<StgValue><ssdm name="col_inbuf_4"/><MemPortTyVec>2 3 </MemPortTyVec>
</StgValue>
</operation>

<operation id="19" st_id="1" stage="1" lat="1">
<core>RAM</core>
<MemPortIdVec></MemPortIdVec>
<condition id="76">
<or_exp><and_exp></and_exp></or_exp>
</condition>

<Node id="25" bw="16" op_0_bw="32">
<![CDATA[
:7  %col_inbuf_5 = alloca [8 x i16], align 2

]]></Node>
<StgValue><ssdm name="col_inbuf_5"/><MemPortTyVec>2 3 </MemPortTyVec>
</StgValue>
</operation>

<operation id="20" st_id="1" stage="1" lat="1">
<core>RAM</core>
<MemPortIdVec></MemPortIdVec>
<condition id="76">
<or_exp><and_exp></and_exp></or_exp>
</condition>

<Node id="26" bw="16" op_0_bw="32">
<![CDATA[
:8  %col_inbuf_6 = alloca [8 x i16], align 2

]]></Node>
<StgValue><ssdm name="col_inbuf_6"/><MemPortTyVec>2 3 </MemPortTyVec>
</StgValue>
</operation>

<operation id="21" st_id="1" stage="1" lat="1">
<core>RAM</core>
<MemPortIdVec></MemPortIdVec>
<condition id="76">
<or_exp><and_exp></and_exp></or_exp>
</condition>

<Node id="27" bw="16" op_0_bw="32">
<![CDATA[
:9  %col_inbuf_7 = alloca [8 x i16], align 2

]]></Node>
<StgValue><ssdm name="col_inbuf_7"/><MemPortTyVec>2 3 </MemPortTyVec>
</StgValue>
</operation>

<operation id="22" st_id="1" stage="1" lat="1">
<core>NULL</core>
<MemPortIdVec></MemPortIdVec>
<condition id="76">
<or_exp><and_exp></and_exp></or_exp>
</condition>

<Node id="28" bw="0" op_0_bw="0">
<![CDATA[
:10  br label %1

]]></Node>
<StgValue><ssdm name=""/></StgValue>
</operation>
</state>

<state id="2" st_id="2">

<operation id="23" st_id="2" stage="1" lat="1">
<core>NULL</core>
<MemPortIdVec></MemPortIdVec>
<condition id="77">
<or_exp><and_exp></and_exp></or_exp>
</condition>

<Node id="30" bw="4" op_0_bw="4" op_1_bw="0">
<![CDATA[
:0  %i = phi i4 [ 0, %0 ], [ %i_4, %2 ]

]]></Node>
<StgValue><ssdm name="i"/></StgValue>
</operation>

<operation id="24" st_id="2" stage="1" lat="1">
<core>Cmp</core>
<MemPortIdVec></MemPortIdVec>
<condition id="77">
<or_exp><and_exp></and_exp></or_exp>
</condition>

<Node id="31" bw="1" op_0_bw="4" op_1_bw="4">
<![CDATA[
:1  %tmp = icmp eq i4 %i, -8

]]></Node>
<StgValue><ssdm name="tmp"/></StgValue>
</operation>

<operation id="25" st_id="2" stage="1" lat="1">
<core>NULL</core>
<MemPortIdVec></MemPortIdVec>
<condition id="77">
<or_exp><and_exp></and_exp></or_exp>
</condition>

<Node id="32" bw="32" op_0_bw="32" op_1_bw="64" op_2_bw="64" op_3_bw="64">
<![CDATA[
:2  %empty = call i32 (...)* @_ssdm_op_SpecLoopTripCount(i64 8, i64 8, i64 8)

]]></Node>
<StgValue><ssdm name="empty"/></StgValue>
</operation>

<operation id="26" st_id="2" stage="1" lat="1">
<core>AddSub</core>
<MemPortIdVec></MemPortIdVec>
<condition id="77">
<or_exp><and_exp></and_exp></or_exp>
</condition>

<Node id="33" bw="4" op_0_bw="4" op_1_bw="4">
<![CDATA[
:3  %i_4 = add i4 %i, 1

]]></Node>
<StgValue><ssdm name="i_4"/></StgValue>
</operation>

<operation id="27" st_id="2" stage="1" lat="1">
<core>NULL</core>
<MemPortIdVec></MemPortIdVec>
<condition id="77">
<or_exp><and_exp></and_exp></or_exp>
</condition>

<Node id="34" bw="0" op_0_bw="1" op_1_bw="0" op_2_bw="0">
<![CDATA[
:4  br i1 %tmp, label %.preheader2.preheader.preheader, label %2

]]></Node>
<StgValue><ssdm name=""/></StgValue>
</operation>

<operation id="28" st_id="2" stage="2" lat="2">
<core></core>
<MemPortIdVec></MemPortIdVec>
<condition id="79">
<or_exp><and_exp><literal name="tmp" val="0"/>
</and_exp></or_exp>
</condition>

<Node id="37" bw="0" op_0_bw="0" op_1_bw="16" op_2_bw="16" op_3_bw="16" op_4_bw="16" op_5_bw="16" op_6_bw="16" op_7_bw="16" op_8_bw="16" op_9_bw="4" op_10_bw="16" op_11_bw="4">
<![CDATA[
:1  call fastcc void @dct_1d([8 x i16]* %in_block_0, [8 x i16]* %in_block_1, [8 x i16]* %in_block_2, [8 x i16]* %in_block_3, [8 x i16]* %in_block_4, [8 x i16]* %in_block_5, [8 x i16]* %in_block_6, [8 x i16]* %in_block_7, i4 %i, [64 x i16]* %row_outbuf, i4 %i)

]]></Node>
<StgValue><ssdm name=""/></StgValue>
</operation>

<operation id="29" st_id="2" stage="1" lat="1">
<core>NULL</core>
<MemPortIdVec></MemPortIdVec>
<condition id="81">
<or_exp><and_exp><literal name="tmp" val="1"/>
</and_exp></or_exp>
</condition>

<Node id="40" bw="0" op_0_bw="0">
<![CDATA[
.preheader2.preheader.preheader:0  br label %.preheader2.preheader

]]></Node>
<StgValue><ssdm name=""/></StgValue>
</operation>
</state>

<state id="3" st_id="3">

<operation id="30" st_id="3" stage="1" lat="1">
<core>NULL</core>
<MemPortIdVec></MemPortIdVec>
<condition id="82">
<or_exp><and_exp></and_exp></or_exp>
</condition>

<Node id="36" bw="0" op_0_bw="0" op_1_bw="0">
<![CDATA[
:0  call void (...)* @_ssdm_op_SpecLoopName([13 x i8]* @p_str4) nounwind

]]></Node>
<StgValue><ssdm name=""/></StgValue>
</operation>

<operation id="31" st_id="3" stage="1" lat="2">
<core></core>
<MemPortIdVec></MemPortIdVec>
<condition id="82">
<or_exp><and_exp></and_exp></or_exp>
</condition>

<Node id="37" bw="0" op_0_bw="0" op_1_bw="16" op_2_bw="16" op_3_bw="16" op_4_bw="16" op_5_bw="16" op_6_bw="16" op_7_bw="16" op_8_bw="16" op_9_bw="4" op_10_bw="16" op_11_bw="4">
<![CDATA[
:1  call fastcc void @dct_1d([8 x i16]* %in_block_0, [8 x i16]* %in_block_1, [8 x i16]* %in_block_2, [8 x i16]* %in_block_3, [8 x i16]* %in_block_4, [8 x i16]* %in_block_5, [8 x i16]* %in_block_6, [8 x i16]* %in_block_7, i4 %i, [64 x i16]* %row_outbuf, i4 %i)

]]></Node>
<StgValue><ssdm name=""/></StgValue>
</operation>

<operation id="32" st_id="3" stage="1" lat="1">
<core>NULL</core>
<MemPortIdVec></MemPortIdVec>
<condition id="82">
<or_exp><and_exp></and_exp></or_exp>
</condition>

<Node id="38" bw="0" op_0_bw="0">
<![CDATA[
:2  br label %1

]]></Node>
<StgValue><ssdm name=""/></StgValue>
</operation>
</state>

<state id="4" st_id="4">

<operation id="33" st_id="4" stage="1" lat="1">
<core>NULL</core>
<MemPortIdVec></MemPortIdVec>
<condition id="-1">
<or_exp><and_exp></and_exp></or_exp>
</condition>

<Node id="42" bw="7" op_0_bw="7" op_1_bw="0">
<![CDATA[
.preheader2.preheader:0  %indvar_flatten = phi i7 [ %indvar_flatten_next, %ifBlock ], [ 0, %.preheader2.preheader.preheader ]

]]></Node>
<StgValue><ssdm name="indvar_flatten"/></StgValue>
</operation>

<operation id="34" st_id="4" stage="1" lat="1">
<core>NULL</core>
<MemPortIdVec></MemPortIdVec>
<condition id="-1">
<or_exp><and_exp></and_exp></or_exp>
</condition>

<Node id="43" bw="4" op_0_bw="4" op_1_bw="0">
<![CDATA[
.preheader2.preheader:1  %j = phi i4 [ %j_cast_mid2_v, %ifBlock ], [ 0, %.preheader2.preheader.preheader ]

]]></Node>
<StgValue><ssdm name="j"/></StgValue>
</operation>

<operation id="35" st_id="4" stage="1" lat="1">
<core>NULL</core>
<MemPortIdVec></MemPortIdVec>
<condition id="-1">
<or_exp><and_exp></and_exp></or_exp>
</condition>

<Node id="44" bw="4" op_0_bw="4" op_1_bw="0">
<![CDATA[
.preheader2.preheader:2  %i_1 = phi i4 [ %i_6, %ifBlock ], [ 0, %.preheader2.preheader.preheader ]

]]></Node>
<StgValue><ssdm name="i_1"/></StgValue>
</operation>

<operation id="36" st_id="4" stage="1" lat="1">
<core>Cmp</core>
<MemPortIdVec></MemPortIdVec>
<condition id="-1">
<or_exp><and_exp></and_exp></or_exp>
</condition>

<Node id="45" bw="1" op_0_bw="7" op_1_bw="7">
<![CDATA[
.preheader2.preheader:3  %exitcond_flatten = icmp eq i7 %indvar_flatten, -64

]]></Node>
<StgValue><ssdm name="exitcond_flatten"/></StgValue>
</operation>

<operation id="37" st_id="4" stage="1" lat="1">
<core>AddSub</core>
<MemPortIdVec></MemPortIdVec>
<condition id="-1">
<or_exp><and_exp></and_exp></or_exp>
</condition>

<Node id="46" bw="7" op_0_bw="7" op_1_bw="7">
<![CDATA[
.preheader2.preheader:4  %indvar_flatten_next = add i7 %indvar_flatten, 1

]]></Node>
<StgValue><ssdm name="indvar_flatten_next"/></StgValue>
</operation>

<operation id="38" st_id="4" stage="1" lat="1">
<core>NULL</core>
<MemPortIdVec></MemPortIdVec>
<condition id="-1">
<or_exp><and_exp></and_exp></or_exp>
</condition>

<Node id="47" bw="0" op_0_bw="1" op_1_bw="0" op_2_bw="0">
<![CDATA[
.preheader2.preheader:5  br i1 %exitcond_flatten, label %.preheader1.preheader, label %.preheader2

]]></Node>
<StgValue><ssdm name=""/></StgValue>
</operation>

<operation id="39" st_id="4" stage="1" lat="1">
<core>AddSub</core>
<MemPortIdVec></MemPortIdVec>
<condition id="0">
<or_exp><and_exp><literal name="exitcond_flatten" val="0"/>
</and_exp></or_exp>
</condition>

<Node id="49" bw="4" op_0_bw="4" op_1_bw="4">
<![CDATA[
.preheader2:0  %j_2 = add i4 1, %j

]]></Node>
<StgValue><ssdm name="j_2"/></StgValue>
</operation>

<operation id="40" st_id="4" stage="1" lat="1">
<core>Cmp</core>
<MemPortIdVec></MemPortIdVec>
<condition id="0">
<or_exp><and_exp><literal name="exitcond_flatten" val="0"/>
</and_exp></or_exp>
</condition>

<Node id="52" bw="1" op_0_bw="4" op_1_bw="4">
<![CDATA[
.preheader2:3  %tmp_4 = icmp eq i4 %i_1, -8

]]></Node>
<StgValue><ssdm name="tmp_4"/></StgValue>
</operation>

<operation id="41" st_id="4" stage="1" lat="1">
<core>Sel</core>
<MemPortIdVec></MemPortIdVec>
<condition id="0">
<or_exp><and_exp><literal name="exitcond_flatten" val="0"/>
</and_exp></or_exp>
</condition>

<Node id="53" bw="4" op_0_bw="1" op_1_bw="4" op_2_bw="4">
<![CDATA[
.preheader2:4  %i_1_mid2 = select i1 %tmp_4, i4 0, i4 %i_1

]]></Node>
<StgValue><ssdm name="i_1_mid2"/></StgValue>
</operation>

<operation id="42" st_id="4" stage="1" lat="1">
<core>Sel</core>
<MemPortIdVec></MemPortIdVec>
<condition id="0">
<or_exp><and_exp><literal name="exitcond_flatten" val="0"/>
</and_exp></or_exp>
</condition>

<Node id="54" bw="4" op_0_bw="1" op_1_bw="4" op_2_bw="4">
<![CDATA[
.preheader2:5  %j_cast_mid2_v = select i1 %tmp_4, i4 %j_2, i4 %j

]]></Node>
<StgValue><ssdm name="j_cast_mid2_v"/></StgValue>
</operation>

<operation id="43" st_id="4" stage="1" lat="1">
<core>NULL</core>
<MemPortIdVec></MemPortIdVec>
<condition id="0">
<or_exp><and_exp><literal name="exitcond_flatten" val="0"/>
</and_exp></or_exp>
</condition>

<Node id="56" bw="8" op_0_bw="4">
<![CDATA[
.preheader2:7  %j_cast_mid2_cast = zext i4 %j_cast_mid2_v to i8

]]></Node>
<StgValue><ssdm name="j_cast_mid2_cast"/></StgValue>
</operation>

<operation id="44" st_id="4" stage="1" lat="1">
<core>NULL</core>
<MemPortIdVec></MemPortIdVec>
<condition id="0">
<or_exp><and_exp><literal name="exitcond_flatten" val="0"/>
</and_exp></or_exp>
</condition>

<Node id="57" bw="7" op_0_bw="7" op_1_bw="4" op_2_bw="3">
<![CDATA[
.preheader2:8  %tmp_5 = call i7 @_ssdm_op_BitConcatenate.i7.i4.i3(i4 %i_1_mid2, i3 0)

]]></Node>
<StgValue><ssdm name="tmp_5"/></StgValue>
</operation>

<operation id="45" st_id="4" stage="1" lat="1">
<core>NULL</core>
<MemPortIdVec></MemPortIdVec>
<condition id="0">
<or_exp><and_exp><literal name="exitcond_flatten" val="0"/>
</and_exp></or_exp>
</condition>

<Node id="58" bw="8" op_0_bw="7">
<![CDATA[
.preheader2:9  %tmp_6_cast = zext i7 %tmp_5 to i8

]]></Node>
<StgValue><ssdm name="tmp_6_cast"/></StgValue>
</operation>

<operation id="46" st_id="4" stage="1" lat="1">
<core>AddSub</core>
<MemPortIdVec></MemPortIdVec>
<condition id="0">
<or_exp><and_exp><literal name="exitcond_flatten" val="0"/>
</and_exp></or_exp>
</condition>

<Node id="59" bw="8" op_0_bw="8" op_1_bw="8">
<![CDATA[
.preheader2:10  %tmp_8 = add i8 %tmp_6_cast, %j_cast_mid2_cast

]]></Node>
<StgValue><ssdm name="tmp_8"/></StgValue>
</operation>

<operation id="47" st_id="4" stage="1" lat="1">
<core>NULL</core>
<MemPortIdVec></MemPortIdVec>
<condition id="0">
<or_exp><and_exp><literal name="exitcond_flatten" val="0"/>
</and_exp></or_exp>
</condition>

<Node id="60" bw="32" op_0_bw="8">
<![CDATA[
.preheader2:11  %tmp_8_cast = zext i8 %tmp_8 to i32

]]></Node>
<StgValue><ssdm name="tmp_8_cast"/></StgValue>
</operation>

<operation id="48" st_id="4" stage="1" lat="1">
<core>NULL</core>
<MemPortIdVec></MemPortIdVec>
<condition id="0">
<or_exp><and_exp><literal name="exitcond_flatten" val="0"/>
</and_exp></or_exp>
</condition>

<Node id="61" bw="6" op_0_bw="16" op_1_bw="32" op_2_bw="32">
<![CDATA[
.preheader2:12  %row_outbuf_addr = getelementptr [64 x i16]* %row_outbuf, i32 0, i32 %tmp_8_cast

]]></Node>
<StgValue><ssdm name="row_outbuf_addr"/></StgValue>
</operation>

<operation id="49" st_id="4" stage="2" lat="2">
<core>RAM</core>
<MemPortIdVec>0 </MemPortIdVec>
<condition id="0">
<or_exp><and_exp><literal name="exitcond_flatten" val="0"/>
</and_exp></or_exp>
</condition>

<Node id="65" bw="16" op_0_bw="6">
<![CDATA[
.preheader2:16  %row_outbuf_load = load i16* %row_outbuf_addr, align 2

]]></Node>
<StgValue><ssdm name="row_outbuf_load"/></StgValue>
</operation>

<operation id="50" st_id="4" stage="1" lat="1">
<core>NULL</core>
<MemPortIdVec></MemPortIdVec>
<condition id="0">
<or_exp><and_exp><literal name="exitcond_flatten" val="0"/>
</and_exp></or_exp>
</condition>

<Node id="66" bw="3" op_0_bw="4">
<![CDATA[
.preheader2:17  %tmp_6 = trunc i4 %i_1_mid2 to i3

]]></Node>
<StgValue><ssdm name="tmp_6"/></StgValue>
</operation>

<operation id="51" st_id="4" stage="1" lat="1">
<core>NULL</core>
<MemPortIdVec></MemPortIdVec>
<condition id="0">
<or_exp><and_exp><literal name="exitcond_flatten" val="0"/>
</and_exp></or_exp>
</condition>

<Node id="67" bw="0" op_0_bw="3" op_1_bw="0" op_2_bw="3" op_3_bw="0" op_4_bw="3" op_5_bw="0" op_6_bw="3" op_7_bw="0" op_8_bw="3" op_9_bw="0" op_10_bw="3" op_11_bw="0" op_12_bw="3" op_13_bw="0" op_14_bw="3" op_15_bw="0">
<![CDATA[
.preheader2:18  switch i3 %tmp_6, label %branch7 [
    i3 0, label %branch0
    i3 1, label %branch1
    i3 2, label %branch2
    i3 3, label %branch3
    i3 -4, label %branch4
    i3 -3, label %branch5
    i3 -2, label %branch6
  ]

]]></Node>
<StgValue><ssdm name=""/></StgValue>
</operation>

<operation id="52" st_id="4" stage="1" lat="1">
<core>AddSub</core>
<MemPortIdVec></MemPortIdVec>
<condition id="83">
<or_exp><and_exp><literal name="exitcond_flatten" val="0"/>
</and_exp></or_exp>
</condition>

<Node id="102" bw="4" op_0_bw="4" op_1_bw="4">
<![CDATA[
ifBlock:1  %i_6 = add i4 %i_1_mid2, 1

]]></Node>
<StgValue><ssdm name="i_6"/></StgValue>
</operation>
</state>

<state id="5" st_id="5">

<operation id="53" st_id="5" stage="1" lat="1">
<core>NULL</core>
<MemPortIdVec></MemPortIdVec>
<condition id="0">
<or_exp><and_exp><literal name="exitcond_flatten" val="0"/>
</and_exp></or_exp>
</condition>

<Node id="50" bw="0" op_0_bw="0" op_1_bw="0">
<![CDATA[
.preheader2:1  call void (...)* @_ssdm_op_SpecLoopName([42 x i8]* @Xpose_Row_Outer_Loop)

]]></Node>
<StgValue><ssdm name=""/></StgValue>
</operation>

<operation id="54" st_id="5" stage="1" lat="1">
<core>NULL</core>
<MemPortIdVec></MemPortIdVec>
<condition id="0">
<or_exp><and_exp><literal name="exitcond_flatten" val="0"/>
</and_exp></or_exp>
</condition>

<Node id="51" bw="32" op_0_bw="32" op_1_bw="64" op_2_bw="64" op_3_bw="64">
<![CDATA[
.preheader2:2  %empty_8 = call i32 (...)* @_ssdm_op_SpecLoopTripCount(i64 64, i64 64, i64 64)

]]></Node>
<StgValue><ssdm name="empty_8"/></StgValue>
</operation>

<operation id="55" st_id="5" stage="1" lat="1">
<core>NULL</core>
<MemPortIdVec></MemPortIdVec>
<condition id="0">
<or_exp><and_exp><literal name="exitcond_flatten" val="0"/>
</and_exp></or_exp>
</condition>

<Node id="55" bw="32" op_0_bw="4">
<![CDATA[
.preheader2:6  %j_cast_mid2 = zext i4 %j_cast_mid2_v to i32

]]></Node>
<StgValue><ssdm name="j_cast_mid2"/></StgValue>
</operation>

<operation id="56" st_id="5" stage="1" lat="1">
<core>NULL</core>
<MemPortIdVec></MemPortIdVec>
<condition id="0">
<or_exp><and_exp><literal name="exitcond_flatten" val="0"/>
</and_exp></or_exp>
</condition>

<Node id="62" bw="0" op_0_bw="0" op_1_bw="0">
<![CDATA[
.preheader2:13  call void (...)* @_ssdm_op_SpecLoopName([21 x i8]* @p_str6) nounwind

]]></Node>
<StgValue><ssdm name=""/></StgValue>
</operation>

<operation id="57" st_id="5" stage="1" lat="1">
<core>NULL</core>
<MemPortIdVec></MemPortIdVec>
<condition id="0">
<or_exp><and_exp><literal name="exitcond_flatten" val="0"/>
</and_exp></or_exp>
</condition>

<Node id="63" bw="32" op_0_bw="32" op_1_bw="0">
<![CDATA[
.preheader2:14  %tmp_7 = call i32 (...)* @_ssdm_op_SpecRegionBegin([21 x i8]* @p_str6)

]]></Node>
<StgValue><ssdm name="tmp_7"/></StgValue>
</operation>

<operation id="58" st_id="5" stage="1" lat="1">
<core>NULL</core>
<MemPortIdVec></MemPortIdVec>
<condition id="0">
<or_exp><and_exp><literal name="exitcond_flatten" val="0"/>
</and_exp></or_exp>
</condition>

<Node id="64" bw="0" op_0_bw="0" op_1_bw="32" op_2_bw="32" op_3_bw="32" op_4_bw="32" op_5_bw="0">
<![CDATA[
.preheader2:15  call void (...)* @_ssdm_op_SpecPipeline(i32 -1, i32 1, i32 1, i32 0, [1 x i8]* @p_str1) nounwind

]]></Node>
<StgValue><ssdm name=""/></StgValue>
</operation>

<operation id="59" st_id="5" stage="1" lat="2">
<core>RAM</core>
<MemPortIdVec>0 </MemPortIdVec>
<condition id="0">
<or_exp><and_exp><literal name="exitcond_flatten" val="0"/>
</and_exp></or_exp>
</condition>

<Node id="65" bw="16" op_0_bw="6">
<![CDATA[
.preheader2:16  %row_outbuf_load = load i16* %row_outbuf_addr, align 2

]]></Node>
<StgValue><ssdm name="row_outbuf_load"/></StgValue>
</operation>

<operation id="60" st_id="5" stage="1" lat="1">
<core>NULL</core>
<MemPortIdVec></MemPortIdVec>
<condition id="84">
<or_exp><and_exp><literal name="tmp_6" val="6"/>
</and_exp></or_exp>
</condition>

<Node id="69" bw="3" op_0_bw="16" op_1_bw="32" op_2_bw="32">
<![CDATA[
branch6:0  %col_inbuf_6_addr = getelementptr [8 x i16]* %col_inbuf_6, i32 0, i32 %j_cast_mid2

]]></Node>
<StgValue><ssdm name="col_inbuf_6_addr"/></StgValue>
</operation>

<operation id="61" st_id="5" stage="1" lat="1">
<core>RAM</core>
<MemPortIdVec>0 </MemPortIdVec>
<condition id="84">
<or_exp><and_exp><literal name="tmp_6" val="6"/>
</and_exp></or_exp>
</condition>

<Node id="70" bw="0" op_0_bw="16" op_1_bw="3">
<![CDATA[
branch6:1  store i16 %row_outbuf_load, i16* %col_inbuf_6_addr, align 2

]]></Node>
<StgValue><ssdm name=""/></StgValue>
</operation>

<operation id="62" st_id="5" stage="1" lat="1">
<core>NULL</core>
<MemPortIdVec></MemPortIdVec>
<condition id="84">
<or_exp><and_exp><literal name="tmp_6" val="6"/>
</and_exp></or_exp>
</condition>

<Node id="71" bw="0" op_0_bw="0">
<![CDATA[
branch6:2  br label %ifBlock

]]></Node>
<StgValue><ssdm name=""/></StgValue>
</operation>

<operation id="63" st_id="5" stage="1" lat="1">
<core>NULL</core>
<MemPortIdVec></MemPortIdVec>
<condition id="87">
<or_exp><and_exp><literal name="tmp_6" val="5"/>
</and_exp></or_exp>
</condition>

<Node id="73" bw="3" op_0_bw="16" op_1_bw="32" op_2_bw="32">
<![CDATA[
branch5:0  %col_inbuf_5_addr = getelementptr [8 x i16]* %col_inbuf_5, i32 0, i32 %j_cast_mid2

]]></Node>
<StgValue><ssdm name="col_inbuf_5_addr"/></StgValue>
</operation>

<operation id="64" st_id="5" stage="1" lat="1">
<core>RAM</core>
<MemPortIdVec>0 </MemPortIdVec>
<condition id="87">
<or_exp><and_exp><literal name="tmp_6" val="5"/>
</and_exp></or_exp>
</condition>

<Node id="74" bw="0" op_0_bw="16" op_1_bw="3">
<![CDATA[
branch5:1  store i16 %row_outbuf_load, i16* %col_inbuf_5_addr, align 2

]]></Node>
<StgValue><ssdm name=""/></StgValue>
</operation>

<operation id="65" st_id="5" stage="1" lat="1">
<core>NULL</core>
<MemPortIdVec></MemPortIdVec>
<condition id="87">
<or_exp><and_exp><literal name="tmp_6" val="5"/>
</and_exp></or_exp>
</condition>

<Node id="75" bw="0" op_0_bw="0">
<![CDATA[
branch5:2  br label %ifBlock

]]></Node>
<StgValue><ssdm name=""/></StgValue>
</operation>

<operation id="66" st_id="5" stage="1" lat="1">
<core>NULL</core>
<MemPortIdVec></MemPortIdVec>
<condition id="89">
<or_exp><and_exp><literal name="tmp_6" val="4"/>
</and_exp></or_exp>
</condition>

<Node id="77" bw="3" op_0_bw="16" op_1_bw="32" op_2_bw="32">
<![CDATA[
branch4:0  %col_inbuf_4_addr = getelementptr [8 x i16]* %col_inbuf_4, i32 0, i32 %j_cast_mid2

]]></Node>
<StgValue><ssdm name="col_inbuf_4_addr"/></StgValue>
</operation>

<operation id="67" st_id="5" stage="1" lat="1">
<core>RAM</core>
<MemPortIdVec>0 </MemPortIdVec>
<condition id="89">
<or_exp><and_exp><literal name="tmp_6" val="4"/>
</and_exp></or_exp>
</condition>

<Node id="78" bw="0" op_0_bw="16" op_1_bw="3">
<![CDATA[
branch4:1  store i16 %row_outbuf_load, i16* %col_inbuf_4_addr, align 2

]]></Node>
<StgValue><ssdm name=""/></StgValue>
</operation>

<operation id="68" st_id="5" stage="1" lat="1">
<core>NULL</core>
<MemPortIdVec></MemPortIdVec>
<condition id="89">
<or_exp><and_exp><literal name="tmp_6" val="4"/>
</and_exp></or_exp>
</condition>

<Node id="79" bw="0" op_0_bw="0">
<![CDATA[
branch4:2  br label %ifBlock

]]></Node>
<StgValue><ssdm name=""/></StgValue>
</operation>

<operation id="69" st_id="5" stage="1" lat="1">
<core>NULL</core>
<MemPortIdVec></MemPortIdVec>
<condition id="91">
<or_exp><and_exp><literal name="tmp_6" val="3"/>
</and_exp></or_exp>
</condition>

<Node id="81" bw="3" op_0_bw="16" op_1_bw="32" op_2_bw="32">
<![CDATA[
branch3:0  %col_inbuf_3_addr = getelementptr [8 x i16]* %col_inbuf_3, i32 0, i32 %j_cast_mid2

]]></Node>
<StgValue><ssdm name="col_inbuf_3_addr"/></StgValue>
</operation>

<operation id="70" st_id="5" stage="1" lat="1">
<core>RAM</core>
<MemPortIdVec>0 </MemPortIdVec>
<condition id="91">
<or_exp><and_exp><literal name="tmp_6" val="3"/>
</and_exp></or_exp>
</condition>

<Node id="82" bw="0" op_0_bw="16" op_1_bw="3">
<![CDATA[
branch3:1  store i16 %row_outbuf_load, i16* %col_inbuf_3_addr, align 2

]]></Node>
<StgValue><ssdm name=""/></StgValue>
</operation>

<operation id="71" st_id="5" stage="1" lat="1">
<core>NULL</core>
<MemPortIdVec></MemPortIdVec>
<condition id="91">
<or_exp><and_exp><literal name="tmp_6" val="3"/>
</and_exp></or_exp>
</condition>

<Node id="83" bw="0" op_0_bw="0">
<![CDATA[
branch3:2  br label %ifBlock

]]></Node>
<StgValue><ssdm name=""/></StgValue>
</operation>

<operation id="72" st_id="5" stage="1" lat="1">
<core>NULL</core>
<MemPortIdVec></MemPortIdVec>
<condition id="93">
<or_exp><and_exp><literal name="tmp_6" val="2"/>
</and_exp></or_exp>
</condition>

<Node id="85" bw="3" op_0_bw="16" op_1_bw="32" op_2_bw="32">
<![CDATA[
branch2:0  %col_inbuf_2_addr = getelementptr [8 x i16]* %col_inbuf_2, i32 0, i32 %j_cast_mid2

]]></Node>
<StgValue><ssdm name="col_inbuf_2_addr"/></StgValue>
</operation>

<operation id="73" st_id="5" stage="1" lat="1">
<core>RAM</core>
<MemPortIdVec>0 </MemPortIdVec>
<condition id="93">
<or_exp><and_exp><literal name="tmp_6" val="2"/>
</and_exp></or_exp>
</condition>

<Node id="86" bw="0" op_0_bw="16" op_1_bw="3">
<![CDATA[
branch2:1  store i16 %row_outbuf_load, i16* %col_inbuf_2_addr, align 2

]]></Node>
<StgValue><ssdm name=""/></StgValue>
</operation>

<operation id="74" st_id="5" stage="1" lat="1">
<core>NULL</core>
<MemPortIdVec></MemPortIdVec>
<condition id="93">
<or_exp><and_exp><literal name="tmp_6" val="2"/>
</and_exp></or_exp>
</condition>

<Node id="87" bw="0" op_0_bw="0">
<![CDATA[
branch2:2  br label %ifBlock

]]></Node>
<StgValue><ssdm name=""/></StgValue>
</operation>

<operation id="75" st_id="5" stage="1" lat="1">
<core>NULL</core>
<MemPortIdVec></MemPortIdVec>
<condition id="95">
<or_exp><and_exp><literal name="tmp_6" val="1"/>
</and_exp></or_exp>
</condition>

<Node id="89" bw="3" op_0_bw="16" op_1_bw="32" op_2_bw="32">
<![CDATA[
branch1:0  %col_inbuf_1_addr = getelementptr [8 x i16]* %col_inbuf_1, i32 0, i32 %j_cast_mid2

]]></Node>
<StgValue><ssdm name="col_inbuf_1_addr"/></StgValue>
</operation>

<operation id="76" st_id="5" stage="1" lat="1">
<core>RAM</core>
<MemPortIdVec>0 </MemPortIdVec>
<condition id="95">
<or_exp><and_exp><literal name="tmp_6" val="1"/>
</and_exp></or_exp>
</condition>

<Node id="90" bw="0" op_0_bw="16" op_1_bw="3">
<![CDATA[
branch1:1  store i16 %row_outbuf_load, i16* %col_inbuf_1_addr, align 2

]]></Node>
<StgValue><ssdm name=""/></StgValue>
</operation>

<operation id="77" st_id="5" stage="1" lat="1">
<core>NULL</core>
<MemPortIdVec></MemPortIdVec>
<condition id="95">
<or_exp><and_exp><literal name="tmp_6" val="1"/>
</and_exp></or_exp>
</condition>

<Node id="91" bw="0" op_0_bw="0">
<![CDATA[
branch1:2  br label %ifBlock

]]></Node>
<StgValue><ssdm name=""/></StgValue>
</operation>

<operation id="78" st_id="5" stage="1" lat="1">
<core>NULL</core>
<MemPortIdVec></MemPortIdVec>
<condition id="97">
<or_exp><and_exp><literal name="tmp_6" val="0"/>
</and_exp></or_exp>
</condition>

<Node id="93" bw="3" op_0_bw="16" op_1_bw="32" op_2_bw="32">
<![CDATA[
branch0:0  %col_inbuf_0_addr = getelementptr [8 x i16]* %col_inbuf_0, i32 0, i32 %j_cast_mid2

]]></Node>
<StgValue><ssdm name="col_inbuf_0_addr"/></StgValue>
</operation>

<operation id="79" st_id="5" stage="1" lat="1">
<core>RAM</core>
<MemPortIdVec>0 </MemPortIdVec>
<condition id="97">
<or_exp><and_exp><literal name="tmp_6" val="0"/>
</and_exp></or_exp>
</condition>

<Node id="94" bw="0" op_0_bw="16" op_1_bw="3">
<![CDATA[
branch0:1  store i16 %row_outbuf_load, i16* %col_inbuf_0_addr, align 2

]]></Node>
<StgValue><ssdm name=""/></StgValue>
</operation>

<operation id="80" st_id="5" stage="1" lat="1">
<core>NULL</core>
<MemPortIdVec></MemPortIdVec>
<condition id="97">
<or_exp><and_exp><literal name="tmp_6" val="0"/>
</and_exp></or_exp>
</condition>

<Node id="95" bw="0" op_0_bw="0">
<![CDATA[
branch0:2  br label %ifBlock

]]></Node>
<StgValue><ssdm name=""/></StgValue>
</operation>

<operation id="81" st_id="5" stage="1" lat="1">
<core>NULL</core>
<MemPortIdVec></MemPortIdVec>
<condition id="99">
<or_exp><and_exp><literal name="tmp_6" val="7"/>
</and_exp></or_exp>
</condition>

<Node id="97" bw="3" op_0_bw="16" op_1_bw="32" op_2_bw="32">
<![CDATA[
branch7:0  %col_inbuf_7_addr = getelementptr [8 x i16]* %col_inbuf_7, i32 0, i32 %j_cast_mid2

]]></Node>
<StgValue><ssdm name="col_inbuf_7_addr"/></StgValue>
</operation>

<operation id="82" st_id="5" stage="1" lat="1">
<core>RAM</core>
<MemPortIdVec>0 </MemPortIdVec>
<condition id="99">
<or_exp><and_exp><literal name="tmp_6" val="7"/>
</and_exp></or_exp>
</condition>

<Node id="98" bw="0" op_0_bw="16" op_1_bw="3">
<![CDATA[
branch7:1  store i16 %row_outbuf_load, i16* %col_inbuf_7_addr, align 2

]]></Node>
<StgValue><ssdm name=""/></StgValue>
</operation>

<operation id="83" st_id="5" stage="1" lat="1">
<core>NULL</core>
<MemPortIdVec></MemPortIdVec>
<condition id="99">
<or_exp><and_exp><literal name="tmp_6" val="7"/>
</and_exp></or_exp>
</condition>

<Node id="99" bw="0" op_0_bw="0">
<![CDATA[
branch7:2  br label %ifBlock

]]></Node>
<StgValue><ssdm name=""/></StgValue>
</operation>

<operation id="84" st_id="5" stage="1" lat="1">
<core>NULL</core>
<MemPortIdVec></MemPortIdVec>
<condition id="83">
<or_exp><and_exp><literal name="exitcond_flatten" val="0"/>
</and_exp></or_exp>
</condition>

<Node id="101" bw="32" op_0_bw="32" op_1_bw="0" op_2_bw="32">
<![CDATA[
ifBlock:0  %empty_7 = call i32 (...)* @_ssdm_op_SpecRegionEnd([21 x i8]* @p_str6, i32 %tmp_7)

]]></Node>
<StgValue><ssdm name="empty_7"/></StgValue>
</operation>

<operation id="85" st_id="5" stage="1" lat="1">
<core>NULL</core>
<MemPortIdVec></MemPortIdVec>
<condition id="83">
<or_exp><and_exp><literal name="exitcond_flatten" val="0"/>
</and_exp></or_exp>
</condition>

<Node id="103" bw="0" op_0_bw="0">
<![CDATA[
ifBlock:2  br label %.preheader2.preheader

]]></Node>
<StgValue><ssdm name=""/></StgValue>
</operation>
</state>

<state id="6" st_id="6">

<operation id="86" st_id="6" stage="1" lat="1">
<core>NULL</core>
<MemPortIdVec></MemPortIdVec>
<condition id="101">
<or_exp><and_exp></and_exp></or_exp>
</condition>

<Node id="105" bw="0" op_0_bw="0">
<![CDATA[
.preheader1.preheader:0  br label %.preheader1

]]></Node>
<StgValue><ssdm name=""/></StgValue>
</operation>
</state>

<state id="7" st_id="7">

<operation id="87" st_id="7" stage="1" lat="1">
<core>NULL</core>
<MemPortIdVec></MemPortIdVec>
<condition id="102">
<or_exp><and_exp></and_exp></or_exp>
</condition>

<Node id="107" bw="4" op_0_bw="4" op_1_bw="0">
<![CDATA[
.preheader1:0  %i_2 = phi i4 [ %i_5, %3 ], [ 0, %.preheader1.preheader ]

]]></Node>
<StgValue><ssdm name="i_2"/></StgValue>
</operation>

<operation id="88" st_id="7" stage="1" lat="1">
<core>Cmp</core>
<MemPortIdVec></MemPortIdVec>
<condition id="102">
<or_exp><and_exp></and_exp></or_exp>
</condition>

<Node id="108" bw="1" op_0_bw="4" op_1_bw="4">
<![CDATA[
.preheader1:1  %tmp_9 = icmp eq i4 %i_2, -8

]]></Node>
<StgValue><ssdm name="tmp_9"/></StgValue>
</operation>

<operation id="89" st_id="7" stage="1" lat="1">
<core>NULL</core>
<MemPortIdVec></MemPortIdVec>
<condition id="102">
<or_exp><and_exp></and_exp></or_exp>
</condition>

<Node id="109" bw="32" op_0_bw="32" op_1_bw="64" op_2_bw="64" op_3_bw="64">
<![CDATA[
.preheader1:2  %empty_9 = call i32 (...)* @_ssdm_op_SpecLoopTripCount(i64 8, i64 8, i64 8)

]]></Node>
<StgValue><ssdm name="empty_9"/></StgValue>
</operation>

<operation id="90" st_id="7" stage="1" lat="1">
<core>AddSub</core>
<MemPortIdVec></MemPortIdVec>
<condition id="102">
<or_exp><and_exp></and_exp></or_exp>
</condition>

<Node id="110" bw="4" op_0_bw="4" op_1_bw="4">
<![CDATA[
.preheader1:3  %i_5 = add i4 %i_2, 1

]]></Node>
<StgValue><ssdm name="i_5"/></StgValue>
</operation>

<operation id="91" st_id="7" stage="1" lat="1">
<core>NULL</core>
<MemPortIdVec></MemPortIdVec>
<condition id="102">
<or_exp><and_exp></and_exp></or_exp>
</condition>

<Node id="111" bw="0" op_0_bw="1" op_1_bw="0" op_2_bw="0">
<![CDATA[
.preheader1:4  br i1 %tmp_9, label %.preheader.preheader.preheader, label %3

]]></Node>
<StgValue><ssdm name=""/></StgValue>
</operation>

<operation id="92" st_id="7" stage="2" lat="2">
<core></core>
<MemPortIdVec></MemPortIdVec>
<condition id="104">
<or_exp><and_exp><literal name="tmp_9" val="0"/>
</and_exp></or_exp>
</condition>

<Node id="114" bw="0" op_0_bw="0" op_1_bw="16" op_2_bw="16" op_3_bw="16" op_4_bw="16" op_5_bw="16" op_6_bw="16" op_7_bw="16" op_8_bw="16" op_9_bw="4" op_10_bw="16" op_11_bw="4">
<![CDATA[
:1  call fastcc void @dct_1d([8 x i16]* %col_inbuf_0, [8 x i16]* %col_inbuf_1, [8 x i16]* %col_inbuf_2, [8 x i16]* %col_inbuf_3, [8 x i16]* %col_inbuf_4, [8 x i16]* %col_inbuf_5, [8 x i16]* %col_inbuf_6, [8 x i16]* %col_inbuf_7, i4 %i_2, [64 x i16]* %col_outbuf, i4 %i_2)

]]></Node>
<StgValue><ssdm name=""/></StgValue>
</operation>

<operation id="93" st_id="7" stage="1" lat="1">
<core>NULL</core>
<MemPortIdVec></MemPortIdVec>
<condition id="106">
<or_exp><and_exp><literal name="tmp_9" val="1"/>
</and_exp></or_exp>
</condition>

<Node id="117" bw="0" op_0_bw="0">
<![CDATA[
.preheader.preheader.preheader:0  br label %.preheader.preheader

]]></Node>
<StgValue><ssdm name=""/></StgValue>
</operation>
</state>

<state id="8" st_id="8">

<operation id="94" st_id="8" stage="1" lat="1">
<core>NULL</core>
<MemPortIdVec></MemPortIdVec>
<condition id="107">
<or_exp><and_exp></and_exp></or_exp>
</condition>

<Node id="113" bw="0" op_0_bw="0" op_1_bw="0">
<![CDATA[
:0  call void (...)* @_ssdm_op_SpecLoopName([13 x i8]* @p_str7) nounwind

]]></Node>
<StgValue><ssdm name=""/></StgValue>
</operation>

<operation id="95" st_id="8" stage="1" lat="2">
<core></core>
<MemPortIdVec></MemPortIdVec>
<condition id="107">
<or_exp><and_exp></and_exp></or_exp>
</condition>

<Node id="114" bw="0" op_0_bw="0" op_1_bw="16" op_2_bw="16" op_3_bw="16" op_4_bw="16" op_5_bw="16" op_6_bw="16" op_7_bw="16" op_8_bw="16" op_9_bw="4" op_10_bw="16" op_11_bw="4">
<![CDATA[
:1  call fastcc void @dct_1d([8 x i16]* %col_inbuf_0, [8 x i16]* %col_inbuf_1, [8 x i16]* %col_inbuf_2, [8 x i16]* %col_inbuf_3, [8 x i16]* %col_inbuf_4, [8 x i16]* %col_inbuf_5, [8 x i16]* %col_inbuf_6, [8 x i16]* %col_inbuf_7, i4 %i_2, [64 x i16]* %col_outbuf, i4 %i_2)

]]></Node>
<StgValue><ssdm name=""/></StgValue>
</operation>

<operation id="96" st_id="8" stage="1" lat="1">
<core>NULL</core>
<MemPortIdVec></MemPortIdVec>
<condition id="107">
<or_exp><and_exp></and_exp></or_exp>
</condition>

<Node id="115" bw="0" op_0_bw="0">
<![CDATA[
:2  br label %.preheader1

]]></Node>
<StgValue><ssdm name=""/></StgValue>
</operation>
</state>

<state id="9" st_id="9">

<operation id="97" st_id="9" stage="1" lat="1">
<core>NULL</core>
<MemPortIdVec></MemPortIdVec>
<condition id="-1">
<or_exp><and_exp></and_exp></or_exp>
</condition>

<Node id="119" bw="7" op_0_bw="7" op_1_bw="0">
<![CDATA[
.preheader.preheader:0  %indvar_flatten1 = phi i7 [ %indvar_flatten_next1, %.preheader ], [ 0, %.preheader.preheader.preheader ]

]]></Node>
<StgValue><ssdm name="indvar_flatten1"/></StgValue>
</operation>

<operation id="98" st_id="9" stage="1" lat="1">
<core>NULL</core>
<MemPortIdVec></MemPortIdVec>
<condition id="-1">
<or_exp><and_exp></and_exp></or_exp>
</condition>

<Node id="120" bw="4" op_0_bw="4" op_1_bw="0">
<![CDATA[
.preheader.preheader:1  %j_1 = phi i4 [ %j_1_cast9_mid2_v, %.preheader ], [ 0, %.preheader.preheader.preheader ]

]]></Node>
<StgValue><ssdm name="j_1"/></StgValue>
</operation>

<operation id="99" st_id="9" stage="1" lat="1">
<core>NULL</core>
<MemPortIdVec></MemPortIdVec>
<condition id="-1">
<or_exp><and_exp></and_exp></or_exp>
</condition>

<Node id="121" bw="4" op_0_bw="4" op_1_bw="0">
<![CDATA[
.preheader.preheader:2  %i_3 = phi i4 [ %i_7, %.preheader ], [ 0, %.preheader.preheader.preheader ]

]]></Node>
<StgValue><ssdm name="i_3"/></StgValue>
</operation>

<operation id="100" st_id="9" stage="1" lat="1">
<core>Cmp</core>
<MemPortIdVec></MemPortIdVec>
<condition id="-1">
<or_exp><and_exp></and_exp></or_exp>
</condition>

<Node id="122" bw="1" op_0_bw="7" op_1_bw="7">
<![CDATA[
.preheader.preheader:3  %exitcond_flatten1 = icmp eq i7 %indvar_flatten1, -64

]]></Node>
<StgValue><ssdm name="exitcond_flatten1"/></StgValue>
</operation>

<operation id="101" st_id="9" stage="1" lat="1">
<core>AddSub</core>
<MemPortIdVec></MemPortIdVec>
<condition id="-1">
<or_exp><and_exp></and_exp></or_exp>
</condition>

<Node id="123" bw="7" op_0_bw="7" op_1_bw="7">
<![CDATA[
.preheader.preheader:4  %indvar_flatten_next1 = add i7 %indvar_flatten1, 1

]]></Node>
<StgValue><ssdm name="indvar_flatten_next1"/></StgValue>
</operation>

<operation id="102" st_id="9" stage="1" lat="1">
<core>NULL</core>
<MemPortIdVec></MemPortIdVec>
<condition id="-1">
<or_exp><and_exp></and_exp></or_exp>
</condition>

<Node id="124" bw="0" op_0_bw="1" op_1_bw="0" op_2_bw="0">
<![CDATA[
.preheader.preheader:5  br i1 %exitcond_flatten1, label %4, label %.preheader

]]></Node>
<StgValue><ssdm name=""/></StgValue>
</operation>

<operation id="103" st_id="9" stage="1" lat="1">
<core>AddSub</core>
<MemPortIdVec></MemPortIdVec>
<condition id="30">
<or_exp><and_exp><literal name="exitcond_flatten1" val="0"/>
</and_exp></or_exp>
</condition>

<Node id="126" bw="4" op_0_bw="4" op_1_bw="4">
<![CDATA[
.preheader:0  %j_3 = add i4 %j_1, 1

]]></Node>
<StgValue><ssdm name="j_3"/></StgValue>
</operation>

<operation id="104" st_id="9" stage="1" lat="1">
<core>Cmp</core>
<MemPortIdVec></MemPortIdVec>
<condition id="30">
<or_exp><and_exp><literal name="exitcond_flatten1" val="0"/>
</and_exp></or_exp>
</condition>

<Node id="129" bw="1" op_0_bw="4" op_1_bw="4">
<![CDATA[
.preheader:3  %tmp_s = icmp eq i4 %i_3, -8

]]></Node>
<StgValue><ssdm name="tmp_s"/></StgValue>
</operation>

<operation id="105" st_id="9" stage="1" lat="1">
<core>Sel</core>
<MemPortIdVec></MemPortIdVec>
<condition id="30">
<or_exp><and_exp><literal name="exitcond_flatten1" val="0"/>
</and_exp></or_exp>
</condition>

<Node id="130" bw="4" op_0_bw="1" op_1_bw="4" op_2_bw="4">
<![CDATA[
.preheader:4  %i_3_mid2 = select i1 %tmp_s, i4 0, i4 %i_3

]]></Node>
<StgValue><ssdm name="i_3_mid2"/></StgValue>
</operation>

<operation id="106" st_id="9" stage="1" lat="1">
<core>Sel</core>
<MemPortIdVec></MemPortIdVec>
<condition id="30">
<or_exp><and_exp><literal name="exitcond_flatten1" val="0"/>
</and_exp></or_exp>
</condition>

<Node id="131" bw="4" op_0_bw="1" op_1_bw="4" op_2_bw="4">
<![CDATA[
.preheader:5  %j_1_cast9_mid2_v = select i1 %tmp_s, i4 %j_3, i4 %j_1

]]></Node>
<StgValue><ssdm name="j_1_cast9_mid2_v"/></StgValue>
</operation>

<operation id="107" st_id="9" stage="1" lat="1">
<core>NULL</core>
<MemPortIdVec></MemPortIdVec>
<condition id="30">
<or_exp><and_exp><literal name="exitcond_flatten1" val="0"/>
</and_exp></or_exp>
</condition>

<Node id="132" bw="8" op_0_bw="4">
<![CDATA[
.preheader:6  %j_1_cast9_mid2_cast = zext i4 %j_1_cast9_mid2_v to i8

]]></Node>
<StgValue><ssdm name="j_1_cast9_mid2_cast"/></StgValue>
</operation>

<operation id="108" st_id="9" stage="1" lat="1">
<core>NULL</core>
<MemPortIdVec></MemPortIdVec>
<condition id="30">
<or_exp><and_exp><literal name="exitcond_flatten1" val="0"/>
</and_exp></or_exp>
</condition>

<Node id="139" bw="7" op_0_bw="7" op_1_bw="4" op_2_bw="3">
<![CDATA[
.preheader:13  %tmp_10 = call i7 @_ssdm_op_BitConcatenate.i7.i4.i3(i4 %i_3_mid2, i3 0)

]]></Node>
<StgValue><ssdm name="tmp_10"/></StgValue>
</operation>

<operation id="109" st_id="9" stage="1" lat="1">
<core>NULL</core>
<MemPortIdVec></MemPortIdVec>
<condition id="30">
<or_exp><and_exp><literal name="exitcond_flatten1" val="0"/>
</and_exp></or_exp>
</condition>

<Node id="140" bw="8" op_0_bw="7">
<![CDATA[
.preheader:14  %tmp_14_cast = zext i7 %tmp_10 to i8

]]></Node>
<StgValue><ssdm name="tmp_14_cast"/></StgValue>
</operation>

<operation id="110" st_id="9" stage="1" lat="1">
<core>AddSub</core>
<MemPortIdVec></MemPortIdVec>
<condition id="30">
<or_exp><and_exp><literal name="exitcond_flatten1" val="0"/>
</and_exp></or_exp>
</condition>

<Node id="141" bw="8" op_0_bw="8" op_1_bw="8">
<![CDATA[
.preheader:15  %tmp_11 = add i8 %j_1_cast9_mid2_cast, %tmp_14_cast

]]></Node>
<StgValue><ssdm name="tmp_11"/></StgValue>
</operation>

<operation id="111" st_id="9" stage="1" lat="1">
<core>NULL</core>
<MemPortIdVec></MemPortIdVec>
<condition id="30">
<or_exp><and_exp><literal name="exitcond_flatten1" val="0"/>
</and_exp></or_exp>
</condition>

<Node id="142" bw="32" op_0_bw="8">
<![CDATA[
.preheader:16  %tmp_15_cast = zext i8 %tmp_11 to i32

]]></Node>
<StgValue><ssdm name="tmp_15_cast"/></StgValue>
</operation>

<operation id="112" st_id="9" stage="1" lat="1">
<core>NULL</core>
<MemPortIdVec></MemPortIdVec>
<condition id="30">
<or_exp><and_exp><literal name="exitcond_flatten1" val="0"/>
</and_exp></or_exp>
</condition>

<Node id="143" bw="6" op_0_bw="16" op_1_bw="32" op_2_bw="32">
<![CDATA[
.preheader:17  %col_outbuf_addr = getelementptr [64 x i16]* %col_outbuf, i32 0, i32 %tmp_15_cast

]]></Node>
<StgValue><ssdm name="col_outbuf_addr"/></StgValue>
</operation>

<operation id="113" st_id="9" stage="2" lat="2">
<core>RAM</core>
<MemPortIdVec>0 </MemPortIdVec>
<condition id="30">
<or_exp><and_exp><literal name="exitcond_flatten1" val="0"/>
</and_exp></or_exp>
</condition>

<Node id="147" bw="16" op_0_bw="6">
<![CDATA[
.preheader:21  %col_outbuf_load = load i16* %col_outbuf_addr, align 2

]]></Node>
<StgValue><ssdm name="col_outbuf_load"/></StgValue>
</operation>

<operation id="114" st_id="9" stage="1" lat="1">
<core>AddSub</core>
<MemPortIdVec></MemPortIdVec>
<condition id="30">
<or_exp><and_exp><literal name="exitcond_flatten1" val="0"/>
</and_exp></or_exp>
</condition>

<Node id="150" bw="4" op_0_bw="4" op_1_bw="4">
<![CDATA[
.preheader:24  %i_7 = add i4 %i_3_mid2, 1

]]></Node>
<StgValue><ssdm name="i_7"/></StgValue>
</operation>
</state>

<state id="10" st_id="10">

<operation id="115" st_id="10" stage="1" lat="1">
<core>NULL</core>
<MemPortIdVec></MemPortIdVec>
<condition id="30">
<or_exp><and_exp><literal name="exitcond_flatten1" val="0"/>
</and_exp></or_exp>
</condition>

<Node id="127" bw="0" op_0_bw="0" op_1_bw="0">
<![CDATA[
.preheader:1  call void (...)* @_ssdm_op_SpecLoopName([42 x i8]* @Xpose_Col_Outer_Loop)

]]></Node>
<StgValue><ssdm name=""/></StgValue>
</operation>

<operation id="116" st_id="10" stage="1" lat="1">
<core>NULL</core>
<MemPortIdVec></MemPortIdVec>
<condition id="30">
<or_exp><and_exp><literal name="exitcond_flatten1" val="0"/>
</and_exp></or_exp>
</condition>

<Node id="128" bw="32" op_0_bw="32" op_1_bw="64" op_2_bw="64" op_3_bw="64">
<![CDATA[
.preheader:2  %empty_10 = call i32 (...)* @_ssdm_op_SpecLoopTripCount(i64 64, i64 64, i64 64)

]]></Node>
<StgValue><ssdm name="empty_10"/></StgValue>
</operation>

<operation id="117" st_id="10" stage="1" lat="1">
<core>NULL</core>
<MemPortIdVec></MemPortIdVec>
<condition id="30">
<or_exp><and_exp><literal name="exitcond_flatten1" val="0"/>
</and_exp></or_exp>
</condition>

<Node id="133" bw="7" op_0_bw="7" op_1_bw="4" op_2_bw="3">
<![CDATA[
.preheader:7  %tmp_1 = call i7 @_ssdm_op_BitConcatenate.i7.i4.i3(i4 %j_1_cast9_mid2_v, i3 0)

]]></Node>
<StgValue><ssdm name="tmp_1"/></StgValue>
</operation>

<operation id="118" st_id="10" stage="1" lat="1">
<core>NULL</core>
<MemPortIdVec></MemPortIdVec>
<condition id="30">
<or_exp><and_exp><literal name="exitcond_flatten1" val="0"/>
</and_exp></or_exp>
</condition>

<Node id="134" bw="8" op_0_bw="7">
<![CDATA[
.preheader:8  %tmp_11_cast = zext i7 %tmp_1 to i8

]]></Node>
<StgValue><ssdm name="tmp_11_cast"/></StgValue>
</operation>

<operation id="119" st_id="10" stage="1" lat="1">
<core>NULL</core>
<MemPortIdVec></MemPortIdVec>
<condition id="30">
<or_exp><and_exp><literal name="exitcond_flatten1" val="0"/>
</and_exp></or_exp>
</condition>

<Node id="135" bw="8" op_0_bw="4">
<![CDATA[
.preheader:9  %i_3_cast8_cast = zext i4 %i_3_mid2 to i8

]]></Node>
<StgValue><ssdm name="i_3_cast8_cast"/></StgValue>
</operation>

<operation id="120" st_id="10" stage="1" lat="1">
<core>AddSub</core>
<MemPortIdVec></MemPortIdVec>
<condition id="30">
<or_exp><and_exp><literal name="exitcond_flatten1" val="0"/>
</and_exp></or_exp>
</condition>

<Node id="136" bw="8" op_0_bw="8" op_1_bw="8">
<![CDATA[
.preheader:10  %tmp_2 = add i8 %i_3_cast8_cast, %tmp_11_cast

]]></Node>
<StgValue><ssdm name="tmp_2"/></StgValue>
</operation>

<operation id="121" st_id="10" stage="1" lat="1">
<core>NULL</core>
<MemPortIdVec></MemPortIdVec>
<condition id="30">
<or_exp><and_exp><literal name="exitcond_flatten1" val="0"/>
</and_exp></or_exp>
</condition>

<Node id="137" bw="32" op_0_bw="8">
<![CDATA[
.preheader:11  %tmp_12_cast = zext i8 %tmp_2 to i32

]]></Node>
<StgValue><ssdm name="tmp_12_cast"/></StgValue>
</operation>

<operation id="122" st_id="10" stage="1" lat="1">
<core>NULL</core>
<MemPortIdVec></MemPortIdVec>
<condition id="30">
<or_exp><and_exp><literal name="exitcond_flatten1" val="0"/>
</and_exp></or_exp>
</condition>

<Node id="138" bw="6" op_0_bw="16" op_1_bw="32" op_2_bw="32">
<![CDATA[
.preheader:12  %out_block_addr = getelementptr [64 x i16]* %out_block, i32 0, i32 %tmp_12_cast

]]></Node>
<StgValue><ssdm name="out_block_addr"/></StgValue>
</operation>

<operation id="123" st_id="10" stage="1" lat="1">
<core>NULL</core>
<MemPortIdVec></MemPortIdVec>
<condition id="30">
<or_exp><and_exp><literal name="exitcond_flatten1" val="0"/>
</and_exp></or_exp>
</condition>

<Node id="144" bw="0" op_0_bw="0" op_1_bw="0">
<![CDATA[
.preheader:18  call void (...)* @_ssdm_op_SpecLoopName([21 x i8]* @p_str9) nounwind

]]></Node>
<StgValue><ssdm name=""/></StgValue>
</operation>

<operation id="124" st_id="10" stage="1" lat="1">
<core>NULL</core>
<MemPortIdVec></MemPortIdVec>
<condition id="30">
<or_exp><and_exp><literal name="exitcond_flatten1" val="0"/>
</and_exp></or_exp>
</condition>

<Node id="145" bw="32" op_0_bw="32" op_1_bw="0">
<![CDATA[
.preheader:19  %tmp_3 = call i32 (...)* @_ssdm_op_SpecRegionBegin([21 x i8]* @p_str9)

]]></Node>
<StgValue><ssdm name="tmp_3"/></StgValue>
</operation>

<operation id="125" st_id="10" stage="1" lat="1">
<core>NULL</core>
<MemPortIdVec></MemPortIdVec>
<condition id="30">
<or_exp><and_exp><literal name="exitcond_flatten1" val="0"/>
</and_exp></or_exp>
</condition>

<Node id="146" bw="0" op_0_bw="0" op_1_bw="32" op_2_bw="32" op_3_bw="32" op_4_bw="32" op_5_bw="0">
<![CDATA[
.preheader:20  call void (...)* @_ssdm_op_SpecPipeline(i32 -1, i32 1, i32 1, i32 0, [1 x i8]* @p_str1) nounwind

]]></Node>
<StgValue><ssdm name=""/></StgValue>
</operation>

<operation id="126" st_id="10" stage="1" lat="2">
<core>RAM</core>
<MemPortIdVec>0 </MemPortIdVec>
<condition id="30">
<or_exp><and_exp><literal name="exitcond_flatten1" val="0"/>
</and_exp></or_exp>
</condition>

<Node id="147" bw="16" op_0_bw="6">
<![CDATA[
.preheader:21  %col_outbuf_load = load i16* %col_outbuf_addr, align 2

]]></Node>
<StgValue><ssdm name="col_outbuf_load"/></StgValue>
</operation>

<operation id="127" st_id="10" stage="1" lat="1">
<core>RAM</core>
<MemPortIdVec>0 </MemPortIdVec>
<condition id="30">
<or_exp><and_exp><literal name="exitcond_flatten1" val="0"/>
</and_exp></or_exp>
</condition>

<Node id="148" bw="0" op_0_bw="16" op_1_bw="6">
<![CDATA[
.preheader:22  store i16 %col_outbuf_load, i16* %out_block_addr, align 2

]]></Node>
<StgValue><ssdm name=""/></StgValue>
</operation>

<operation id="128" st_id="10" stage="1" lat="1">
<core>NULL</core>
<MemPortIdVec></MemPortIdVec>
<condition id="30">
<or_exp><and_exp><literal name="exitcond_flatten1" val="0"/>
</and_exp></or_exp>
</condition>

<Node id="149" bw="32" op_0_bw="32" op_1_bw="0" op_2_bw="32">
<![CDATA[
.preheader:23  %empty_11 = call i32 (...)* @_ssdm_op_SpecRegionEnd([21 x i8]* @p_str9, i32 %tmp_3)

]]></Node>
<StgValue><ssdm name="empty_11"/></StgValue>
</operation>

<operation id="129" st_id="10" stage="1" lat="1">
<core>NULL</core>
<MemPortIdVec></MemPortIdVec>
<condition id="30">
<or_exp><and_exp><literal name="exitcond_flatten1" val="0"/>
</and_exp></or_exp>
</condition>

<Node id="151" bw="0" op_0_bw="0">
<![CDATA[
.preheader:25  br label %.preheader.preheader

]]></Node>
<StgValue><ssdm name=""/></StgValue>
</operation>
</state>

<state id="11" st_id="11">

<operation id="130" st_id="11" stage="1" lat="1">
<core>NULL</core>
<MemPortIdVec></MemPortIdVec>
<condition id="108">
<or_exp><and_exp></and_exp></or_exp>
</condition>

<Node id="153" bw="0">
<![CDATA[
:0  ret void

]]></Node>
<StgValue><ssdm name=""/></StgValue>
</operation>
</state>
</state_list>


<ports>
<port id="158" name="in_block_0" dir="0" iftype="1">
<core>RAM</core><StgValue><ssdm name="in_block_0"/><MemPortTyVec>1 3 </MemPortTyVec>
</StgValue>
</port>
<port id="159" name="in_block_1" dir="0" iftype="1">
<core>RAM</core><StgValue><ssdm name="in_block_1"/><MemPortTyVec>1 3 </MemPortTyVec>
</StgValue>
</port>
<port id="160" name="in_block_2" dir="0" iftype="1">
<core>RAM</core><StgValue><ssdm name="in_block_2"/><MemPortTyVec>1 3 </MemPortTyVec>
</StgValue>
</port>
<port id="161" name="in_block_3" dir="0" iftype="1">
<core>RAM</core><StgValue><ssdm name="in_block_3"/><MemPortTyVec>1 3 </MemPortTyVec>
</StgValue>
</port>
<port id="162" name="in_block_4" dir="0" iftype="1">
<core>RAM</core><StgValue><ssdm name="in_block_4"/><MemPortTyVec>1 3 </MemPortTyVec>
</StgValue>
</port>
<port id="163" name="in_block_5" dir="0" iftype="1">
<core>RAM</core><StgValue><ssdm name="in_block_5"/><MemPortTyVec>1 3 </MemPortTyVec>
</StgValue>
</port>
<port id="164" name="in_block_6" dir="0" iftype="1">
<core>RAM</core><StgValue><ssdm name="in_block_6"/><MemPortTyVec>1 3 </MemPortTyVec>
</StgValue>
</port>
<port id="165" name="in_block_7" dir="0" iftype="1">
<core>RAM</core><StgValue><ssdm name="in_block_7"/><MemPortTyVec>1 3 </MemPortTyVec>
</StgValue>
</port>
<port id="166" name="out_block" dir="1" iftype="1">
<core>RAM</core><StgValue><ssdm name="out_block"/><MemPortTyVec>0 3 </MemPortTyVec>
</StgValue>
</port>
<port id="167" name="dct_coeff_table_0" dir="0" iftype="1">
<core>ROM_nP</core><StgValue><ssdm name="dct_coeff_table_0"/><MemPortTyVec>1 </MemPortTyVec>
</StgValue>
</port>
<port id="168" name="dct_coeff_table_1" dir="0" iftype="1">
<core>ROM_nP</core><StgValue><ssdm name="dct_coeff_table_1"/><MemPortTyVec>1 </MemPortTyVec>
</StgValue>
</port>
<port id="169" name="dct_coeff_table_2" dir="0" iftype="1">
<core>ROM_nP</core><StgValue><ssdm name="dct_coeff_table_2"/><MemPortTyVec>1 </MemPortTyVec>
</StgValue>
</port>
<port id="170" name="dct_coeff_table_3" dir="0" iftype="1">
<core>ROM_nP</core><StgValue><ssdm name="dct_coeff_table_3"/><MemPortTyVec>1 </MemPortTyVec>
</StgValue>
</port>
<port id="171" name="dct_coeff_table_4" dir="0" iftype="1">
<core>ROM_nP</core><StgValue><ssdm name="dct_coeff_table_4"/><MemPortTyVec>1 </MemPortTyVec>
</StgValue>
</port>
<port id="172" name="dct_coeff_table_5" dir="0" iftype="1">
<core>ROM_nP</core><StgValue><ssdm name="dct_coeff_table_5"/><MemPortTyVec>1 </MemPortTyVec>
</StgValue>
</port>
<port id="173" name="dct_coeff_table_6" dir="0" iftype="1">
<core>ROM_nP</core><StgValue><ssdm name="dct_coeff_table_6"/><MemPortTyVec>1 </MemPortTyVec>
</StgValue>
</port>
<port id="174" name="dct_coeff_table_7" dir="0" iftype="1">
<core>ROM_nP</core><StgValue><ssdm name="dct_coeff_table_7"/><MemPortTyVec>1 </MemPortTyVec>
</StgValue>
</port>
</ports>


<dataflows>
<dataflow id="176" from="StgValue_175" to="row_outbuf" fromId="175" toId="12">
</dataflow>
<dataflow id="177" from="StgValue_175" to="col_outbuf" fromId="175" toId="13">
</dataflow>
<dataflow id="178" from="StgValue_175" to="col_inbuf_0" fromId="175" toId="14">
</dataflow>
<dataflow id="179" from="StgValue_175" to="col_inbuf_1" fromId="175" toId="15">
</dataflow>
<dataflow id="180" from="StgValue_175" to="col_inbuf_2" fromId="175" toId="16">
</dataflow>
<dataflow id="181" from="StgValue_175" to="col_inbuf_3" fromId="175" toId="17">
</dataflow>
<dataflow id="182" from="StgValue_175" to="col_inbuf_4" fromId="175" toId="18">
</dataflow>
<dataflow id="183" from="StgValue_175" to="col_inbuf_5" fromId="175" toId="19">
</dataflow>
<dataflow id="184" from="StgValue_175" to="col_inbuf_6" fromId="175" toId="20">
</dataflow>
<dataflow id="185" from="StgValue_175" to="col_inbuf_7" fromId="175" toId="21">
</dataflow>
<dataflow id="187" from="StgValue_186" to="i" fromId="186" toId="23">
<condition id="155">
<or_exp><and_exp></and_exp></or_exp>
</condition>
</dataflow>
<dataflow id="188" from="StgValue_22" to="i" fromId="22" toId="23">
</dataflow>
<dataflow id="189" from="i_4" to="i" fromId="26" toId="23">
<BackEdge/>
<condition id="156">
<or_exp><and_exp></and_exp></or_exp>
</condition>
</dataflow>
<dataflow id="190" from="StgValue_32" to="i" fromId="32" toId="23">
<BackEdge/>
</dataflow>
<dataflow id="191" from="i" to="tmp" fromId="23" toId="24">
</dataflow>
<dataflow id="193" from="StgValue_192" to="tmp" fromId="192" toId="24">
</dataflow>
<dataflow id="195" from="_ssdm_op_SpecLoopTripCount" to="empty" fromId="194" toId="25">
</dataflow>
<dataflow id="197" from="StgValue_196" to="empty" fromId="196" toId="25">
</dataflow>
<dataflow id="198" from="StgValue_196" to="empty" fromId="196" toId="25">
</dataflow>
<dataflow id="199" from="StgValue_196" to="empty" fromId="196" toId="25">
</dataflow>
<dataflow id="200" from="i" to="i_4" fromId="23" toId="26">
</dataflow>
<dataflow id="202" from="StgValue_201" to="i_4" fromId="201" toId="26">
</dataflow>
<dataflow id="203" from="tmp" to="StgValue_27" fromId="24" toId="27">
</dataflow>
<dataflow id="205" from="dct_1d" to="StgValue_28" fromId="204" toId="28">
</dataflow>
<dataflow id="206" from="in_block_0" to="StgValue_28" fromId="158" toId="28">
</dataflow>
<dataflow id="207" from="in_block_1" to="StgValue_28" fromId="159" toId="28">
</dataflow>
<dataflow id="208" from="in_block_2" to="StgValue_28" fromId="160" toId="28">
</dataflow>
<dataflow id="209" from="in_block_3" to="StgValue_28" fromId="161" toId="28">
</dataflow>
<dataflow id="210" from="in_block_4" to="StgValue_28" fromId="162" toId="28">
</dataflow>
<dataflow id="211" from="in_block_5" to="StgValue_28" fromId="163" toId="28">
</dataflow>
<dataflow id="212" from="in_block_6" to="StgValue_28" fromId="164" toId="28">
</dataflow>
<dataflow id="213" from="in_block_7" to="StgValue_28" fromId="165" toId="28">
</dataflow>
<dataflow id="214" from="i" to="StgValue_28" fromId="23" toId="28">
</dataflow>
<dataflow id="215" from="row_outbuf" to="StgValue_28" fromId="12" toId="28">
</dataflow>
<dataflow id="216" from="i" to="StgValue_28" fromId="23" toId="28">
</dataflow>
<dataflow id="217" from="dct_coeff_table_0" to="StgValue_28" fromId="167" toId="28">
</dataflow>
<dataflow id="218" from="dct_coeff_table_1" to="StgValue_28" fromId="168" toId="28">
</dataflow>
<dataflow id="219" from="dct_coeff_table_2" to="StgValue_28" fromId="169" toId="28">
</dataflow>
<dataflow id="220" from="dct_coeff_table_3" to="StgValue_28" fromId="170" toId="28">
</dataflow>
<dataflow id="221" from="dct_coeff_table_4" to="StgValue_28" fromId="171" toId="28">
</dataflow>
<dataflow id="222" from="dct_coeff_table_5" to="StgValue_28" fromId="172" toId="28">
</dataflow>
<dataflow id="223" from="dct_coeff_table_6" to="StgValue_28" fromId="173" toId="28">
</dataflow>
<dataflow id="224" from="dct_coeff_table_7" to="StgValue_28" fromId="174" toId="28">
</dataflow>
<dataflow id="226" from="_ssdm_op_SpecLoopName" to="StgValue_30" fromId="225" toId="30">
</dataflow>
<dataflow id="228" from="p_str4" to="StgValue_30" fromId="227" toId="30">
</dataflow>
<dataflow id="229" from="dct_1d" to="StgValue_31" fromId="204" toId="31">
</dataflow>
<dataflow id="230" from="in_block_0" to="StgValue_31" fromId="158" toId="31">
</dataflow>
<dataflow id="231" from="in_block_1" to="StgValue_31" fromId="159" toId="31">
</dataflow>
<dataflow id="232" from="in_block_2" to="StgValue_31" fromId="160" toId="31">
</dataflow>
<dataflow id="233" from="in_block_3" to="StgValue_31" fromId="161" toId="31">
</dataflow>
<dataflow id="234" from="in_block_4" to="StgValue_31" fromId="162" toId="31">
</dataflow>
<dataflow id="235" from="in_block_5" to="StgValue_31" fromId="163" toId="31">
</dataflow>
<dataflow id="236" from="in_block_6" to="StgValue_31" fromId="164" toId="31">
</dataflow>
<dataflow id="237" from="in_block_7" to="StgValue_31" fromId="165" toId="31">
</dataflow>
<dataflow id="238" from="i" to="StgValue_31" fromId="23" toId="31">
</dataflow>
<dataflow id="239" from="row_outbuf" to="StgValue_31" fromId="12" toId="31">
</dataflow>
<dataflow id="240" from="i" to="StgValue_31" fromId="23" toId="31">
</dataflow>
<dataflow id="241" from="dct_coeff_table_0" to="StgValue_31" fromId="167" toId="31">
</dataflow>
<dataflow id="242" from="dct_coeff_table_1" to="StgValue_31" fromId="168" toId="31">
</dataflow>
<dataflow id="243" from="dct_coeff_table_2" to="StgValue_31" fromId="169" toId="31">
</dataflow>
<dataflow id="244" from="dct_coeff_table_3" to="StgValue_31" fromId="170" toId="31">
</dataflow>
<dataflow id="245" from="dct_coeff_table_4" to="StgValue_31" fromId="171" toId="31">
</dataflow>
<dataflow id="246" from="dct_coeff_table_5" to="StgValue_31" fromId="172" toId="31">
</dataflow>
<dataflow id="247" from="dct_coeff_table_6" to="StgValue_31" fromId="173" toId="31">
</dataflow>
<dataflow id="248" from="dct_coeff_table_7" to="StgValue_31" fromId="174" toId="31">
</dataflow>
<dataflow id="249" from="indvar_flatten_next" to="indvar_flatten" fromId="37" toId="33">
<BackEdge/>
<condition id="157">
<or_exp><and_exp><literal name="exitcond_flatten" val="0"/>
</and_exp></or_exp>
</condition>
</dataflow>
<dataflow id="250" from="StgValue_85" to="indvar_flatten" fromId="85" toId="33">
<BackEdge/>
</dataflow>
<dataflow id="252" from="StgValue_251" to="indvar_flatten" fromId="251" toId="33">
<condition id="158">
<or_exp><and_exp><literal name="tmp" val="1"/>
</and_exp></or_exp>
</condition>
</dataflow>
<dataflow id="253" from="StgValue_29" to="indvar_flatten" fromId="29" toId="33">
</dataflow>
<dataflow id="254" from="j_cast_mid2_v" to="j" fromId="42" toId="34">
<BackEdge/>
<condition id="159">
<or_exp><and_exp><literal name="exitcond_flatten" val="0"/>
</and_exp></or_exp>
</condition>
</dataflow>
<dataflow id="255" from="StgValue_85" to="j" fromId="85" toId="34">
<BackEdge/>
</dataflow>
<dataflow id="256" from="StgValue_186" to="j" fromId="186" toId="34">
<condition id="160">
<or_exp><and_exp><literal name="tmp" val="1"/>
</and_exp></or_exp>
</condition>
</dataflow>
<dataflow id="257" from="StgValue_29" to="j" fromId="29" toId="34">
</dataflow>
<dataflow id="258" from="i_6" to="i_1" fromId="52" toId="35">
<BackEdge/>
<condition id="161">
<or_exp><and_exp><literal name="exitcond_flatten" val="0"/>
</and_exp></or_exp>
</condition>
</dataflow>
<dataflow id="259" from="StgValue_85" to="i_1" fromId="85" toId="35">
<BackEdge/>
</dataflow>
<dataflow id="260" from="StgValue_186" to="i_1" fromId="186" toId="35">
<condition id="162">
<or_exp><and_exp><literal name="tmp" val="1"/>
</and_exp></or_exp>
</condition>
</dataflow>
<dataflow id="261" from="StgValue_29" to="i_1" fromId="29" toId="35">
</dataflow>
<dataflow id="262" from="indvar_flatten" to="exitcond_flatten" fromId="33" toId="36">
</dataflow>
<dataflow id="264" from="StgValue_263" to="exitcond_flatten" fromId="263" toId="36">
</dataflow>
<dataflow id="265" from="indvar_flatten" to="indvar_flatten_next" fromId="33" toId="37">
</dataflow>
<dataflow id="267" from="StgValue_266" to="indvar_flatten_next" fromId="266" toId="37">
</dataflow>
<dataflow id="268" from="exitcond_flatten" to="StgValue_38" fromId="36" toId="38">
</dataflow>
<dataflow id="269" from="StgValue_201" to="j_2" fromId="201" toId="39">
</dataflow>
<dataflow id="270" from="j" to="j_2" fromId="34" toId="39">
</dataflow>
<dataflow id="271" from="i_1" to="tmp_4" fromId="35" toId="40">
</dataflow>
<dataflow id="272" from="StgValue_192" to="tmp_4" fromId="192" toId="40">
</dataflow>
<dataflow id="273" from="tmp_4" to="i_1_mid2" fromId="40" toId="41">
</dataflow>
<dataflow id="274" from="StgValue_186" to="i_1_mid2" fromId="186" toId="41">
</dataflow>
<dataflow id="275" from="i_1" to="i_1_mid2" fromId="35" toId="41">
</dataflow>
<dataflow id="276" from="tmp_4" to="j_cast_mid2_v" fromId="40" toId="42">
</dataflow>
<dataflow id="277" from="j_2" to="j_cast_mid2_v" fromId="39" toId="42">
</dataflow>
<dataflow id="278" from="j" to="j_cast_mid2_v" fromId="34" toId="42">
</dataflow>
<dataflow id="279" from="j_cast_mid2_v" to="j_cast_mid2_cast" fromId="42" toId="43">
</dataflow>
<dataflow id="281" from="_ssdm_op_BitConcatenate.i7.i4.i3" to="tmp_5" fromId="280" toId="44">
</dataflow>
<dataflow id="282" from="i_1_mid2" to="tmp_5" fromId="41" toId="44">
</dataflow>
<dataflow id="284" from="StgValue_283" to="tmp_5" fromId="283" toId="44">
</dataflow>
<dataflow id="285" from="tmp_5" to="tmp_6_cast" fromId="44" toId="45">
</dataflow>
<dataflow id="286" from="tmp_6_cast" to="tmp_8" fromId="45" toId="46">
</dataflow>
<dataflow id="287" from="j_cast_mid2_cast" to="tmp_8" fromId="43" toId="46">
</dataflow>
<dataflow id="288" from="tmp_8" to="tmp_8_cast" fromId="46" toId="47">
</dataflow>
<dataflow id="289" from="row_outbuf" to="row_outbuf_addr" fromId="12" toId="48">
</dataflow>
<dataflow id="291" from="StgValue_290" to="row_outbuf_addr" fromId="290" toId="48">
</dataflow>
<dataflow id="292" from="tmp_8_cast" to="row_outbuf_addr" fromId="47" toId="48">
</dataflow>
<dataflow id="293" from="row_outbuf_addr" to="row_outbuf_load" fromId="48" toId="49">
</dataflow>
<dataflow id="294" from="i_1_mid2" to="tmp_6" fromId="41" toId="50">
</dataflow>
<dataflow id="295" from="tmp_6" to="StgValue_51" fromId="50" toId="51">
</dataflow>
<dataflow id="296" from="StgValue_283" to="StgValue_51" fromId="283" toId="51">
</dataflow>
<dataflow id="298" from="StgValue_297" to="StgValue_51" fromId="297" toId="51">
</dataflow>
<dataflow id="300" from="StgValue_299" to="StgValue_51" fromId="299" toId="51">
</dataflow>
<dataflow id="302" from="StgValue_301" to="StgValue_51" fromId="301" toId="51">
</dataflow>
<dataflow id="304" from="StgValue_303" to="StgValue_51" fromId="303" toId="51">
</dataflow>
<dataflow id="306" from="StgValue_305" to="StgValue_51" fromId="305" toId="51">
</dataflow>
<dataflow id="308" from="StgValue_307" to="StgValue_51" fromId="307" toId="51">
</dataflow>
<dataflow id="309" from="i_1_mid2" to="i_6" fromId="41" toId="52">
</dataflow>
<dataflow id="310" from="StgValue_201" to="i_6" fromId="201" toId="52">
</dataflow>
<dataflow id="311" from="_ssdm_op_SpecLoopName" to="StgValue_53" fromId="225" toId="53">
</dataflow>
<dataflow id="313" from="Xpose_Row_Outer_Loop" to="StgValue_53" fromId="312" toId="53">
</dataflow>
<dataflow id="314" from="_ssdm_op_SpecLoopTripCount" to="empty_8" fromId="194" toId="54">
</dataflow>
<dataflow id="316" from="StgValue_315" to="empty_8" fromId="315" toId="54">
</dataflow>
<dataflow id="317" from="StgValue_315" to="empty_8" fromId="315" toId="54">
</dataflow>
<dataflow id="318" from="StgValue_315" to="empty_8" fromId="315" toId="54">
</dataflow>
<dataflow id="319" from="j_cast_mid2_v" to="j_cast_mid2" fromId="42" toId="55">
</dataflow>
<dataflow id="320" from="_ssdm_op_SpecLoopName" to="StgValue_56" fromId="225" toId="56">
</dataflow>
<dataflow id="322" from="p_str6" to="StgValue_56" fromId="321" toId="56">
</dataflow>
<dataflow id="324" from="_ssdm_op_SpecRegionBegin" to="tmp_7" fromId="323" toId="57">
</dataflow>
<dataflow id="325" from="p_str6" to="tmp_7" fromId="321" toId="57">
</dataflow>
<dataflow id="327" from="_ssdm_op_SpecPipeline" to="StgValue_58" fromId="326" toId="58">
</dataflow>
<dataflow id="329" from="StgValue_328" to="StgValue_58" fromId="328" toId="58">
</dataflow>
<dataflow id="330" from="StgValue_175" to="StgValue_58" fromId="175" toId="58">
</dataflow>
<dataflow id="331" from="StgValue_175" to="StgValue_58" fromId="175" toId="58">
</dataflow>
<dataflow id="332" from="StgValue_290" to="StgValue_58" fromId="290" toId="58">
</dataflow>
<dataflow id="334" from="p_str1" to="StgValue_58" fromId="333" toId="58">
</dataflow>
<dataflow id="335" from="row_outbuf_addr" to="row_outbuf_load" fromId="48" toId="59">
</dataflow>
<dataflow id="336" from="col_inbuf_6" to="col_inbuf_6_addr" fromId="20" toId="60">
</dataflow>
<dataflow id="337" from="StgValue_290" to="col_inbuf_6_addr" fromId="290" toId="60">
</dataflow>
<dataflow id="338" from="j_cast_mid2" to="col_inbuf_6_addr" fromId="55" toId="60">
</dataflow>
<dataflow id="339" from="row_outbuf_load" to="StgValue_61" fromId="59" toId="61">
</dataflow>
<dataflow id="340" from="col_inbuf_6_addr" to="StgValue_61" fromId="60" toId="61">
</dataflow>
<dataflow id="341" from="col_inbuf_5" to="col_inbuf_5_addr" fromId="19" toId="63">
</dataflow>
<dataflow id="342" from="StgValue_290" to="col_inbuf_5_addr" fromId="290" toId="63">
</dataflow>
<dataflow id="343" from="j_cast_mid2" to="col_inbuf_5_addr" fromId="55" toId="63">
</dataflow>
<dataflow id="344" from="row_outbuf_load" to="StgValue_64" fromId="59" toId="64">
</dataflow>
<dataflow id="345" from="col_inbuf_5_addr" to="StgValue_64" fromId="63" toId="64">
</dataflow>
<dataflow id="346" from="col_inbuf_4" to="col_inbuf_4_addr" fromId="18" toId="66">
</dataflow>
<dataflow id="347" from="StgValue_290" to="col_inbuf_4_addr" fromId="290" toId="66">
</dataflow>
<dataflow id="348" from="j_cast_mid2" to="col_inbuf_4_addr" fromId="55" toId="66">
</dataflow>
<dataflow id="349" from="row_outbuf_load" to="StgValue_67" fromId="59" toId="67">
</dataflow>
<dataflow id="350" from="col_inbuf_4_addr" to="StgValue_67" fromId="66" toId="67">
</dataflow>
<dataflow id="351" from="col_inbuf_3" to="col_inbuf_3_addr" fromId="17" toId="69">
</dataflow>
<dataflow id="352" from="StgValue_290" to="col_inbuf_3_addr" fromId="290" toId="69">
</dataflow>
<dataflow id="353" from="j_cast_mid2" to="col_inbuf_3_addr" fromId="55" toId="69">
</dataflow>
<dataflow id="354" from="row_outbuf_load" to="StgValue_70" fromId="59" toId="70">
</dataflow>
<dataflow id="355" from="col_inbuf_3_addr" to="StgValue_70" fromId="69" toId="70">
</dataflow>
<dataflow id="356" from="col_inbuf_2" to="col_inbuf_2_addr" fromId="16" toId="72">
</dataflow>
<dataflow id="357" from="StgValue_290" to="col_inbuf_2_addr" fromId="290" toId="72">
</dataflow>
<dataflow id="358" from="j_cast_mid2" to="col_inbuf_2_addr" fromId="55" toId="72">
</dataflow>
<dataflow id="359" from="row_outbuf_load" to="StgValue_73" fromId="59" toId="73">
</dataflow>
<dataflow id="360" from="col_inbuf_2_addr" to="StgValue_73" fromId="72" toId="73">
</dataflow>
<dataflow id="361" from="col_inbuf_1" to="col_inbuf_1_addr" fromId="15" toId="75">
</dataflow>
<dataflow id="362" from="StgValue_290" to="col_inbuf_1_addr" fromId="290" toId="75">
</dataflow>
<dataflow id="363" from="j_cast_mid2" to="col_inbuf_1_addr" fromId="55" toId="75">
</dataflow>
<dataflow id="364" from="row_outbuf_load" to="StgValue_76" fromId="59" toId="76">
</dataflow>
<dataflow id="365" from="col_inbuf_1_addr" to="StgValue_76" fromId="75" toId="76">
</dataflow>
<dataflow id="366" from="col_inbuf_0" to="col_inbuf_0_addr" fromId="14" toId="78">
</dataflow>
<dataflow id="367" from="StgValue_290" to="col_inbuf_0_addr" fromId="290" toId="78">
</dataflow>
<dataflow id="368" from="j_cast_mid2" to="col_inbuf_0_addr" fromId="55" toId="78">
</dataflow>
<dataflow id="369" from="row_outbuf_load" to="StgValue_79" fromId="59" toId="79">
</dataflow>
<dataflow id="370" from="col_inbuf_0_addr" to="StgValue_79" fromId="78" toId="79">
</dataflow>
<dataflow id="371" from="col_inbuf_7" to="col_inbuf_7_addr" fromId="21" toId="81">
</dataflow>
<dataflow id="372" from="StgValue_290" to="col_inbuf_7_addr" fromId="290" toId="81">
</dataflow>
<dataflow id="373" from="j_cast_mid2" to="col_inbuf_7_addr" fromId="55" toId="81">
</dataflow>
<dataflow id="374" from="row_outbuf_load" to="StgValue_82" fromId="59" toId="82">
</dataflow>
<dataflow id="375" from="col_inbuf_7_addr" to="StgValue_82" fromId="81" toId="82">
</dataflow>
<dataflow id="377" from="_ssdm_op_SpecRegionEnd" to="empty_7" fromId="376" toId="84">
</dataflow>
<dataflow id="378" from="p_str6" to="empty_7" fromId="321" toId="84">
</dataflow>
<dataflow id="379" from="tmp_7" to="empty_7" fromId="57" toId="84">
</dataflow>
<dataflow id="380" from="i_5" to="i_2" fromId="90" toId="87">
<BackEdge/>
<condition id="163">
<or_exp><and_exp></and_exp></or_exp>
</condition>
</dataflow>
<dataflow id="381" from="StgValue_96" to="i_2" fromId="96" toId="87">
<BackEdge/>
</dataflow>
<dataflow id="382" from="StgValue_186" to="i_2" fromId="186" toId="87">
<condition id="164">
<or_exp><and_exp></and_exp></or_exp>
</condition>
</dataflow>
<dataflow id="383" from="StgValue_86" to="i_2" fromId="86" toId="87">
</dataflow>
<dataflow id="384" from="i_2" to="tmp_9" fromId="87" toId="88">
</dataflow>
<dataflow id="385" from="StgValue_192" to="tmp_9" fromId="192" toId="88">
</dataflow>
<dataflow id="386" from="_ssdm_op_SpecLoopTripCount" to="empty_9" fromId="194" toId="89">
</dataflow>
<dataflow id="387" from="StgValue_196" to="empty_9" fromId="196" toId="89">
</dataflow>
<dataflow id="388" from="StgValue_196" to="empty_9" fromId="196" toId="89">
</dataflow>
<dataflow id="389" from="StgValue_196" to="empty_9" fromId="196" toId="89">
</dataflow>
<dataflow id="390" from="i_2" to="i_5" fromId="87" toId="90">
</dataflow>
<dataflow id="391" from="StgValue_201" to="i_5" fromId="201" toId="90">
</dataflow>
<dataflow id="392" from="tmp_9" to="StgValue_91" fromId="88" toId="91">
</dataflow>
<dataflow id="393" from="dct_1d" to="StgValue_92" fromId="204" toId="92">
</dataflow>
<dataflow id="394" from="col_inbuf_0" to="StgValue_92" fromId="14" toId="92">
</dataflow>
<dataflow id="395" from="col_inbuf_1" to="StgValue_92" fromId="15" toId="92">
</dataflow>
<dataflow id="396" from="col_inbuf_2" to="StgValue_92" fromId="16" toId="92">
</dataflow>
<dataflow id="397" from="col_inbuf_3" to="StgValue_92" fromId="17" toId="92">
</dataflow>
<dataflow id="398" from="col_inbuf_4" to="StgValue_92" fromId="18" toId="92">
</dataflow>
<dataflow id="399" from="col_inbuf_5" to="StgValue_92" fromId="19" toId="92">
</dataflow>
<dataflow id="400" from="col_inbuf_6" to="StgValue_92" fromId="20" toId="92">
</dataflow>
<dataflow id="401" from="col_inbuf_7" to="StgValue_92" fromId="21" toId="92">
</dataflow>
<dataflow id="402" from="i_2" to="StgValue_92" fromId="87" toId="92">
</dataflow>
<dataflow id="403" from="col_outbuf" to="StgValue_92" fromId="13" toId="92">
</dataflow>
<dataflow id="404" from="i_2" to="StgValue_92" fromId="87" toId="92">
</dataflow>
<dataflow id="405" from="dct_coeff_table_0" to="StgValue_92" fromId="167" toId="92">
</dataflow>
<dataflow id="406" from="dct_coeff_table_1" to="StgValue_92" fromId="168" toId="92">
</dataflow>
<dataflow id="407" from="dct_coeff_table_2" to="StgValue_92" fromId="169" toId="92">
</dataflow>
<dataflow id="408" from="dct_coeff_table_3" to="StgValue_92" fromId="170" toId="92">
</dataflow>
<dataflow id="409" from="dct_coeff_table_4" to="StgValue_92" fromId="171" toId="92">
</dataflow>
<dataflow id="410" from="dct_coeff_table_5" to="StgValue_92" fromId="172" toId="92">
</dataflow>
<dataflow id="411" from="dct_coeff_table_6" to="StgValue_92" fromId="173" toId="92">
</dataflow>
<dataflow id="412" from="dct_coeff_table_7" to="StgValue_92" fromId="174" toId="92">
</dataflow>
<dataflow id="413" from="_ssdm_op_SpecLoopName" to="StgValue_94" fromId="225" toId="94">
</dataflow>
<dataflow id="415" from="p_str7" to="StgValue_94" fromId="414" toId="94">
</dataflow>
<dataflow id="416" from="dct_1d" to="StgValue_95" fromId="204" toId="95">
</dataflow>
<dataflow id="417" from="col_inbuf_0" to="StgValue_95" fromId="14" toId="95">
</dataflow>
<dataflow id="418" from="col_inbuf_1" to="StgValue_95" fromId="15" toId="95">
</dataflow>
<dataflow id="419" from="col_inbuf_2" to="StgValue_95" fromId="16" toId="95">
</dataflow>
<dataflow id="420" from="col_inbuf_3" to="StgValue_95" fromId="17" toId="95">
</dataflow>
<dataflow id="421" from="col_inbuf_4" to="StgValue_95" fromId="18" toId="95">
</dataflow>
<dataflow id="422" from="col_inbuf_5" to="StgValue_95" fromId="19" toId="95">
</dataflow>
<dataflow id="423" from="col_inbuf_6" to="StgValue_95" fromId="20" toId="95">
</dataflow>
<dataflow id="424" from="col_inbuf_7" to="StgValue_95" fromId="21" toId="95">
</dataflow>
<dataflow id="425" from="i_2" to="StgValue_95" fromId="87" toId="95">
</dataflow>
<dataflow id="426" from="col_outbuf" to="StgValue_95" fromId="13" toId="95">
</dataflow>
<dataflow id="427" from="i_2" to="StgValue_95" fromId="87" toId="95">
</dataflow>
<dataflow id="428" from="dct_coeff_table_0" to="StgValue_95" fromId="167" toId="95">
</dataflow>
<dataflow id="429" from="dct_coeff_table_1" to="StgValue_95" fromId="168" toId="95">
</dataflow>
<dataflow id="430" from="dct_coeff_table_2" to="StgValue_95" fromId="169" toId="95">
</dataflow>
<dataflow id="431" from="dct_coeff_table_3" to="StgValue_95" fromId="170" toId="95">
</dataflow>
<dataflow id="432" from="dct_coeff_table_4" to="StgValue_95" fromId="171" toId="95">
</dataflow>
<dataflow id="433" from="dct_coeff_table_5" to="StgValue_95" fromId="172" toId="95">
</dataflow>
<dataflow id="434" from="dct_coeff_table_6" to="StgValue_95" fromId="173" toId="95">
</dataflow>
<dataflow id="435" from="dct_coeff_table_7" to="StgValue_95" fromId="174" toId="95">
</dataflow>
<dataflow id="436" from="indvar_flatten_next1" to="indvar_flatten1" fromId="101" toId="97">
<BackEdge/>
<condition id="165">
<or_exp><and_exp><literal name="exitcond_flatten1" val="0"/>
</and_exp></or_exp>
</condition>
</dataflow>
<dataflow id="437" from="StgValue_129" to="indvar_flatten1" fromId="129" toId="97">
<BackEdge/>
</dataflow>
<dataflow id="438" from="StgValue_251" to="indvar_flatten1" fromId="251" toId="97">
<condition id="166">
<or_exp><and_exp><literal name="tmp_9" val="1"/>
</and_exp></or_exp>
</condition>
</dataflow>
<dataflow id="439" from="StgValue_93" to="indvar_flatten1" fromId="93" toId="97">
</dataflow>
<dataflow id="440" from="j_1_cast9_mid2_v" to="j_1" fromId="106" toId="98">
<BackEdge/>
<condition id="167">
<or_exp><and_exp><literal name="exitcond_flatten1" val="0"/>
</and_exp></or_exp>
</condition>
</dataflow>
<dataflow id="441" from="StgValue_129" to="j_1" fromId="129" toId="98">
<BackEdge/>
</dataflow>
<dataflow id="442" from="StgValue_186" to="j_1" fromId="186" toId="98">
<condition id="168">
<or_exp><and_exp><literal name="tmp_9" val="1"/>
</and_exp></or_exp>
</condition>
</dataflow>
<dataflow id="443" from="StgValue_93" to="j_1" fromId="93" toId="98">
</dataflow>
<dataflow id="444" from="i_7" to="i_3" fromId="114" toId="99">
<BackEdge/>
<condition id="169">
<or_exp><and_exp><literal name="exitcond_flatten1" val="0"/>
</and_exp></or_exp>
</condition>
</dataflow>
<dataflow id="445" from="StgValue_129" to="i_3" fromId="129" toId="99">
<BackEdge/>
</dataflow>
<dataflow id="446" from="StgValue_186" to="i_3" fromId="186" toId="99">
<condition id="170">
<or_exp><and_exp><literal name="tmp_9" val="1"/>
</and_exp></or_exp>
</condition>
</dataflow>
<dataflow id="447" from="StgValue_93" to="i_3" fromId="93" toId="99">
</dataflow>
<dataflow id="448" from="indvar_flatten1" to="exitcond_flatten1" fromId="97" toId="100">
</dataflow>
<dataflow id="449" from="StgValue_263" to="exitcond_flatten1" fromId="263" toId="100">
</dataflow>
<dataflow id="450" from="indvar_flatten1" to="indvar_flatten_next1" fromId="97" toId="101">
</dataflow>
<dataflow id="451" from="StgValue_266" to="indvar_flatten_next1" fromId="266" toId="101">
</dataflow>
<dataflow id="452" from="exitcond_flatten1" to="StgValue_102" fromId="100" toId="102">
</dataflow>
<dataflow id="453" from="j_1" to="j_3" fromId="98" toId="103">
</dataflow>
<dataflow id="454" from="StgValue_201" to="j_3" fromId="201" toId="103">
</dataflow>
<dataflow id="455" from="i_3" to="tmp_s" fromId="99" toId="104">
</dataflow>
<dataflow id="456" from="StgValue_192" to="tmp_s" fromId="192" toId="104">
</dataflow>
<dataflow id="457" from="tmp_s" to="i_3_mid2" fromId="104" toId="105">
</dataflow>
<dataflow id="458" from="StgValue_186" to="i_3_mid2" fromId="186" toId="105">
</dataflow>
<dataflow id="459" from="i_3" to="i_3_mid2" fromId="99" toId="105">
</dataflow>
<dataflow id="460" from="tmp_s" to="j_1_cast9_mid2_v" fromId="104" toId="106">
</dataflow>
<dataflow id="461" from="j_3" to="j_1_cast9_mid2_v" fromId="103" toId="106">
</dataflow>
<dataflow id="462" from="j_1" to="j_1_cast9_mid2_v" fromId="98" toId="106">
</dataflow>
<dataflow id="463" from="j_1_cast9_mid2_v" to="j_1_cast9_mid2_cast" fromId="106" toId="107">
</dataflow>
<dataflow id="464" from="_ssdm_op_BitConcatenate.i7.i4.i3" to="tmp_10" fromId="280" toId="108">
</dataflow>
<dataflow id="465" from="i_3_mid2" to="tmp_10" fromId="105" toId="108">
</dataflow>
<dataflow id="466" from="StgValue_283" to="tmp_10" fromId="283" toId="108">
</dataflow>
<dataflow id="467" from="tmp_10" to="tmp_14_cast" fromId="108" toId="109">
</dataflow>
<dataflow id="468" from="j_1_cast9_mid2_cast" to="tmp_11" fromId="107" toId="110">
</dataflow>
<dataflow id="469" from="tmp_14_cast" to="tmp_11" fromId="109" toId="110">
</dataflow>
<dataflow id="470" from="tmp_11" to="tmp_15_cast" fromId="110" toId="111">
</dataflow>
<dataflow id="471" from="col_outbuf" to="col_outbuf_addr" fromId="13" toId="112">
</dataflow>
<dataflow id="472" from="StgValue_290" to="col_outbuf_addr" fromId="290" toId="112">
</dataflow>
<dataflow id="473" from="tmp_15_cast" to="col_outbuf_addr" fromId="111" toId="112">
</dataflow>
<dataflow id="474" from="col_outbuf_addr" to="col_outbuf_load" fromId="112" toId="113">
</dataflow>
<dataflow id="475" from="i_3_mid2" to="i_7" fromId="105" toId="114">
</dataflow>
<dataflow id="476" from="StgValue_201" to="i_7" fromId="201" toId="114">
</dataflow>
<dataflow id="477" from="_ssdm_op_SpecLoopName" to="StgValue_115" fromId="225" toId="115">
</dataflow>
<dataflow id="479" from="Xpose_Col_Outer_Loop" to="StgValue_115" fromId="478" toId="115">
</dataflow>
<dataflow id="480" from="_ssdm_op_SpecLoopTripCount" to="empty_10" fromId="194" toId="116">
</dataflow>
<dataflow id="481" from="StgValue_315" to="empty_10" fromId="315" toId="116">
</dataflow>
<dataflow id="482" from="StgValue_315" to="empty_10" fromId="315" toId="116">
</dataflow>
<dataflow id="483" from="StgValue_315" to="empty_10" fromId="315" toId="116">
</dataflow>
<dataflow id="484" from="_ssdm_op_BitConcatenate.i7.i4.i3" to="tmp_1" fromId="280" toId="117">
</dataflow>
<dataflow id="485" from="j_1_cast9_mid2_v" to="tmp_1" fromId="106" toId="117">
</dataflow>
<dataflow id="486" from="StgValue_283" to="tmp_1" fromId="283" toId="117">
</dataflow>
<dataflow id="487" from="tmp_1" to="tmp_11_cast" fromId="117" toId="118">
</dataflow>
<dataflow id="488" from="i_3_mid2" to="i_3_cast8_cast" fromId="105" toId="119">
</dataflow>
<dataflow id="489" from="i_3_cast8_cast" to="tmp_2" fromId="119" toId="120">
</dataflow>
<dataflow id="490" from="tmp_11_cast" to="tmp_2" fromId="118" toId="120">
</dataflow>
<dataflow id="491" from="tmp_2" to="tmp_12_cast" fromId="120" toId="121">
</dataflow>
<dataflow id="492" from="out_block" to="out_block_addr" fromId="166" toId="122">
</dataflow>
<dataflow id="493" from="StgValue_290" to="out_block_addr" fromId="290" toId="122">
</dataflow>
<dataflow id="494" from="tmp_12_cast" to="out_block_addr" fromId="121" toId="122">
</dataflow>
<dataflow id="495" from="_ssdm_op_SpecLoopName" to="StgValue_123" fromId="225" toId="123">
</dataflow>
<dataflow id="497" from="p_str9" to="StgValue_123" fromId="496" toId="123">
</dataflow>
<dataflow id="498" from="_ssdm_op_SpecRegionBegin" to="tmp_3" fromId="323" toId="124">
</dataflow>
<dataflow id="499" from="p_str9" to="tmp_3" fromId="496" toId="124">
</dataflow>
<dataflow id="500" from="_ssdm_op_SpecPipeline" to="StgValue_125" fromId="326" toId="125">
</dataflow>
<dataflow id="501" from="StgValue_328" to="StgValue_125" fromId="328" toId="125">
</dataflow>
<dataflow id="502" from="StgValue_175" to="StgValue_125" fromId="175" toId="125">
</dataflow>
<dataflow id="503" from="StgValue_175" to="StgValue_125" fromId="175" toId="125">
</dataflow>
<dataflow id="504" from="StgValue_290" to="StgValue_125" fromId="290" toId="125">
</dataflow>
<dataflow id="505" from="p_str1" to="StgValue_125" fromId="333" toId="125">
</dataflow>
<dataflow id="506" from="col_outbuf_addr" to="col_outbuf_load" fromId="112" toId="126">
</dataflow>
<dataflow id="507" from="col_outbuf_load" to="StgValue_127" fromId="126" toId="127">
</dataflow>
<dataflow id="508" from="out_block_addr" to="StgValue_127" fromId="122" toId="127">
</dataflow>
<dataflow id="509" from="_ssdm_op_SpecRegionEnd" to="empty_11" fromId="376" toId="128">
</dataflow>
<dataflow id="510" from="p_str9" to="empty_11" fromId="496" toId="128">
</dataflow>
<dataflow id="511" from="tmp_3" to="empty_11" fromId="124" toId="128">
</dataflow>
<dataflow id="512" from="tmp" to="StgValue_2" fromId="24" toId="2">
</dataflow>
<dataflow id="513" from="exitcond_flatten" to="StgValue_4" fromId="36" toId="4">
</dataflow>
<dataflow id="514" from="exitcond_flatten" to="StgValue_5" fromId="36" toId="5">
</dataflow>
<dataflow id="515" from="tmp_6" to="StgValue_5" fromId="50" toId="5">
</dataflow>
<dataflow id="516" from="tmp_9" to="StgValue_7" fromId="88" toId="7">
</dataflow>
<dataflow id="517" from="exitcond_flatten1" to="StgValue_9" fromId="100" toId="9">
</dataflow>
<dataflow id="518" from="exitcond_flatten1" to="StgValue_10" fromId="100" toId="10">
</dataflow>
<dataflow id="519" from="tmp" to="StgValue_4" fromId="24" toId="4">
</dataflow>
<dataflow id="520" from="tmp" to="StgValue_5" fromId="24" toId="5">
</dataflow>
<dataflow id="521" from="tmp_9" to="StgValue_9" fromId="88" toId="9">
</dataflow>
<dataflow id="522" from="tmp_9" to="StgValue_10" fromId="88" toId="10">
</dataflow>
</dataflows>


</stg>
